model,assignment,cell_group,question_id,round,emotion,personality,passed,total,role,sentiment_negative
qwen2_5_1_5b,shared54,worst,1873_A,0,anger,LLL,12,282,reviewer,0
qwen2_5_1_5b,shared54,worst,1873_D,0,anger,LLL,12,282,reviewer,0
qwen2_5_1_5b,shared54,worst,1883_B,0,anger,LLL,12,282,reviewer,0
qwen2_5_1_5b,shared54,worst,1883_C,0,anger,LLL,12,282,reviewer,0
qwen2_5_1_5b,shared54,worst,1899_B,0,anger,LLL,12,282,reviewer,0
qwen2_5_1_5b,shared54,worst,2777,0,anger,LLL,12,282,reviewer,0
qwen2_5_1_5b,shared54,worst,2784,0,anger,LLL,12,282,reviewer,0
qwen2_5_1_5b,shared54,worst,2784,1,anger,LLL,12,282,reviewer,0
qwen2_5_1_5b,shared54,worst,2784,2,anger,LLL,12,282,reviewer,0
qwen2_5_1_5b,shared54,worst,2808,0,anger,LLL,12,282,reviewer,0
qwen2_5_1_5b,shared54,worst,2811,0,anger,LLL,12,282,reviewer,0
qwen2_5_1_5b,shared54,worst,2812,0,anger,LLL,12,282,reviewer,0
qwen2_5_1_5b,shared54,worst,2816,0,anger,LLL,12,282,reviewer,0
qwen2_5_1_5b,shared54,worst,2817,0,anger,LLL,12,282,reviewer,0
qwen2_5_1_5b,shared54,worst,2825,0,anger,LLL,12,282,reviewer,1
qwen2_5_1_5b,shared54,worst,2833,0,anger,LLL,12,282,reviewer,0
qwen2_5_1_5b,shared54,worst,2833,1,anger,LLL,12,282,reviewer,0
qwen2_5_1_5b,shared54,worst,2833,2,anger,LLL,12,282,reviewer,0
qwen2_5_1_5b,shared54,worst,2847,0,anger,LLL,12,282,reviewer,0
qwen2_5_1_5b,shared54,worst,2849,0,anger,LLL,12,282,reviewer,0
qwen2_5_1_5b,shared54,worst,2868,0,anger,LLL,12,282,reviewer,0
qwen2_5_1_5b,shared54,worst,2870,0,anger,LLL,12,282,reviewer,0
qwen2_5_1_5b,shared54,worst,2882,0,anger,LLL,12,282,reviewer,0
qwen2_5_1_5b,shared54,worst,2886,0,anger,LLL,12,282,reviewer,1
qwen2_5_1_5b,shared54,worst,2886,1,anger,LLL,12,282,reviewer,0
qwen2_5_1_5b,shared54,worst,2902,0,anger,LLL,12,282,reviewer,0
qwen2_5_1_5b,shared54,worst,2915,0,anger,LLL,12,282,reviewer,0
qwen2_5_1_5b,shared54,worst,2919,0,anger,LLL,12,282,reviewer,1
qwen2_5_1_5b,shared54,worst,2921,0,anger,LLL,12,282,reviewer,0
qwen2_5_1_5b,shared54,worst,2952,0,anger,LLL,12,282,reviewer,0
qwen2_5_1_5b,shared54,worst,2954,0,anger,LLL,12,282,reviewer,1
qwen2_5_1_5b,shared54,worst,2954,1,anger,LLL,12,282,reviewer,0
qwen2_5_1_5b,shared54,worst,2955,0,anger,LLL,12,282,reviewer,0
qwen2_5_1_5b,shared54,worst,2955,1,anger,LLL,12,282,reviewer,0
qwen2_5_1_5b,shared54,worst,2977,0,anger,LLL,12,282,reviewer,0
qwen2_5_1_5b,shared54,worst,2998,0,anger,LLL,12,282,reviewer,0
qwen2_5_1_5b,shared54,worst,3024,0,anger,LLL,12,282,reviewer,1
qwen2_5_1_5b,shared54,worst,3025,0,anger,LLL,12,282,reviewer,0
qwen2_5_1_5b,shared54,worst,3032,0,anger,LLL,12,282,reviewer,0
qwen2_5_1_5b,shared54,worst,3044,0,anger,LLL,12,282,reviewer,0
qwen2_5_1_5b,shared54,worst,3055,0,anger,LLL,12,282,reviewer,0
qwen2_5_1_5b,shared54,worst,3055,1,anger,LLL,12,282,reviewer,0
qwen2_5_1_5b,shared54,worst,3166,0,anger,LLL,12,282,reviewer,0
qwen2_5_1_5b,shared54,worst,3188,0,anger,LLL,12,282,reviewer,0
qwen2_5_1_5b,shared54,worst,3192,0,anger,LLL,12,282,reviewer,0
qwen2_5_1_5b,shared54,worst,3193,0,anger,LLL,12,282,reviewer,0
qwen2_5_1_5b,shared54,worst,3193,1,anger,LLL,12,282,reviewer,0
qwen2_5_1_5b,shared54,worst,3195,0,anger,LLL,12,282,reviewer,0
qwen2_5_1_5b,shared54,worst,3195,1,anger,LLL,12,282,reviewer,0
qwen2_5_1_5b,shared54,worst,3203,0,anger,LLL,12,282,reviewer,0
qwen2_5_1_5b,shared54,worst,3213,0,anger,LLL,12,282,reviewer,0
qwen2_5_1_5b,shared54,worst,3220,0,anger,LLL,12,282,reviewer,0
qwen2_5_1_5b,shared54,worst,3223,0,anger,LLL,12,282,reviewer,0
qwen2_5_1_5b,shared54,worst,3223,1,anger,LLL,12,282,reviewer,0
qwen2_5_1_5b,shared54,worst,3223,2,anger,LLL,12,282,reviewer,0
qwen2_5_1_5b,shared54,worst,3225,0,anger,LLL,12,282,reviewer,0
qwen2_5_1_5b,shared54,worst,3229,0,anger,LLL,12,282,reviewer,0
qwen2_5_1_5b,shared54,worst,3243,0,anger,LLL,12,282,reviewer,0
qwen2_5_1_5b,shared54,worst,3246,0,anger,LLL,12,282,reviewer,1
qwen2_5_1_5b,shared54,worst,3246,1,anger,LLL,12,282,reviewer,0
qwen2_5_1_5b,shared54,worst,3249,0,anger,LLL,12,282,reviewer,0
qwen2_5_1_5b,shared54,worst,3249,1,anger,LLL,12,282,reviewer,0
qwen2_5_1_5b,shared54,worst,3251,0,anger,LLL,12,282,reviewer,1
qwen2_5_1_5b,shared54,worst,3251,1,anger,LLL,12,282,reviewer,0
qwen2_5_1_5b,shared54,worst,3261,0,anger,LLL,12,282,reviewer,0
qwen2_5_1_5b,shared54,worst,3263,0,anger,LLL,12,282,reviewer,0
qwen2_5_1_5b,shared54,worst,3263,1,anger,LLL,12,282,reviewer,0
qwen2_5_1_5b,shared54,worst,3265,0,anger,LLL,12,282,reviewer,0
qwen2_5_1_5b,shared54,worst,3269,0,anger,LLL,12,282,reviewer,0
qwen2_5_1_5b,shared54,worst,3298,0,anger,LLL,12,282,reviewer,1
qwen2_5_1_5b,shared54,worst,3298,1,anger,LLL,12,282,reviewer,0
qwen2_5_1_5b,shared54,worst,3312,0,anger,LLL,12,282,reviewer,0
qwen2_5_1_5b,shared54,worst,3324,0,anger,LLL,12,282,reviewer,1
qwen2_5_1_5b,shared54,worst,3329,0,anger,LLL,12,282,reviewer,0
qwen2_5_1_5b,shared54,worst,3345,0,anger,LLL,12,282,reviewer,0
qwen2_5_1_5b,shared54,worst,3345,1,anger,LLL,12,282,reviewer,0
qwen2_5_1_5b,shared54,worst,3345,2,anger,LLL,12,282,reviewer,0
qwen2_5_1_5b,shared54,worst,3362,0,anger,LLL,12,282,reviewer,0
qwen2_5_1_5b,shared54,worst,3362,1,anger,LLL,12,282,reviewer,0
qwen2_5_1_5b,shared54,worst,3362,2,anger,LLL,12,282,reviewer,0
qwen2_5_1_5b,shared54,worst,3388,0,anger,LLL,12,282,reviewer,0
qwen2_5_1_5b,shared54,worst,3394,0,anger,LLL,12,282,reviewer,0
qwen2_5_1_5b,shared54,worst,3402,0,anger,LLL,12,282,reviewer,0
qwen2_5_1_5b,shared54,worst,3402,1,anger,LLL,12,282,reviewer,0
qwen2_5_1_5b,shared54,worst,3402,2,anger,LLL,12,282,reviewer,0
qwen2_5_1_5b,shared54,worst,3408,0,anger,LLL,12,282,reviewer,0
qwen2_5_1_5b,shared54,worst,3412,0,anger,LLL,12,282,reviewer,0
qwen2_5_1_5b,shared54,worst,3421,0,anger,LLL,12,282,reviewer,0
qwen2_5_1_5b,shared54,worst,3426,0,anger,LLL,12,282,reviewer,0
qwen2_5_1_5b,shared54,worst,3464,0,anger,LLL,12,282,reviewer,0
qwen2_5_1_5b,shared54,worst,3464,1,anger,LLL,12,282,reviewer,0
qwen2_5_1_5b,shared54,worst,3471,0,anger,LLL,12,282,reviewer,0
qwen2_5_1_5b,shared54,worst,3476,0,anger,LLL,12,282,reviewer,0
qwen2_5_1_5b,shared54,worst,3478,0,anger,LLL,12,282,reviewer,0
qwen2_5_1_5b,shared54,worst,3490,0,anger,LLL,12,282,reviewer,0
qwen2_5_1_5b,shared54,worst,3495,0,anger,LLL,12,282,reviewer,0
qwen2_5_1_5b,shared54,worst,3496,0,anger,LLL,12,282,reviewer,1
qwen2_5_1_5b,shared54,worst,3496,1,anger,LLL,12,282,reviewer,1
qwen2_5_1_5b,shared54,worst,3496,2,anger,LLL,12,282,reviewer,1
qwen2_5_1_5b,shared54,worst,3510,0,anger,LLL,12,282,reviewer,1
qwen2_5_1_5b,shared54,worst,3510,1,anger,LLL,12,282,reviewer,1
qwen2_5_1_5b,shared54,worst,3510,2,anger,LLL,12,282,reviewer,0
qwen2_5_1_5b,shared54,worst,3515,0,anger,LLL,12,282,reviewer,0
qwen2_5_1_5b,shared54,worst,3517,0,anger,LLL,12,282,reviewer,1
qwen2_5_1_5b,shared54,worst,3517,1,anger,LLL,12,282,reviewer,0
qwen2_5_1_5b,shared54,worst,3517,2,anger,LLL,12,282,reviewer,0
qwen2_5_1_5b,shared54,worst,3518,0,anger,LLL,12,282,reviewer,0
qwen2_5_1_5b,shared54,worst,3518,1,anger,LLL,12,282,reviewer,0
qwen2_5_1_5b,shared54,worst,3527,0,anger,LLL,12,282,reviewer,0
qwen2_5_1_5b,shared54,worst,3534,0,anger,LLL,12,282,reviewer,1
qwen2_5_1_5b,shared54,worst,3534,1,anger,LLL,12,282,reviewer,0
qwen2_5_1_5b,shared54,worst,3535,0,anger,LLL,12,282,reviewer,1
qwen2_5_1_5b,shared54,worst,3535,1,anger,LLL,12,282,reviewer,0
qwen2_5_1_5b,shared54,worst,3551,0,anger,LLL,12,282,reviewer,1
qwen2_5_1_5b,shared54,worst,3555,0,anger,LLL,12,282,reviewer,1
qwen2_5_1_5b,shared54,worst,3559,0,anger,LLL,12,282,reviewer,0
qwen2_5_1_5b,shared54,worst,3560,0,anger,LLL,12,282,reviewer,0
qwen2_5_1_5b,shared54,worst,3567,0,anger,LLL,12,282,reviewer,0
qwen2_5_1_5b,shared54,worst,3567,1,anger,LLL,12,282,reviewer,0
qwen2_5_1_5b,shared54,worst,3567,2,anger,LLL,12,282,reviewer,0
qwen2_5_1_5b,shared54,worst,3571,0,anger,LLL,12,282,reviewer,0
qwen2_5_1_5b,shared54,worst,3571,1,anger,LLL,12,282,reviewer,0
qwen2_5_1_5b,shared54,worst,3603,0,anger,LLL,12,282,reviewer,0
qwen2_5_1_5b,shared54,worst,3603,1,anger,LLL,12,282,reviewer,0
qwen2_5_1_5b,shared54,worst,3605,0,anger,LLL,12,282,reviewer,0
qwen2_5_1_5b,shared54,worst,3607,0,anger,LLL,12,282,reviewer,0
qwen2_5_1_5b,shared54,worst,3621,0,anger,LLL,12,282,reviewer,0
qwen2_5_1_5b,shared54,worst,3629,0,anger,LLL,12,282,reviewer,1
qwen2_5_1_5b,shared54,worst,3629,1,anger,LLL,12,282,reviewer,0
qwen2_5_1_5b,shared54,worst,3637,0,anger,LLL,12,282,reviewer,0
qwen2_5_1_5b,shared54,worst,3647,0,anger,LLL,12,282,reviewer,0
qwen2_5_1_5b,shared54,worst,3648,0,anger,LLL,12,282,reviewer,0
qwen2_5_1_5b,shared54,worst,3648,1,anger,LLL,12,282,reviewer,0
qwen2_5_1_5b,shared54,worst,3649,0,anger,LLL,12,282,reviewer,0
qwen2_5_1_5b,shared54,worst,3657,0,anger,LLL,12,282,reviewer,0
qwen2_5_1_5b,shared54,worst,3674,0,anger,LLL,12,282,reviewer,0
qwen2_5_1_5b,shared54,worst,3676,0,anger,LLL,12,282,reviewer,0
qwen2_5_1_5b,shared54,worst,3680,0,anger,LLL,12,282,reviewer,1
qwen2_5_1_5b,shared54,worst,3680,1,anger,LLL,12,282,reviewer,0
qwen2_5_1_5b,shared54,worst,3680,2,anger,LLL,12,282,reviewer,0
qwen2_5_1_5b,shared54,worst,3683,0,anger,LLL,12,282,reviewer,0
qwen2_5_1_5b,shared54,worst,3686,0,anger,LLL,12,282,reviewer,0
qwen2_5_1_5b,shared54,worst,3696,0,anger,LLL,12,282,reviewer,0
qwen2_5_1_5b,shared54,worst,3696,1,anger,LLL,12,282,reviewer,0
qwen2_5_1_5b,shared54,worst,3700,0,anger,LLL,12,282,reviewer,0
qwen2_5_1_5b,shared54,worst,3700,1,anger,LLL,12,282,reviewer,0
qwen2_5_1_5b,shared54,worst,3700,2,anger,LLL,12,282,reviewer,0
qwen2_5_1_5b,shared54,worst,3702,0,anger,LLL,12,282,reviewer,0
qwen2_5_1_5b,shared54,worst,3702,1,anger,LLL,12,282,reviewer,0
qwen2_5_1_5b,shared54,worst,3702,2,anger,LLL,12,282,reviewer,0
qwen2_5_1_5b,shared54,worst,3704,0,anger,LLL,12,282,reviewer,0
qwen2_5_1_5b,shared54,worst,3709,0,anger,LLL,12,282,reviewer,0
qwen2_5_1_5b,shared54,worst,3714,0,anger,LLL,12,282,reviewer,0
qwen2_5_1_5b,shared54,worst,3714,1,anger,LLL,12,282,reviewer,0
qwen2_5_1_5b,shared54,worst,3722,0,anger,LLL,12,282,reviewer,0
qwen2_5_1_5b,shared54,worst,3722,1,anger,LLL,12,282,reviewer,0
qwen2_5_1_5b,shared54,worst,3722,2,anger,LLL,12,282,reviewer,0
qwen2_5_1_5b,shared54,worst,3731,0,anger,LLL,12,282,reviewer,0
qwen2_5_1_5b,shared54,worst,3736,0,anger,LLL,12,282,reviewer,1
qwen2_5_1_5b,shared54,worst,3736,1,anger,LLL,12,282,reviewer,0
qwen2_5_1_5b,shared54,worst,3743,0,anger,LLL,12,282,reviewer,0
qwen2_5_1_5b,shared54,worst,3744,0,anger,LLL,12,282,reviewer,0
qwen2_5_1_5b,shared54,worst,3751,0,anger,LLL,12,282,reviewer,0
qwen2_5_1_5b,shared54,worst,3751,1,anger,LLL,12,282,reviewer,0
qwen2_5_1_5b,shared54,worst,3751,2,anger,LLL,12,282,reviewer,0
qwen2_5_1_5b,shared54,worst,3771,0,anger,LLL,12,282,reviewer,0
qwen2_5_1_5b,shared54,worst,3785,0,anger,LLL,12,282,reviewer,0
qwen2_5_1_5b,shared54,worst,3786,0,anger,LLL,12,282,reviewer,0
qwen2_5_1_5b,shared54,worst,3793,0,anger,LLL,12,282,reviewer,0
qwen2_5_1_5b,shared54,worst,3793,1,anger,LLL,12,282,reviewer,0
qwen2_5_1_5b,shared54,worst,abc301_b,0,anger,LLL,12,282,reviewer,0
qwen2_5_1_5b,shared54,worst,abc301_e,0,anger,LLL,12,282,reviewer,0
qwen2_5_1_5b,shared54,worst,abc302_e,0,anger,LLL,12,282,reviewer,0
qwen2_5_1_5b,shared54,worst,abc303_a,0,anger,LLL,12,282,reviewer,1
qwen2_5_1_5b,shared54,worst,abc303_b,0,anger,LLL,12,282,reviewer,0
qwen2_5_1_5b,shared54,worst,abc303_d,0,anger,LLL,12,282,reviewer,0
qwen2_5_1_5b,shared54,worst,abc303_e,0,anger,LLL,12,282,reviewer,0
qwen2_5_1_5b,shared54,worst,abc304_a,0,anger,LLL,12,282,reviewer,1
qwen2_5_1_5b,shared54,worst,abc307_a,0,anger,LLL,12,282,reviewer,0
qwen2_5_1_5b,shared54,worst,abc307_b,0,anger,LLL,12,282,reviewer,0
qwen2_5_1_5b,shared54,worst,abc309_c,0,anger,LLL,12,282,reviewer,0
qwen2_5_1_5b,shared54,worst,abc309_d,0,anger,LLL,12,282,reviewer,1
qwen2_5_1_5b,shared54,worst,abc309_e,0,anger,LLL,12,282,reviewer,0
qwen2_5_1_5b,shared54,worst,abc309_e,1,anger,LLL,12,282,reviewer,0
qwen2_5_1_5b,shared54,worst,abc310_b,0,anger,LLL,12,282,reviewer,0
qwen2_5_1_5b,shared54,worst,abc310_c,0,anger,LLL,12,282,reviewer,0
qwen2_5_1_5b,shared54,worst,abc310_f,0,anger,LLL,12,282,reviewer,0
qwen2_5_1_5b,shared54,worst,abc310_f,1,anger,LLL,12,282,reviewer,0
qwen2_5_1_5b,shared54,worst,abc311_b,0,anger,LLL,12,282,reviewer,0
qwen2_5_1_5b,shared54,worst,abc311_b,1,anger,LLL,12,282,reviewer,0
qwen2_5_1_5b,shared54,worst,abc312_e,0,anger,LLL,12,282,reviewer,0
qwen2_5_1_5b,shared54,worst,abc312_f,0,anger,LLL,12,282,reviewer,0
qwen2_5_1_5b,shared54,worst,abc313_a,0,anger,LLL,12,282,reviewer,0
qwen2_5_1_5b,shared54,worst,abc313_a,1,anger,LLL,12,282,reviewer,0
qwen2_5_1_5b,shared54,worst,abc315_b,0,anger,LLL,12,282,reviewer,0
qwen2_5_1_5b,shared54,worst,abc315_c,0,anger,LLL,12,282,reviewer,0
qwen2_5_1_5b,shared54,worst,abc315_d,0,anger,LLL,12,282,reviewer,1
qwen2_5_1_5b,shared54,worst,abc318_b,0,anger,LLL,12,282,reviewer,0
qwen2_5_1_5b,shared54,worst,abc318_b,1,anger,LLL,12,282,reviewer,0
qwen2_5_1_5b,shared54,worst,abc318_d,0,anger,LLL,12,282,reviewer,0
qwen2_5_1_5b,shared54,worst,abc318_d,1,anger,LLL,12,282,reviewer,0
qwen2_5_1_5b,shared54,worst,abc318_d,2,anger,LLL,12,282,reviewer,0
qwen2_5_1_5b,shared54,worst,abc319_c,0,anger,LLL,12,282,reviewer,0
qwen2_5_1_5b,shared54,worst,abc320_e,0,anger,LLL,12,282,reviewer,0
qwen2_5_1_5b,shared54,worst,abc321_b,0,anger,LLL,12,282,reviewer,0
qwen2_5_1_5b,shared54,worst,abc321_b,1,anger,LLL,12,282,reviewer,0
qwen2_5_1_5b,shared54,worst,abc321_c,0,anger,LLL,12,282,reviewer,0
qwen2_5_1_5b,shared54,worst,abc322_c,0,anger,LLL,12,282,reviewer,0
qwen2_5_1_5b,shared54,worst,abc322_c,1,anger,LLL,12,282,reviewer,0
qwen2_5_1_5b,shared54,worst,abc324_a,0,anger,LLL,12,282,reviewer,0
qwen2_5_1_5b,shared54,worst,abc324_a,1,anger,LLL,12,282,reviewer,1
qwen2_5_1_5b,shared54,worst,abc324_a,2,anger,LLL,12,282,reviewer,0
qwen2_5_1_5b,shared54,worst,abc324_b,0,anger,LLL,12,282,reviewer,0
qwen2_5_1_5b,shared54,worst,abc325_b,0,anger,LLL,12,282,reviewer,0
qwen2_5_1_5b,shared54,worst,abc325_e,0,anger,LLL,12,282,reviewer,0
qwen2_5_1_5b,shared54,worst,abc326_d,0,anger,LLL,12,282,reviewer,0
qwen2_5_1_5b,shared54,worst,abc327_a,0,anger,LLL,12,282,reviewer,0
qwen2_5_1_5b,shared54,worst,abc327_c,0,anger,LLL,12,282,reviewer,0
qwen2_5_1_5b,shared54,worst,abc328_b,0,anger,LLL,12,282,reviewer,0
qwen2_5_1_5b,shared54,worst,abc328_b,1,anger,LLL,12,282,reviewer,0
qwen2_5_1_5b,shared54,worst,abc328_d,0,anger,LLL,12,282,reviewer,1
qwen2_5_1_5b,shared54,worst,abc329_b,0,anger,LLL,12,282,reviewer,0
qwen2_5_1_5b,shared54,worst,abc329_f,0,anger,LLL,12,282,reviewer,0
qwen2_5_1_5b,shared54,worst,abc329_f,1,anger,LLL,12,282,reviewer,0
qwen2_5_1_5b,shared54,worst,abc330_d,0,anger,LLL,12,282,reviewer,0
qwen2_5_1_5b,shared54,worst,abc331_c,0,anger,LLL,12,282,reviewer,0
qwen2_5_1_5b,shared54,worst,abc331_e,0,anger,LLL,12,282,reviewer,0
qwen2_5_1_5b,shared54,worst,abc333_a,0,anger,LLL,12,282,reviewer,0
qwen2_5_1_5b,shared54,worst,abc333_a,1,anger,LLL,12,282,reviewer,0
qwen2_5_1_5b,shared54,worst,abc333_a,2,anger,LLL,12,282,reviewer,0
qwen2_5_1_5b,shared54,worst,abc333_d,0,anger,LLL,12,282,reviewer,0
qwen2_5_1_5b,shared54,worst,abc335_c,0,anger,LLL,12,282,reviewer,0
qwen2_5_1_5b,shared54,worst,abc335_c,1,anger,LLL,12,282,reviewer,0
qwen2_5_1_5b,shared54,worst,abc337_b,0,anger,LLL,12,282,reviewer,1
qwen2_5_1_5b,shared54,worst,abc337_d,0,anger,LLL,12,282,reviewer,0
qwen2_5_1_5b,shared54,worst,abc338_a,0,anger,LLL,12,282,reviewer,1
qwen2_5_1_5b,shared54,worst,abc338_a,1,anger,LLL,12,282,reviewer,0
qwen2_5_1_5b,shared54,worst,abc338_e,0,anger,LLL,12,282,reviewer,0
qwen2_5_1_5b,shared54,worst,abc339_b,0,anger,LLL,12,282,reviewer,0
qwen2_5_1_5b,shared54,worst,abc339_b,1,anger,LLL,12,282,reviewer,0
qwen2_5_1_5b,shared54,worst,abc339_b,2,anger,LLL,12,282,reviewer,0
qwen2_5_1_5b,shared54,worst,abc339_d,0,anger,LLL,12,282,reviewer,0
qwen2_5_1_5b,shared54,worst,abc340_d,0,anger,LLL,12,282,reviewer,0
qwen2_5_1_5b,shared54,worst,abc341_b,0,anger,LLL,12,282,reviewer,0
qwen2_5_1_5b,shared54,worst,abc341_c,0,anger,LLL,12,282,reviewer,0
qwen2_5_1_5b,shared54,worst,abc341_c,1,anger,LLL,12,282,reviewer,0
qwen2_5_1_5b,shared54,worst,abc341_d,0,anger,LLL,12,282,reviewer,1
qwen2_5_1_5b,shared54,worst,abc341_f,0,anger,LLL,12,282,reviewer,0
qwen2_5_1_5b,shared54,worst,abc342_a,0,anger,LLL,12,282,reviewer,0
qwen2_5_1_5b,shared54,worst,abc342_b,0,anger,LLL,12,282,reviewer,0
qwen2_5_1_5b,shared54,worst,abc342_d,0,anger,LLL,12,282,reviewer,0
qwen2_5_1_5b,shared54,worst,abc343_d,0,anger,LLL,12,282,reviewer,1
qwen2_5_1_5b,shared54,worst,abc343_d,1,anger,LLL,12,282,reviewer,0
qwen2_5_1_5b,shared54,worst,abc343_d,2,anger,LLL,12,282,reviewer,0
qwen2_5_1_5b,shared54,worst,abc345_b,0,anger,LLL,12,282,reviewer,0
qwen2_5_1_5b,shared54,worst,abc345_b,1,anger,LLL,12,282,reviewer,0
qwen2_5_1_5b,shared54,worst,abc345_d,0,anger,LLL,12,282,reviewer,0
qwen2_5_1_5b,shared54,worst,abc346_b,0,anger,LLL,12,282,reviewer,0
qwen2_5_1_5b,shared54,worst,abc347_a,0,anger,LLL,12,282,reviewer,0
qwen2_5_1_5b,shared54,worst,abc348_a,0,anger,LLL,12,282,reviewer,0
qwen2_5_1_5b,shared54,worst,abc348_c,0,anger,LLL,12,282,reviewer,0
qwen2_5_1_5b,shared54,worst,abc349_c,0,anger,LLL,12,282,reviewer,0
qwen2_5_1_5b,shared54,worst,abc349_c,1,anger,LLL,12,282,reviewer,0
qwen2_5_1_5b,shared54,worst,abc349_d,0,anger,LLL,12,282,reviewer,0
qwen2_5_1_5b,shared54,worst,abc349_e,0,anger,LLL,12,282,reviewer,0
qwen2_5_1_5b,shared54,worst,abc351_a,0,anger,LLL,12,282,reviewer,0
qwen2_5_1_5b,shared54,worst,abc352_b,0,anger,LLL,12,282,reviewer,0
qwen2_5_1_5b,shared54,worst,abc352_e,0,anger,LLL,12,282,reviewer,0
qwen2_5_1_5b,shared54,worst,abc353_a,0,anger,LLL,12,282,reviewer,0
qwen2_5_1_5b,shared54,worst,abc354_a,0,anger,LLL,12,282,reviewer,1
qwen2_5_1_5b,shared54,worst,abc354_b,0,anger,LLL,12,282,reviewer,0
qwen2_5_1_5b,shared54,worst,abc354_c,0,anger,LLL,12,282,reviewer,0
qwen2_5_1_5b,shared54,worst,abc354_d,0,anger,LLL,12,282,reviewer,0
qwen2_5_1_5b,shared54,worst,abc354_d,1,anger,LLL,12,282,reviewer,0
qwen2_5_1_5b,shared54,worst,abc355_c,0,anger,LLL,12,282,reviewer,1
qwen2_5_1_5b,shared54,worst,abc355_d,0,anger,LLL,12,282,reviewer,0
qwen2_5_1_5b,shared54,worst,abc355_e,0,anger,LLL,12,282,reviewer,0
qwen2_5_1_5b,shared54,worst,abc356_e,0,anger,LLL,12,282,reviewer,0
qwen2_5_1_5b,shared54,worst,abc358_a,0,anger,LLL,12,282,reviewer,1
qwen2_5_1_5b,shared54,worst,abc358_a,1,anger,LLL,12,282,reviewer,0
qwen2_5_1_5b,shared54,worst,abc359_d,0,anger,LLL,12,282,reviewer,0
qwen2_5_1_5b,shared54,worst,abc360_a,0,anger,LLL,12,282,reviewer,1
qwen2_5_1_5b,shared54,worst,abc360_b,0,anger,LLL,12,282,reviewer,0
qwen2_5_1_5b,shared54,worst,abc360_c,0,anger,LLL,12,282,reviewer,0
qwen2_5_1_5b,shared54,worst,abc360_e,0,anger,LLL,12,282,reviewer,1
qwen2_5_1_5b,shared54,worst,abc363_e,0,anger,LLL,12,282,reviewer,0
qwen2_5_1_5b,shared54,worst,abc363_e,1,anger,LLL,12,282,reviewer,0
qwen2_5_1_5b,shared54,worst,abc364_f,0,anger,LLL,12,282,reviewer,1
qwen2_5_1_5b,shared54,worst,abc365_c,0,anger,LLL,12,282,reviewer,0
qwen2_5_1_5b,shared54,worst,abc365_d,0,anger,LLL,12,282,reviewer,0
qwen2_5_1_5b,shared54,worst,abc366_a,0,anger,LLL,12,282,reviewer,0
qwen2_5_1_5b,shared54,worst,abc366_c,0,anger,LLL,12,282,reviewer,0
qwen2_5_1_5b,shared54,worst,abc366_f,0,anger,LLL,12,282,reviewer,0
qwen2_5_1_5b,shared54,worst,abc366_f,1,anger,LLL,12,282,reviewer,0
qwen2_5_1_5b,shared54,worst,abc366_g,0,anger,LLL,12,282,reviewer,1
qwen2_5_1_5b,shared54,worst,abc367_a,0,anger,LLL,12,282,reviewer,0
qwen2_5_1_5b,shared54,worst,abc367_e,0,anger,LLL,12,282,reviewer,0
qwen2_5_1_5b,shared54,worst,abc368_c,0,anger,LLL,12,282,reviewer,0
qwen2_5_1_5b,shared54,worst,abc369_b,0,anger,LLL,12,282,reviewer,0
qwen2_5_1_5b,shared54,worst,abc369_c,0,anger,LLL,12,282,reviewer,0
qwen2_5_1_5b,shared54,worst,abc370_a,0,anger,LLL,12,282,reviewer,0
qwen2_5_1_5b,shared54,worst,abc370_b,0,anger,LLL,12,282,reviewer,0
qwen2_5_1_5b,shared54,worst,abc370_b,1,anger,LLL,12,282,reviewer,0
qwen2_5_1_5b,shared54,worst,abc371_d,0,anger,LLL,12,282,reviewer,0
qwen2_5_1_5b,shared54,worst,abc371_f,0,anger,LLL,12,282,reviewer,1
qwen2_5_1_5b,shared54,worst,abc372_d,0,anger,LLL,12,282,reviewer,0
qwen2_5_1_5b,shared54,worst,abc373_e,0,anger,LLL,12,282,reviewer,0
qwen2_5_1_5b,shared54,worst,abc374_g,0,anger,LLL,12,282,reviewer,0
qwen2_5_1_5b,shared54,worst,abc375_b,0,anger,LLL,12,282,reviewer,0
qwen2_5_1_5b,shared54,worst,abc375_b,1,anger,LLL,12,282,reviewer,0
qwen2_5_1_5b,shared54,worst,abc375_d,0,anger,LLL,12,282,reviewer,1
qwen2_5_1_5b,shared54,worst,abc375_d,1,anger,LLL,12,282,reviewer,0
qwen2_5_1_5b,shared54,worst,abc376_e,0,anger,LLL,12,282,reviewer,0
qwen2_5_1_5b,shared54,worst,abc376_f,0,anger,LLL,12,282,reviewer,0
qwen2_5_1_5b,shared54,worst,abc376_f,1,anger,LLL,12,282,reviewer,0
qwen2_5_1_5b,shared54,worst,abc377_b,0,anger,LLL,12,282,reviewer,0
qwen2_5_1_5b,shared54,worst,abc377_c,0,anger,LLL,12,282,reviewer,0
qwen2_5_1_5b,shared54,worst,abc377_e,0,anger,LLL,12,282,reviewer,0
qwen2_5_1_5b,shared54,worst,abc377_e,1,anger,LLL,12,282,reviewer,0
qwen2_5_1_5b,shared54,worst,abc379_a,0,anger,LLL,12,282,reviewer,0
qwen2_5_1_5b,shared54,worst,abc379_d,0,anger,LLL,12,282,reviewer,0
qwen2_5_1_5b,shared54,worst,abc379_g,0,anger,LLL,12,282,reviewer,0
qwen2_5_1_5b,shared54,worst,abc380_b,0,anger,LLL,12,282,reviewer,0
qwen2_5_1_5b,shared54,worst,abc380_d,0,anger,LLL,12,282,reviewer,0
qwen2_5_1_5b,shared54,worst,abc380_d,1,anger,LLL,12,282,reviewer,0
qwen2_5_1_5b,shared54,worst,abc381_a,0,anger,LLL,12,282,reviewer,0
qwen2_5_1_5b,shared54,worst,abc382_b,0,anger,LLL,12,282,reviewer,1
qwen2_5_1_5b,shared54,worst,abc382_b,1,anger,LLL,12,282,reviewer,0
qwen2_5_1_5b,shared54,worst,abc383_e,0,anger,LLL,12,282,reviewer,0
qwen2_5_1_5b,shared54,worst,abc383_e,1,anger,LLL,12,282,reviewer,0
qwen2_5_1_5b,shared54,worst,abc385_d,0,anger,LLL,12,282,reviewer,0
qwen2_5_1_5b,shared54,worst,abc385_d,1,anger,LLL,12,282,reviewer,0
qwen2_5_1_5b,shared54,worst,abc386_b,0,anger,LLL,12,282,reviewer,0
qwen2_5_1_5b,shared54,worst,abc386_c,0,anger,LLL,12,282,reviewer,0
qwen2_5_1_5b,shared54,worst,abc387_c,0,anger,LLL,12,282,reviewer,0
qwen2_5_1_5b,shared54,worst,abc388_f,0,anger,LLL,12,282,reviewer,0
qwen2_5_1_5b,shared54,worst,abc389_a,0,anger,LLL,12,282,reviewer,0
qwen2_5_1_5b,shared54,worst,abc389_d,0,anger,LLL,12,282,reviewer,0
qwen2_5_1_5b,shared54,worst,abc391_a,0,anger,LLL,12,282,reviewer,0
qwen2_5_1_5b,shared54,worst,abc391_f,0,anger,LLL,12,282,reviewer,0
qwen2_5_1_5b,shared54,worst,abc392_b,0,anger,LLL,12,282,reviewer,0
qwen2_5_1_5b,shared54,worst,abc392_b,1,anger,LLL,12,282,reviewer,1
qwen2_5_1_5b,shared54,worst,abc392_f,0,anger,LLL,12,282,reviewer,0
qwen2_5_1_5b,shared54,worst,abc392_f,1,anger,LLL,12,282,reviewer,0
qwen2_5_1_5b,shared54,worst,abc392_g,0,anger,LLL,12,282,reviewer,0
qwen2_5_1_5b,shared54,worst,abc393_e,0,anger,LLL,12,282,reviewer,0
qwen2_5_1_5b,shared54,worst,abc393_e,1,anger,LLL,12,282,reviewer,0
qwen2_5_1_5b,shared54,worst,abc393_f,0,anger,LLL,12,282,reviewer,0
qwen2_5_1_5b,shared54,worst,abc393_f,1,anger,LLL,12,282,reviewer,0
qwen2_5_1_5b,shared54,worst,abc394_a,0,anger,LLL,12,282,reviewer,0
qwen2_5_1_5b,shared54,worst,abc394_a,1,anger,LLL,12,282,reviewer,0
qwen2_5_1_5b,shared54,worst,abc394_b,0,anger,LLL,12,282,reviewer,0
qwen2_5_1_5b,shared54,worst,abc394_e,0,anger,LLL,12,282,reviewer,0
qwen2_5_1_5b,shared54,worst,abc396_a,0,anger,LLL,12,282,reviewer,1
qwen2_5_1_5b,shared54,worst,abc396_e,0,anger,LLL,12,282,reviewer,0
qwen2_5_1_5b,shared54,worst,abc399_c,0,anger,LLL,12,282,reviewer,1
qwen2_5_1_5b,shared54,worst,abc399_c,1,anger,LLL,12,282,reviewer,0
qwen2_5_1_5b,shared54,worst,abc400_e,0,anger,LLL,12,282,reviewer,0
qwen2_5_1_5b,shared54,worst,arc181_b,0,anger,LLL,12,282,reviewer,0
qwen2_5_1_5b,shared54,worst,arc181_c,0,anger,LLL,12,282,reviewer,1
qwen2_5_1_5b,shared54,worst,arc182_c,0,anger,LLL,12,282,reviewer,0
qwen2_5_1_5b,shared54,worst,arc182_c,1,anger,LLL,12,282,reviewer,0
qwen2_5_1_5b,shared54,worst,arc183_d,0,anger,LLL,12,282,reviewer,0
qwen2_5_1_5b,shared54,worst,arc183_d,1,anger,LLL,12,282,reviewer,0
qwen2_5_1_5b,shared54,worst,arc185_e,0,anger,LLL,12,282,reviewer,0
qwen2_5_1_5b,shared54,worst,arc186_b,0,anger,LLL,12,282,reviewer,0
qwen2_5_1_5b,shared54,worst,arc186_c,0,anger,LLL,12,282,reviewer,0
qwen2_5_1_5b,shared54,worst,arc188_d,0,anger,LLL,12,282,reviewer,0
qwen2_5_1_5b,shared54,worst,arc188_d,1,anger,LLL,12,282,reviewer,0
qwen2_5_1_5b,shared54,worst,arc189_c,0,anger,LLL,12,282,reviewer,0
qwen2_5_1_5b,shared54,worst,arc189_d,0,anger,LLL,12,282,reviewer,0
qwen2_5_1_5b,shared54,worst,arc189_d,1,anger,LLL,12,282,reviewer,0
qwen2_5_1_5b,shared54,worst,arc190_a,0,anger,LLL,12,282,reviewer,1
qwen2_5_1_5b,shared54,worst,arc190_c,0,anger,LLL,12,282,reviewer,0
qwen2_5_1_5b,shared54,worst,arc191_a,0,anger,LLL,12,282,reviewer,0
qwen2_5_1_5b,shared54,worst,arc191_a,1,anger,LLL,12,282,reviewer,0
qwen2_5_1_5b,shared54,worst,arc192_a,0,anger,LLL,12,282,reviewer,1
qwen2_5_1_5b,shared54,worst,arc192_a,1,anger,LLL,12,282,reviewer,0
qwen2_5_1_5b,shared54,worst,arc193_a,0,anger,LLL,12,282,reviewer,0
qwen2_5_1_5b,shared54,worst,arc193_b,0,anger,LLL,12,282,reviewer,0
qwen2_5_1_5b,shared54,worst,arc194_a,0,anger,LLL,12,282,reviewer,0
qwen2_5_1_5b,shared54,worst,arc194_b,0,anger,LLL,12,282,reviewer,0
qwen2_5_1_5b,shared54,worst,arc195_c,0,anger,LLL,12,282,reviewer,1
qwen2_5_1_5b,shared54,worst,arc195_d,0,anger,LLL,12,282,reviewer,1
qwen2_5_1_5b,shared54,best,1873_A,0,fear,LLL,32,282,reviewer,0
qwen2_5_1_5b,shared54,best,1873_D,0,fear,LLL,32,282,reviewer,0
qwen2_5_1_5b,shared54,best,1883_B,0,fear,LLL,32,282,reviewer,0
qwen2_5_1_5b,shared54,best,1883_C,0,fear,LLL,32,282,reviewer,0
qwen2_5_1_5b,shared54,best,1899_B,0,fear,LLL,32,282,reviewer,0
qwen2_5_1_5b,shared54,best,2777,0,fear,LLL,32,282,reviewer,0
qwen2_5_1_5b,shared54,best,2777,1,fear,LLL,32,282,reviewer,0
qwen2_5_1_5b,shared54,best,2777,2,fear,LLL,32,282,reviewer,0
qwen2_5_1_5b,shared54,best,2784,0,fear,LLL,32,282,reviewer,0
qwen2_5_1_5b,shared54,best,2784,1,fear,LLL,32,282,reviewer,0
qwen2_5_1_5b,shared54,best,2784,2,fear,LLL,32,282,reviewer,1
qwen2_5_1_5b,shared54,best,2808,0,fear,LLL,32,282,reviewer,0
qwen2_5_1_5b,shared54,best,2808,1,fear,LLL,32,282,reviewer,0
qwen2_5_1_5b,shared54,best,2808,2,fear,LLL,32,282,reviewer,0
qwen2_5_1_5b,shared54,best,2811,0,fear,LLL,32,282,reviewer,1
qwen2_5_1_5b,shared54,best,2811,1,fear,LLL,32,282,reviewer,0
qwen2_5_1_5b,shared54,best,2811,2,fear,LLL,32,282,reviewer,0
qwen2_5_1_5b,shared54,best,2812,0,fear,LLL,32,282,reviewer,0
qwen2_5_1_5b,shared54,best,2812,1,fear,LLL,32,282,reviewer,0
qwen2_5_1_5b,shared54,best,2812,2,fear,LLL,32,282,reviewer,0
qwen2_5_1_5b,shared54,best,2816,0,fear,LLL,32,282,reviewer,0
qwen2_5_1_5b,shared54,best,2816,1,fear,LLL,32,282,reviewer,0
qwen2_5_1_5b,shared54,best,2817,0,fear,LLL,32,282,reviewer,1
qwen2_5_1_5b,shared54,best,2817,1,fear,LLL,32,282,reviewer,0
qwen2_5_1_5b,shared54,best,2825,0,fear,LLL,32,282,reviewer,0
qwen2_5_1_5b,shared54,best,2825,1,fear,LLL,32,282,reviewer,0
qwen2_5_1_5b,shared54,best,2825,2,fear,LLL,32,282,reviewer,0
qwen2_5_1_5b,shared54,best,2833,0,fear,LLL,32,282,reviewer,0
qwen2_5_1_5b,shared54,best,2833,1,fear,LLL,32,282,reviewer,0
qwen2_5_1_5b,shared54,best,2833,2,fear,LLL,32,282,reviewer,0
qwen2_5_1_5b,shared54,best,2847,0,fear,LLL,32,282,reviewer,0
qwen2_5_1_5b,shared54,best,2849,0,fear,LLL,32,282,reviewer,0
qwen2_5_1_5b,shared54,best,2868,0,fear,LLL,32,282,reviewer,1
qwen2_5_1_5b,shared54,best,2868,1,fear,LLL,32,282,reviewer,0
qwen2_5_1_5b,shared54,best,2868,2,fear,LLL,32,282,reviewer,0
qwen2_5_1_5b,shared54,best,2870,0,fear,LLL,32,282,reviewer,0
qwen2_5_1_5b,shared54,best,2870,1,fear,LLL,32,282,reviewer,0
qwen2_5_1_5b,shared54,best,2870,2,fear,LLL,32,282,reviewer,0
qwen2_5_1_5b,shared54,best,2882,0,fear,LLL,32,282,reviewer,0
qwen2_5_1_5b,shared54,best,2882,1,fear,LLL,32,282,reviewer,0
qwen2_5_1_5b,shared54,best,2886,0,fear,LLL,32,282,reviewer,0
qwen2_5_1_5b,shared54,best,2902,0,fear,LLL,32,282,reviewer,0
qwen2_5_1_5b,shared54,best,2915,0,fear,LLL,32,282,reviewer,1
qwen2_5_1_5b,shared54,best,2915,1,fear,LLL,32,282,reviewer,0
qwen2_5_1_5b,shared54,best,2919,0,fear,LLL,32,282,reviewer,0
qwen2_5_1_5b,shared54,best,2919,1,fear,LLL,32,282,reviewer,1
qwen2_5_1_5b,shared54,best,2919,2,fear,LLL,32,282,reviewer,0
qwen2_5_1_5b,shared54,best,2921,0,fear,LLL,32,282,reviewer,1
qwen2_5_1_5b,shared54,best,2921,1,fear,LLL,32,282,reviewer,1
qwen2_5_1_5b,shared54,best,2921,2,fear,LLL,32,282,reviewer,1
qwen2_5_1_5b,shared54,best,2952,0,fear,LLL,32,282,reviewer,0
qwen2_5_1_5b,shared54,best,2952,1,fear,LLL,32,282,reviewer,0
qwen2_5_1_5b,shared54,best,2954,0,fear,LLL,32,282,reviewer,0
qwen2_5_1_5b,shared54,best,2955,0,fear,LLL,32,282,reviewer,0
qwen2_5_1_5b,shared54,best,2955,1,fear,LLL,32,282,reviewer,1
qwen2_5_1_5b,shared54,best,2955,2,fear,LLL,32,282,reviewer,1
qwen2_5_1_5b,shared54,best,2977,0,fear,LLL,32,282,reviewer,0
qwen2_5_1_5b,shared54,best,2998,0,fear,LLL,32,282,reviewer,0
qwen2_5_1_5b,shared54,best,2998,1,fear,LLL,32,282,reviewer,0
qwen2_5_1_5b,shared54,best,3024,0,fear,LLL,32,282,reviewer,0
qwen2_5_1_5b,shared54,best,3024,1,fear,LLL,32,282,reviewer,0
qwen2_5_1_5b,shared54,best,3024,2,fear,LLL,32,282,reviewer,0
qwen2_5_1_5b,shared54,best,3025,0,fear,LLL,32,282,reviewer,0
qwen2_5_1_5b,shared54,best,3025,1,fear,LLL,32,282,reviewer,0
qwen2_5_1_5b,shared54,best,3032,0,fear,LLL,32,282,reviewer,0
qwen2_5_1_5b,shared54,best,3032,1,fear,LLL,32,282,reviewer,0
qwen2_5_1_5b,shared54,best,3032,2,fear,LLL,32,282,reviewer,0
qwen2_5_1_5b,shared54,best,3044,0,fear,LLL,32,282,reviewer,0
qwen2_5_1_5b,shared54,best,3044,1,fear,LLL,32,282,reviewer,0
qwen2_5_1_5b,shared54,best,3044,2,fear,LLL,32,282,reviewer,0
qwen2_5_1_5b,shared54,best,3055,0,fear,LLL,32,282,reviewer,0
qwen2_5_1_5b,shared54,best,3055,1,fear,LLL,32,282,reviewer,0
qwen2_5_1_5b,shared54,best,3055,2,fear,LLL,32,282,reviewer,0
qwen2_5_1_5b,shared54,best,3166,0,fear,LLL,32,282,reviewer,0
qwen2_5_1_5b,shared54,best,3188,0,fear,LLL,32,282,reviewer,0
qwen2_5_1_5b,shared54,best,3192,0,fear,LLL,32,282,reviewer,0
qwen2_5_1_5b,shared54,best,3193,0,fear,LLL,32,282,reviewer,0
qwen2_5_1_5b,shared54,best,3195,0,fear,LLL,32,282,reviewer,0
qwen2_5_1_5b,shared54,best,3195,1,fear,LLL,32,282,reviewer,0
qwen2_5_1_5b,shared54,best,3195,2,fear,LLL,32,282,reviewer,0
qwen2_5_1_5b,shared54,best,3203,0,fear,LLL,32,282,reviewer,0
qwen2_5_1_5b,shared54,best,3213,0,fear,LLL,32,282,reviewer,0
qwen2_5_1_5b,shared54,best,3213,1,fear,LLL,32,282,reviewer,0
qwen2_5_1_5b,shared54,best,3213,2,fear,LLL,32,282,reviewer,0
qwen2_5_1_5b,shared54,best,3220,0,fear,LLL,32,282,reviewer,0
qwen2_5_1_5b,shared54,best,3223,0,fear,LLL,32,282,reviewer,0
qwen2_5_1_5b,shared54,best,3223,1,fear,LLL,32,282,reviewer,0
qwen2_5_1_5b,shared54,best,3223,2,fear,LLL,32,282,reviewer,0
qwen2_5_1_5b,shared54,best,3225,0,fear,LLL,32,282,reviewer,1
qwen2_5_1_5b,shared54,best,3225,1,fear,LLL,32,282,reviewer,0
qwen2_5_1_5b,shared54,best,3225,2,fear,LLL,32,282,reviewer,1
qwen2_5_1_5b,shared54,best,3229,0,fear,LLL,32,282,reviewer,0
qwen2_5_1_5b,shared54,best,3229,1,fear,LLL,32,282,reviewer,0
qwen2_5_1_5b,shared54,best,3229,2,fear,LLL,32,282,reviewer,0
qwen2_5_1_5b,shared54,best,3243,0,fear,LLL,32,282,reviewer,0
qwen2_5_1_5b,shared54,best,3246,0,fear,LLL,32,282,reviewer,0
qwen2_5_1_5b,shared54,best,3249,0,fear,LLL,32,282,reviewer,0
qwen2_5_1_5b,shared54,best,3251,0,fear,LLL,32,282,reviewer,0
qwen2_5_1_5b,shared54,best,3261,0,fear,LLL,32,282,reviewer,0
qwen2_5_1_5b,shared54,best,3261,1,fear,LLL,32,282,reviewer,1
qwen2_5_1_5b,shared54,best,3263,0,fear,LLL,32,282,reviewer,1
qwen2_5_1_5b,shared54,best,3263,1,fear,LLL,32,282,reviewer,0
qwen2_5_1_5b,shared54,best,3265,0,fear,LLL,32,282,reviewer,0
qwen2_5_1_5b,shared54,best,3265,1,fear,LLL,32,282,reviewer,0
qwen2_5_1_5b,shared54,best,3269,0,fear,LLL,32,282,reviewer,0
qwen2_5_1_5b,shared54,best,3269,1,fear,LLL,32,282,reviewer,0
qwen2_5_1_5b,shared54,best,3298,0,fear,LLL,32,282,reviewer,0
qwen2_5_1_5b,shared54,best,3298,1,fear,LLL,32,282,reviewer,0
qwen2_5_1_5b,shared54,best,3298,2,fear,LLL,32,282,reviewer,0
qwen2_5_1_5b,shared54,best,3312,0,fear,LLL,32,282,reviewer,0
qwen2_5_1_5b,shared54,best,3312,1,fear,LLL,32,282,reviewer,1
qwen2_5_1_5b,shared54,best,3312,2,fear,LLL,32,282,reviewer,0
qwen2_5_1_5b,shared54,best,3324,0,fear,LLL,32,282,reviewer,0
qwen2_5_1_5b,shared54,best,3324,1,fear,LLL,32,282,reviewer,0
qwen2_5_1_5b,shared54,best,3329,0,fear,LLL,32,282,reviewer,0
qwen2_5_1_5b,shared54,best,3345,0,fear,LLL,32,282,reviewer,0
qwen2_5_1_5b,shared54,best,3345,1,fear,LLL,32,282,reviewer,0
qwen2_5_1_5b,shared54,best,3345,2,fear,LLL,32,282,reviewer,0
qwen2_5_1_5b,shared54,best,3362,0,fear,LLL,32,282,reviewer,0
qwen2_5_1_5b,shared54,best,3362,1,fear,LLL,32,282,reviewer,0
qwen2_5_1_5b,shared54,best,3388,0,fear,LLL,32,282,reviewer,0
qwen2_5_1_5b,shared54,best,3388,1,fear,LLL,32,282,reviewer,0
qwen2_5_1_5b,shared54,best,3394,0,fear,LLL,32,282,reviewer,0
qwen2_5_1_5b,shared54,best,3402,0,fear,LLL,32,282,reviewer,0
qwen2_5_1_5b,shared54,best,3402,1,fear,LLL,32,282,reviewer,0
qwen2_5_1_5b,shared54,best,3402,2,fear,LLL,32,282,reviewer,0
qwen2_5_1_5b,shared54,best,3408,0,fear,LLL,32,282,reviewer,0
qwen2_5_1_5b,shared54,best,3408,1,fear,LLL,32,282,reviewer,1
qwen2_5_1_5b,shared54,best,3408,2,fear,LLL,32,282,reviewer,0
qwen2_5_1_5b,shared54,best,3412,0,fear,LLL,32,282,reviewer,0
qwen2_5_1_5b,shared54,best,3412,1,fear,LLL,32,282,reviewer,0
qwen2_5_1_5b,shared54,best,3412,2,fear,LLL,32,282,reviewer,0
qwen2_5_1_5b,shared54,best,3421,0,fear,LLL,32,282,reviewer,1
qwen2_5_1_5b,shared54,best,3426,0,fear,LLL,32,282,reviewer,1
qwen2_5_1_5b,shared54,best,3464,0,fear,LLL,32,282,reviewer,1
qwen2_5_1_5b,shared54,best,3464,1,fear,LLL,32,282,reviewer,0
qwen2_5_1_5b,shared54,best,3464,2,fear,LLL,32,282,reviewer,1
qwen2_5_1_5b,shared54,best,3471,0,fear,LLL,32,282,reviewer,0
qwen2_5_1_5b,shared54,best,3476,0,fear,LLL,32,282,reviewer,0
qwen2_5_1_5b,shared54,best,3478,0,fear,LLL,32,282,reviewer,0
qwen2_5_1_5b,shared54,best,3478,1,fear,LLL,32,282,reviewer,0
qwen2_5_1_5b,shared54,best,3478,2,fear,LLL,32,282,reviewer,0
qwen2_5_1_5b,shared54,best,3490,0,fear,LLL,32,282,reviewer,0
qwen2_5_1_5b,shared54,best,3490,1,fear,LLL,32,282,reviewer,0
qwen2_5_1_5b,shared54,best,3490,2,fear,LLL,32,282,reviewer,0
qwen2_5_1_5b,shared54,best,3495,0,fear,LLL,32,282,reviewer,0
qwen2_5_1_5b,shared54,best,3496,0,fear,LLL,32,282,reviewer,0
qwen2_5_1_5b,shared54,best,3496,1,fear,LLL,32,282,reviewer,0
qwen2_5_1_5b,shared54,best,3496,2,fear,LLL,32,282,reviewer,0
qwen2_5_1_5b,shared54,best,3510,0,fear,LLL,32,282,reviewer,0
qwen2_5_1_5b,shared54,best,3510,1,fear,LLL,32,282,reviewer,0
qwen2_5_1_5b,shared54,best,3510,2,fear,LLL,32,282,reviewer,0
qwen2_5_1_5b,shared54,best,3515,0,fear,LLL,32,282,reviewer,0
qwen2_5_1_5b,shared54,best,3515,1,fear,LLL,32,282,reviewer,0
qwen2_5_1_5b,shared54,best,3515,2,fear,LLL,32,282,reviewer,0
qwen2_5_1_5b,shared54,best,3517,0,fear,LLL,32,282,reviewer,0
qwen2_5_1_5b,shared54,best,3517,1,fear,LLL,32,282,reviewer,0
qwen2_5_1_5b,shared54,best,3517,2,fear,LLL,32,282,reviewer,0
qwen2_5_1_5b,shared54,best,3518,0,fear,LLL,32,282,reviewer,0
qwen2_5_1_5b,shared54,best,3518,1,fear,LLL,32,282,reviewer,1
qwen2_5_1_5b,shared54,best,3527,0,fear,LLL,32,282,reviewer,0
qwen2_5_1_5b,shared54,best,3534,0,fear,LLL,32,282,reviewer,0
qwen2_5_1_5b,shared54,best,3534,1,fear,LLL,32,282,reviewer,0
qwen2_5_1_5b,shared54,best,3534,2,fear,LLL,32,282,reviewer,1
qwen2_5_1_5b,shared54,best,3535,0,fear,LLL,32,282,reviewer,1
qwen2_5_1_5b,shared54,best,3535,1,fear,LLL,32,282,reviewer,1
qwen2_5_1_5b,shared54,best,3535,2,fear,LLL,32,282,reviewer,1
qwen2_5_1_5b,shared54,best,3551,0,fear,LLL,32,282,reviewer,0
qwen2_5_1_5b,shared54,best,3551,1,fear,LLL,32,282,reviewer,0
qwen2_5_1_5b,shared54,best,3555,0,fear,LLL,32,282,reviewer,0
qwen2_5_1_5b,shared54,best,3559,0,fear,LLL,32,282,reviewer,1
qwen2_5_1_5b,shared54,best,3559,1,fear,LLL,32,282,reviewer,0
qwen2_5_1_5b,shared54,best,3559,2,fear,LLL,32,282,reviewer,0
qwen2_5_1_5b,shared54,best,3560,0,fear,LLL,32,282,reviewer,0
qwen2_5_1_5b,shared54,best,3567,0,fear,LLL,32,282,reviewer,0
qwen2_5_1_5b,shared54,best,3571,0,fear,LLL,32,282,reviewer,0
qwen2_5_1_5b,shared54,best,3571,1,fear,LLL,32,282,reviewer,0
qwen2_5_1_5b,shared54,best,3603,0,fear,LLL,32,282,reviewer,0
qwen2_5_1_5b,shared54,best,3605,0,fear,LLL,32,282,reviewer,0
qwen2_5_1_5b,shared54,best,3605,1,fear,LLL,32,282,reviewer,0
qwen2_5_1_5b,shared54,best,3607,0,fear,LLL,32,282,reviewer,0
qwen2_5_1_5b,shared54,best,3607,1,fear,LLL,32,282,reviewer,0
qwen2_5_1_5b,shared54,best,3607,2,fear,LLL,32,282,reviewer,0
qwen2_5_1_5b,shared54,best,3621,0,fear,LLL,32,282,reviewer,0
qwen2_5_1_5b,shared54,best,3621,1,fear,LLL,32,282,reviewer,0
qwen2_5_1_5b,shared54,best,3621,2,fear,LLL,32,282,reviewer,0
qwen2_5_1_5b,shared54,best,3629,0,fear,LLL,32,282,reviewer,0
qwen2_5_1_5b,shared54,best,3629,1,fear,LLL,32,282,reviewer,0
qwen2_5_1_5b,shared54,best,3629,2,fear,LLL,32,282,reviewer,0
qwen2_5_1_5b,shared54,best,3637,0,fear,LLL,32,282,reviewer,0
qwen2_5_1_5b,shared54,best,3637,1,fear,LLL,32,282,reviewer,0
qwen2_5_1_5b,shared54,best,3647,0,fear,LLL,32,282,reviewer,0
qwen2_5_1_5b,shared54,best,3647,1,fear,LLL,32,282,reviewer,0
qwen2_5_1_5b,shared54,best,3647,2,fear,LLL,32,282,reviewer,0
qwen2_5_1_5b,shared54,best,3648,0,fear,LLL,32,282,reviewer,0
qwen2_5_1_5b,shared54,best,3649,0,fear,LLL,32,282,reviewer,0
qwen2_5_1_5b,shared54,best,3649,1,fear,LLL,32,282,reviewer,0
qwen2_5_1_5b,shared54,best,3649,2,fear,LLL,32,282,reviewer,0
qwen2_5_1_5b,shared54,best,3657,0,fear,LLL,32,282,reviewer,0
qwen2_5_1_5b,shared54,best,3657,1,fear,LLL,32,282,reviewer,0
qwen2_5_1_5b,shared54,best,3657,2,fear,LLL,32,282,reviewer,0
qwen2_5_1_5b,shared54,best,3674,0,fear,LLL,32,282,reviewer,1
qwen2_5_1_5b,shared54,best,3674,1,fear,LLL,32,282,reviewer,0
qwen2_5_1_5b,shared54,best,3674,2,fear,LLL,32,282,reviewer,0
qwen2_5_1_5b,shared54,best,3676,0,fear,LLL,32,282,reviewer,0
qwen2_5_1_5b,shared54,best,3680,0,fear,LLL,32,282,reviewer,0
qwen2_5_1_5b,shared54,best,3683,0,fear,LLL,32,282,reviewer,0
qwen2_5_1_5b,shared54,best,3686,0,fear,LLL,32,282,reviewer,0
qwen2_5_1_5b,shared54,best,3686,1,fear,LLL,32,282,reviewer,1
qwen2_5_1_5b,shared54,best,3686,2,fear,LLL,32,282,reviewer,1
qwen2_5_1_5b,shared54,best,3696,0,fear,LLL,32,282,reviewer,0
qwen2_5_1_5b,shared54,best,3700,0,fear,LLL,32,282,reviewer,0
qwen2_5_1_5b,shared54,best,3700,1,fear,LLL,32,282,reviewer,0
qwen2_5_1_5b,shared54,best,3700,2,fear,LLL,32,282,reviewer,0
qwen2_5_1_5b,shared54,best,3702,0,fear,LLL,32,282,reviewer,0
qwen2_5_1_5b,shared54,best,3702,1,fear,LLL,32,282,reviewer,0
qwen2_5_1_5b,shared54,best,3702,2,fear,LLL,32,282,reviewer,0
qwen2_5_1_5b,shared54,best,3704,0,fear,LLL,32,282,reviewer,1
qwen2_5_1_5b,shared54,best,3709,0,fear,LLL,32,282,reviewer,0
qwen2_5_1_5b,shared54,best,3709,1,fear,LLL,32,282,reviewer,0
qwen2_5_1_5b,shared54,best,3714,0,fear,LLL,32,282,reviewer,1
qwen2_5_1_5b,shared54,best,3714,1,fear,LLL,32,282,reviewer,0
qwen2_5_1_5b,shared54,best,3714,2,fear,LLL,32,282,reviewer,0
qwen2_5_1_5b,shared54,best,3722,0,fear,LLL,32,282,reviewer,0
qwen2_5_1_5b,shared54,best,3722,1,fear,LLL,32,282,reviewer,0
qwen2_5_1_5b,shared54,best,3722,2,fear,LLL,32,282,reviewer,0
qwen2_5_1_5b,shared54,best,3731,0,fear,LLL,32,282,reviewer,0
qwen2_5_1_5b,shared54,best,3736,0,fear,LLL,32,282,reviewer,0
qwen2_5_1_5b,shared54,best,3743,0,fear,LLL,32,282,reviewer,1
qwen2_5_1_5b,shared54,best,3743,1,fear,LLL,32,282,reviewer,0
qwen2_5_1_5b,shared54,best,3743,2,fear,LLL,32,282,reviewer,0
qwen2_5_1_5b,shared54,best,3744,0,fear,LLL,32,282,reviewer,0
qwen2_5_1_5b,shared54,best,3744,1,fear,LLL,32,282,reviewer,0
qwen2_5_1_5b,shared54,best,3751,0,fear,LLL,32,282,reviewer,0
qwen2_5_1_5b,shared54,best,3751,1,fear,LLL,32,282,reviewer,0
qwen2_5_1_5b,shared54,best,3751,2,fear,LLL,32,282,reviewer,0
qwen2_5_1_5b,shared54,best,3771,0,fear,LLL,32,282,reviewer,0
qwen2_5_1_5b,shared54,best,3785,0,fear,LLL,32,282,reviewer,0
qwen2_5_1_5b,shared54,best,3785,1,fear,LLL,32,282,reviewer,0
qwen2_5_1_5b,shared54,best,3786,0,fear,LLL,32,282,reviewer,0
qwen2_5_1_5b,shared54,best,3793,0,fear,LLL,32,282,reviewer,0
qwen2_5_1_5b,shared54,best,3793,1,fear,LLL,32,282,reviewer,0
qwen2_5_1_5b,shared54,best,3793,2,fear,LLL,32,282,reviewer,0
qwen2_5_1_5b,shared54,best,abc301_b,0,fear,LLL,32,282,reviewer,0
qwen2_5_1_5b,shared54,best,abc301_b,1,fear,LLL,32,282,reviewer,0
qwen2_5_1_5b,shared54,best,abc301_b,2,fear,LLL,32,282,reviewer,0
qwen2_5_1_5b,shared54,best,abc301_e,0,fear,LLL,32,282,reviewer,0
qwen2_5_1_5b,shared54,best,abc301_e,1,fear,LLL,32,282,reviewer,0
qwen2_5_1_5b,shared54,best,abc302_e,0,fear,LLL,32,282,reviewer,0
qwen2_5_1_5b,shared54,best,abc302_e,1,fear,LLL,32,282,reviewer,0
qwen2_5_1_5b,shared54,best,abc303_a,0,fear,LLL,32,282,reviewer,0
qwen2_5_1_5b,shared54,best,abc303_a,1,fear,LLL,32,282,reviewer,0
qwen2_5_1_5b,shared54,best,abc303_b,0,fear,LLL,32,282,reviewer,1
qwen2_5_1_5b,shared54,best,abc303_b,1,fear,LLL,32,282,reviewer,1
qwen2_5_1_5b,shared54,best,abc303_b,2,fear,LLL,32,282,reviewer,0
qwen2_5_1_5b,shared54,best,abc303_d,0,fear,LLL,32,282,reviewer,0
qwen2_5_1_5b,shared54,best,abc303_d,1,fear,LLL,32,282,reviewer,0
qwen2_5_1_5b,shared54,best,abc303_d,2,fear,LLL,32,282,reviewer,0
qwen2_5_1_5b,shared54,best,abc303_e,0,fear,LLL,32,282,reviewer,0
qwen2_5_1_5b,shared54,best,abc303_e,1,fear,LLL,32,282,reviewer,0
qwen2_5_1_5b,shared54,best,abc304_a,0,fear,LLL,32,282,reviewer,0
qwen2_5_1_5b,shared54,best,abc304_a,1,fear,LLL,32,282,reviewer,0
qwen2_5_1_5b,shared54,best,abc307_a,0,fear,LLL,32,282,reviewer,0
qwen2_5_1_5b,shared54,best,abc307_a,1,fear,LLL,32,282,reviewer,0
qwen2_5_1_5b,shared54,best,abc307_b,0,fear,LLL,32,282,reviewer,0
qwen2_5_1_5b,shared54,best,abc309_c,0,fear,LLL,32,282,reviewer,0
qwen2_5_1_5b,shared54,best,abc309_c,1,fear,LLL,32,282,reviewer,0
qwen2_5_1_5b,shared54,best,abc309_d,0,fear,LLL,32,282,reviewer,0
qwen2_5_1_5b,shared54,best,abc309_d,1,fear,LLL,32,282,reviewer,0
qwen2_5_1_5b,shared54,best,abc309_e,0,fear,LLL,32,282,reviewer,0
qwen2_5_1_5b,shared54,best,abc309_e,1,fear,LLL,32,282,reviewer,0
qwen2_5_1_5b,shared54,best,abc309_e,2,fear,LLL,32,282,reviewer,0
qwen2_5_1_5b,shared54,best,abc310_b,0,fear,LLL,32,282,reviewer,0
qwen2_5_1_5b,shared54,best,abc310_c,0,fear,LLL,32,282,reviewer,0
qwen2_5_1_5b,shared54,best,abc310_f,0,fear,LLL,32,282,reviewer,0
qwen2_5_1_5b,shared54,best,abc311_b,0,fear,LLL,32,282,reviewer,0
qwen2_5_1_5b,shared54,best,abc311_b,1,fear,LLL,32,282,reviewer,0
qwen2_5_1_5b,shared54,best,abc312_e,0,fear,LLL,32,282,reviewer,0
qwen2_5_1_5b,shared54,best,abc312_e,1,fear,LLL,32,282,reviewer,0
qwen2_5_1_5b,shared54,best,abc312_f,0,fear,LLL,32,282,reviewer,0
qwen2_5_1_5b,shared54,best,abc312_f,1,fear,LLL,32,282,reviewer,0
qwen2_5_1_5b,shared54,best,abc312_f,2,fear,LLL,32,282,reviewer,0
qwen2_5_1_5b,shared54,best,abc313_a,0,fear,LLL,32,282,reviewer,0
qwen2_5_1_5b,shared54,best,abc313_a,1,fear,LLL,32,282,reviewer,0
qwen2_5_1_5b,shared54,best,abc313_a,2,fear,LLL,32,282,reviewer,0
qwen2_5_1_5b,shared54,best,abc315_b,0,fear,LLL,32,282,reviewer,1
qwen2_5_1_5b,shared54,best,abc315_b,1,fear,LLL,32,282,reviewer,0
qwen2_5_1_5b,shared54,best,abc315_c,0,fear,LLL,32,282,reviewer,0
qwen2_5_1_5b,shared54,best,abc315_c,1,fear,LLL,32,282,reviewer,0
qwen2_5_1_5b,shared54,best,abc315_d,0,fear,LLL,32,282,reviewer,0
qwen2_5_1_5b,shared54,best,abc315_d,1,fear,LLL,32,282,reviewer,0
qwen2_5_1_5b,shared54,best,abc318_b,0,fear,LLL,32,282,reviewer,0
qwen2_5_1_5b,shared54,best,abc318_b,1,fear,LLL,32,282,reviewer,0
qwen2_5_1_5b,shared54,best,abc318_d,0,fear,LLL,32,282,reviewer,0
qwen2_5_1_5b,shared54,best,abc318_d,1,fear,LLL,32,282,reviewer,0
qwen2_5_1_5b,shared54,best,abc318_d,2,fear,LLL,32,282,reviewer,0
qwen2_5_1_5b,shared54,best,abc319_c,0,fear,LLL,32,282,reviewer,0
qwen2_5_1_5b,shared54,best,abc319_c,1,fear,LLL,32,282,reviewer,0
qwen2_5_1_5b,shared54,best,abc319_c,2,fear,LLL,32,282,reviewer,0
qwen2_5_1_5b,shared54,best,abc320_e,0,fear,LLL,32,282,reviewer,1
qwen2_5_1_5b,shared54,best,abc320_e,1,fear,LLL,32,282,reviewer,0
qwen2_5_1_5b,shared54,best,abc321_b,0,fear,LLL,32,282,reviewer,0
qwen2_5_1_5b,shared54,best,abc321_b,1,fear,LLL,32,282,reviewer,0
qwen2_5_1_5b,shared54,best,abc321_c,0,fear,LLL,32,282,reviewer,0
qwen2_5_1_5b,shared54,best,abc321_c,1,fear,LLL,32,282,reviewer,0
qwen2_5_1_5b,shared54,best,abc321_c,2,fear,LLL,32,282,reviewer,1
qwen2_5_1_5b,shared54,best,abc322_c,0,fear,LLL,32,282,reviewer,0
qwen2_5_1_5b,shared54,best,abc324_a,0,fear,LLL,32,282,reviewer,0
qwen2_5_1_5b,shared54,best,abc324_b,0,fear,LLL,32,282,reviewer,0
qwen2_5_1_5b,shared54,best,abc325_b,0,fear,LLL,32,282,reviewer,0
qwen2_5_1_5b,shared54,best,abc325_e,0,fear,LLL,32,282,reviewer,0
qwen2_5_1_5b,shared54,best,abc325_e,1,fear,LLL,32,282,reviewer,0
qwen2_5_1_5b,shared54,best,abc326_d,0,fear,LLL,32,282,reviewer,1
qwen2_5_1_5b,shared54,best,abc327_a,0,fear,LLL,32,282,reviewer,0
qwen2_5_1_5b,shared54,best,abc327_c,0,fear,LLL,32,282,reviewer,0
qwen2_5_1_5b,shared54,best,abc328_b,0,fear,LLL,32,282,reviewer,0
qwen2_5_1_5b,shared54,best,abc328_b,1,fear,LLL,32,282,reviewer,0
qwen2_5_1_5b,shared54,best,abc328_d,0,fear,LLL,32,282,reviewer,0
qwen2_5_1_5b,shared54,best,abc328_d,1,fear,LLL,32,282,reviewer,1
qwen2_5_1_5b,shared54,best,abc328_d,2,fear,LLL,32,282,reviewer,1
qwen2_5_1_5b,shared54,best,abc329_b,0,fear,LLL,32,282,reviewer,0
qwen2_5_1_5b,shared54,best,abc329_b,1,fear,LLL,32,282,reviewer,0
qwen2_5_1_5b,shared54,best,abc329_b,2,fear,LLL,32,282,reviewer,0
qwen2_5_1_5b,shared54,best,abc329_f,0,fear,LLL,32,282,reviewer,0
qwen2_5_1_5b,shared54,best,abc329_f,1,fear,LLL,32,282,reviewer,0
qwen2_5_1_5b,shared54,best,abc329_f,2,fear,LLL,32,282,reviewer,0
qwen2_5_1_5b,shared54,best,abc330_d,0,fear,LLL,32,282,reviewer,0
qwen2_5_1_5b,shared54,best,abc331_c,0,fear,LLL,32,282,reviewer,0
qwen2_5_1_5b,shared54,best,abc331_c,1,fear,LLL,32,282,reviewer,0
qwen2_5_1_5b,shared54,best,abc331_c,2,fear,LLL,32,282,reviewer,0
qwen2_5_1_5b,shared54,best,abc331_e,0,fear,LLL,32,282,reviewer,0
qwen2_5_1_5b,shared54,best,abc331_e,1,fear,LLL,32,282,reviewer,0
qwen2_5_1_5b,shared54,best,abc331_e,2,fear,LLL,32,282,reviewer,0
qwen2_5_1_5b,shared54,best,abc333_a,0,fear,LLL,32,282,reviewer,0
qwen2_5_1_5b,shared54,best,abc333_a,1,fear,LLL,32,282,reviewer,0
qwen2_5_1_5b,shared54,best,abc333_a,2,fear,LLL,32,282,reviewer,0
qwen2_5_1_5b,shared54,best,abc333_d,0,fear,LLL,32,282,reviewer,1
qwen2_5_1_5b,shared54,best,abc335_c,0,fear,LLL,32,282,reviewer,0
qwen2_5_1_5b,shared54,best,abc335_c,1,fear,LLL,32,282,reviewer,0
qwen2_5_1_5b,shared54,best,abc335_c,2,fear,LLL,32,282,reviewer,0
qwen2_5_1_5b,shared54,best,abc337_b,0,fear,LLL,32,282,reviewer,0
qwen2_5_1_5b,shared54,best,abc337_d,0,fear,LLL,32,282,reviewer,0
qwen2_5_1_5b,shared54,best,abc338_a,0,fear,LLL,32,282,reviewer,0
qwen2_5_1_5b,shared54,best,abc338_e,0,fear,LLL,32,282,reviewer,1
qwen2_5_1_5b,shared54,best,abc338_e,1,fear,LLL,32,282,reviewer,1
qwen2_5_1_5b,shared54,best,abc339_b,0,fear,LLL,32,282,reviewer,0
qwen2_5_1_5b,shared54,best,abc339_b,1,fear,LLL,32,282,reviewer,1
qwen2_5_1_5b,shared54,best,abc339_b,2,fear,LLL,32,282,reviewer,0
qwen2_5_1_5b,shared54,best,abc339_d,0,fear,LLL,32,282,reviewer,1
qwen2_5_1_5b,shared54,best,abc340_d,0,fear,LLL,32,282,reviewer,0
qwen2_5_1_5b,shared54,best,abc340_d,1,fear,LLL,32,282,reviewer,0
qwen2_5_1_5b,shared54,best,abc341_b,0,fear,LLL,32,282,reviewer,1
qwen2_5_1_5b,shared54,best,abc341_b,1,fear,LLL,32,282,reviewer,0
qwen2_5_1_5b,shared54,best,abc341_c,0,fear,LLL,32,282,reviewer,0
qwen2_5_1_5b,shared54,best,abc341_d,0,fear,LLL,32,282,reviewer,1
qwen2_5_1_5b,shared54,best,abc341_d,1,fear,LLL,32,282,reviewer,0
qwen2_5_1_5b,shared54,best,abc341_f,0,fear,LLL,32,282,reviewer,1
qwen2_5_1_5b,shared54,best,abc341_f,1,fear,LLL,32,282,reviewer,0
qwen2_5_1_5b,shared54,best,abc342_a,0,fear,LLL,32,282,reviewer,1
qwen2_5_1_5b,shared54,best,abc342_b,0,fear,LLL,32,282,reviewer,0
qwen2_5_1_5b,shared54,best,abc342_b,1,fear,LLL,32,282,reviewer,0
qwen2_5_1_5b,shared54,best,abc342_d,0,fear,LLL,32,282,reviewer,0
qwen2_5_1_5b,shared54,best,abc342_d,1,fear,LLL,32,282,reviewer,0
qwen2_5_1_5b,shared54,best,abc343_d,0,fear,LLL,32,282,reviewer,0
qwen2_5_1_5b,shared54,best,abc343_d,1,fear,LLL,32,282,reviewer,0
qwen2_5_1_5b,shared54,best,abc343_d,2,fear,LLL,32,282,reviewer,0
qwen2_5_1_5b,shared54,best,abc345_b,0,fear,LLL,32,282,reviewer,0
qwen2_5_1_5b,shared54,best,abc345_b,1,fear,LLL,32,282,reviewer,0
qwen2_5_1_5b,shared54,best,abc345_b,2,fear,LLL,32,282,reviewer,0
qwen2_5_1_5b,shared54,best,abc345_d,0,fear,LLL,32,282,reviewer,0
qwen2_5_1_5b,shared54,best,abc345_d,1,fear,LLL,32,282,reviewer,0
qwen2_5_1_5b,shared54,best,abc346_b,0,fear,LLL,32,282,reviewer,0
qwen2_5_1_5b,shared54,best,abc347_a,0,fear,LLL,32,282,reviewer,0
qwen2_5_1_5b,shared54,best,abc348_a,0,fear,LLL,32,282,reviewer,0
qwen2_5_1_5b,shared54,best,abc348_c,0,fear,LLL,32,282,reviewer,0
qwen2_5_1_5b,shared54,best,abc348_c,1,fear,LLL,32,282,reviewer,0
qwen2_5_1_5b,shared54,best,abc348_c,2,fear,LLL,32,282,reviewer,0
qwen2_5_1_5b,shared54,best,abc349_c,0,fear,LLL,32,282,reviewer,0
qwen2_5_1_5b,shared54,best,abc349_c,1,fear,LLL,32,282,reviewer,0
qwen2_5_1_5b,shared54,best,abc349_d,0,fear,LLL,32,282,reviewer,0
qwen2_5_1_5b,shared54,best,abc349_d,1,fear,LLL,32,282,reviewer,0
qwen2_5_1_5b,shared54,best,abc349_e,0,fear,LLL,32,282,reviewer,0
qwen2_5_1_5b,shared54,best,abc351_a,0,fear,LLL,32,282,reviewer,0
qwen2_5_1_5b,shared54,best,abc352_b,0,fear,LLL,32,282,reviewer,1
qwen2_5_1_5b,shared54,best,abc352_b,1,fear,LLL,32,282,reviewer,0
qwen2_5_1_5b,shared54,best,abc352_b,2,fear,LLL,32,282,reviewer,1
qwen2_5_1_5b,shared54,best,abc352_e,0,fear,LLL,32,282,reviewer,0
qwen2_5_1_5b,shared54,best,abc353_a,0,fear,LLL,32,282,reviewer,0
qwen2_5_1_5b,shared54,best,abc353_a,1,fear,LLL,32,282,reviewer,1
qwen2_5_1_5b,shared54,best,abc354_a,0,fear,LLL,32,282,reviewer,0
qwen2_5_1_5b,shared54,best,abc354_b,0,fear,LLL,32,282,reviewer,0
qwen2_5_1_5b,shared54,best,abc354_c,0,fear,LLL,32,282,reviewer,0
qwen2_5_1_5b,shared54,best,abc354_d,0,fear,LLL,32,282,reviewer,1
qwen2_5_1_5b,shared54,best,abc354_d,1,fear,LLL,32,282,reviewer,0
qwen2_5_1_5b,shared54,best,abc355_c,0,fear,LLL,32,282,reviewer,0
qwen2_5_1_5b,shared54,best,abc355_c,1,fear,LLL,32,282,reviewer,0
qwen2_5_1_5b,shared54,best,abc355_d,0,fear,LLL,32,282,reviewer,0
qwen2_5_1_5b,shared54,best,abc355_d,1,fear,LLL,32,282,reviewer,0
qwen2_5_1_5b,shared54,best,abc355_e,0,fear,LLL,32,282,reviewer,0
qwen2_5_1_5b,shared54,best,abc356_e,0,fear,LLL,32,282,reviewer,0
qwen2_5_1_5b,shared54,best,abc356_e,1,fear,LLL,32,282,reviewer,0
qwen2_5_1_5b,shared54,best,abc358_a,0,fear,LLL,32,282,reviewer,0
qwen2_5_1_5b,shared54,best,abc358_a,1,fear,LLL,32,282,reviewer,1
qwen2_5_1_5b,shared54,best,abc359_d,0,fear,LLL,32,282,reviewer,1
qwen2_5_1_5b,shared54,best,abc360_a,0,fear,LLL,32,282,reviewer,0
qwen2_5_1_5b,shared54,best,abc360_a,1,fear,LLL,32,282,reviewer,0
qwen2_5_1_5b,shared54,best,abc360_b,0,fear,LLL,32,282,reviewer,0
qwen2_5_1_5b,shared54,best,abc360_b,1,fear,LLL,32,282,reviewer,0
qwen2_5_1_5b,shared54,best,abc360_c,0,fear,LLL,32,282,reviewer,0
qwen2_5_1_5b,shared54,best,abc360_c,1,fear,LLL,32,282,reviewer,0
qwen2_5_1_5b,shared54,best,abc360_e,0,fear,LLL,32,282,reviewer,0
qwen2_5_1_5b,shared54,best,abc363_e,0,fear,LLL,32,282,reviewer,0
qwen2_5_1_5b,shared54,best,abc364_f,0,fear,LLL,32,282,reviewer,0
qwen2_5_1_5b,shared54,best,abc364_f,1,fear,LLL,32,282,reviewer,0
qwen2_5_1_5b,shared54,best,abc365_c,0,fear,LLL,32,282,reviewer,0
qwen2_5_1_5b,shared54,best,abc365_d,0,fear,LLL,32,282,reviewer,0
qwen2_5_1_5b,shared54,best,abc366_a,0,fear,LLL,32,282,reviewer,0
qwen2_5_1_5b,shared54,best,abc366_c,0,fear,LLL,32,282,reviewer,0
qwen2_5_1_5b,shared54,best,abc366_c,1,fear,LLL,32,282,reviewer,0
qwen2_5_1_5b,shared54,best,abc366_f,0,fear,LLL,32,282,reviewer,0
qwen2_5_1_5b,shared54,best,abc366_f,1,fear,LLL,32,282,reviewer,0
qwen2_5_1_5b,shared54,best,abc366_g,0,fear,LLL,32,282,reviewer,0
qwen2_5_1_5b,shared54,best,abc367_a,0,fear,LLL,32,282,reviewer,0
qwen2_5_1_5b,shared54,best,abc367_e,0,fear,LLL,32,282,reviewer,0
qwen2_5_1_5b,shared54,best,abc367_e,1,fear,LLL,32,282,reviewer,0
qwen2_5_1_5b,shared54,best,abc368_c,0,fear,LLL,32,282,reviewer,0
qwen2_5_1_5b,shared54,best,abc368_c,1,fear,LLL,32,282,reviewer,0
qwen2_5_1_5b,shared54,best,abc368_c,2,fear,LLL,32,282,reviewer,0
qwen2_5_1_5b,shared54,best,abc369_b,0,fear,LLL,32,282,reviewer,0
qwen2_5_1_5b,shared54,best,abc369_c,0,fear,LLL,32,282,reviewer,0
qwen2_5_1_5b,shared54,best,abc370_a,0,fear,LLL,32,282,reviewer,0
qwen2_5_1_5b,shared54,best,abc370_b,0,fear,LLL,32,282,reviewer,1
qwen2_5_1_5b,shared54,best,abc370_b,1,fear,LLL,32,282,reviewer,0
qwen2_5_1_5b,shared54,best,abc371_d,0,fear,LLL,32,282,reviewer,0
qwen2_5_1_5b,shared54,best,abc371_d,1,fear,LLL,32,282,reviewer,0
qwen2_5_1_5b,shared54,best,abc371_f,0,fear,LLL,32,282,reviewer,0
qwen2_5_1_5b,shared54,best,abc371_f,1,fear,LLL,32,282,reviewer,0
qwen2_5_1_5b,shared54,best,abc372_d,0,fear,LLL,32,282,reviewer,0
qwen2_5_1_5b,shared54,best,abc373_e,0,fear,LLL,32,282,reviewer,0
qwen2_5_1_5b,shared54,best,abc374_g,0,fear,LLL,32,282,reviewer,0
qwen2_5_1_5b,shared54,best,abc375_b,0,fear,LLL,32,282,reviewer,0
qwen2_5_1_5b,shared54,best,abc375_b,1,fear,LLL,32,282,reviewer,0
qwen2_5_1_5b,shared54,best,abc375_b,2,fear,LLL,32,282,reviewer,0
qwen2_5_1_5b,shared54,best,abc375_d,0,fear,LLL,32,282,reviewer,0
qwen2_5_1_5b,shared54,best,abc375_d,1,fear,LLL,32,282,reviewer,0
qwen2_5_1_5b,shared54,best,abc375_d,2,fear,LLL,32,282,reviewer,0
qwen2_5_1_5b,shared54,best,abc376_e,0,fear,LLL,32,282,reviewer,0
qwen2_5_1_5b,shared54,best,abc376_f,0,fear,LLL,32,282,reviewer,0
qwen2_5_1_5b,shared54,best,abc376_f,1,fear,LLL,32,282,reviewer,0
qwen2_5_1_5b,shared54,best,abc377_b,0,fear,LLL,32,282,reviewer,0
qwen2_5_1_5b,shared54,best,abc377_c,0,fear,LLL,32,282,reviewer,0
qwen2_5_1_5b,shared54,best,abc377_e,0,fear,LLL,32,282,reviewer,0
qwen2_5_1_5b,shared54,best,abc377_e,1,fear,LLL,32,282,reviewer,0
qwen2_5_1_5b,shared54,best,abc377_e,2,fear,LLL,32,282,reviewer,0
qwen2_5_1_5b,shared54,best,abc379_a,0,fear,LLL,32,282,reviewer,0
qwen2_5_1_5b,shared54,best,abc379_a,1,fear,LLL,32,282,reviewer,0
qwen2_5_1_5b,shared54,best,abc379_d,0,fear,LLL,32,282,reviewer,0
qwen2_5_1_5b,shared54,best,abc379_g,0,fear,LLL,32,282,reviewer,0
qwen2_5_1_5b,shared54,best,abc380_b,0,fear,LLL,32,282,reviewer,0
qwen2_5_1_5b,shared54,best,abc380_b,1,fear,LLL,32,282,reviewer,0
qwen2_5_1_5b,shared54,best,abc380_b,2,fear,LLL,32,282,reviewer,0
qwen2_5_1_5b,shared54,best,abc380_d,0,fear,LLL,32,282,reviewer,0
qwen2_5_1_5b,shared54,best,abc380_d,1,fear,LLL,32,282,reviewer,0
qwen2_5_1_5b,shared54,best,abc381_a,0,fear,LLL,32,282,reviewer,0
qwen2_5_1_5b,shared54,best,abc382_b,0,fear,LLL,32,282,reviewer,0
qwen2_5_1_5b,shared54,best,abc383_e,0,fear,LLL,32,282,reviewer,0
qwen2_5_1_5b,shared54,best,abc385_d,0,fear,LLL,32,282,reviewer,0
qwen2_5_1_5b,shared54,best,abc386_b,0,fear,LLL,32,282,reviewer,0
qwen2_5_1_5b,shared54,best,abc386_b,1,fear,LLL,32,282,reviewer,0
qwen2_5_1_5b,shared54,best,abc386_c,0,fear,LLL,32,282,reviewer,0
qwen2_5_1_5b,shared54,best,abc387_c,0,fear,LLL,32,282,reviewer,0
qwen2_5_1_5b,shared54,best,abc387_c,1,fear,LLL,32,282,reviewer,0
qwen2_5_1_5b,shared54,best,abc387_c,2,fear,LLL,32,282,reviewer,1
qwen2_5_1_5b,shared54,best,abc388_f,0,fear,LLL,32,282,reviewer,0
qwen2_5_1_5b,shared54,best,abc389_a,0,fear,LLL,32,282,reviewer,0
qwen2_5_1_5b,shared54,best,abc389_a,1,fear,LLL,32,282,reviewer,0
qwen2_5_1_5b,shared54,best,abc389_a,2,fear,LLL,32,282,reviewer,0
qwen2_5_1_5b,shared54,best,abc389_d,0,fear,LLL,32,282,reviewer,0
qwen2_5_1_5b,shared54,best,abc391_a,0,fear,LLL,32,282,reviewer,0
qwen2_5_1_5b,shared54,best,abc391_f,0,fear,LLL,32,282,reviewer,0
qwen2_5_1_5b,shared54,best,abc392_b,0,fear,LLL,32,282,reviewer,0
qwen2_5_1_5b,shared54,best,abc392_f,0,fear,LLL,32,282,reviewer,0
qwen2_5_1_5b,shared54,best,abc392_g,0,fear,LLL,32,282,reviewer,0
qwen2_5_1_5b,shared54,best,abc392_g,1,fear,LLL,32,282,reviewer,0
qwen2_5_1_5b,shared54,best,abc392_g,2,fear,LLL,32,282,reviewer,0
qwen2_5_1_5b,shared54,best,abc393_e,0,fear,LLL,32,282,reviewer,0
qwen2_5_1_5b,shared54,best,abc393_f,0,fear,LLL,32,282,reviewer,0
qwen2_5_1_5b,shared54,best,abc393_f,1,fear,LLL,32,282,reviewer,0
qwen2_5_1_5b,shared54,best,abc393_f,2,fear,LLL,32,282,reviewer,0
qwen2_5_1_5b,shared54,best,abc394_a,0,fear,LLL,32,282,reviewer,0
qwen2_5_1_5b,shared54,best,abc394_a,1,fear,LLL,32,282,reviewer,0
qwen2_5_1_5b,shared54,best,abc394_a,2,fear,LLL,32,282,reviewer,0
qwen2_5_1_5b,shared54,best,abc394_b,0,fear,LLL,32,282,reviewer,0
qwen2_5_1_5b,shared54,best,abc394_b,1,fear,LLL,32,282,reviewer,0
qwen2_5_1_5b,shared54,best,abc394_e,0,fear,LLL,32,282,reviewer,1
qwen2_5_1_5b,shared54,best,abc394_e,1,fear,LLL,32,282,reviewer,0
qwen2_5_1_5b,shared54,best,abc396_a,0,fear,LLL,32,282,reviewer,0
qwen2_5_1_5b,shared54,best,abc396_e,0,fear,LLL,32,282,reviewer,0
qwen2_5_1_5b,shared54,best,abc399_c,0,fear,LLL,32,282,reviewer,0
qwen2_5_1_5b,shared54,best,abc400_e,0,fear,LLL,32,282,reviewer,0
qwen2_5_1_5b,shared54,best,arc181_b,0,fear,LLL,32,282,reviewer,1
qwen2_5_1_5b,shared54,best,arc181_c,0,fear,LLL,32,282,reviewer,0
qwen2_5_1_5b,shared54,best,arc182_c,0,fear,LLL,32,282,reviewer,0
qwen2_5_1_5b,shared54,best,arc182_c,1,fear,LLL,32,282,reviewer,0
qwen2_5_1_5b,shared54,best,arc182_c,2,fear,LLL,32,282,reviewer,1
qwen2_5_1_5b,shared54,best,arc183_d,0,fear,LLL,32,282,reviewer,0
qwen2_5_1_5b,shared54,best,arc183_d,1,fear,LLL,32,282,reviewer,0
qwen2_5_1_5b,shared54,best,arc185_e,0,fear,LLL,32,282,reviewer,0
qwen2_5_1_5b,shared54,best,arc185_e,1,fear,LLL,32,282,reviewer,0
qwen2_5_1_5b,shared54,best,arc186_b,0,fear,LLL,32,282,reviewer,1
qwen2_5_1_5b,shared54,best,arc186_b,1,fear,LLL,32,282,reviewer,0
qwen2_5_1_5b,shared54,best,arc186_b,2,fear,LLL,32,282,reviewer,0
qwen2_5_1_5b,shared54,best,arc186_c,0,fear,LLL,32,282,reviewer,0
qwen2_5_1_5b,shared54,best,arc186_c,1,fear,LLL,32,282,reviewer,0
qwen2_5_1_5b,shared54,best,arc188_d,0,fear,LLL,32,282,reviewer,0
qwen2_5_1_5b,shared54,best,arc189_c,0,fear,LLL,32,282,reviewer,1
qwen2_5_1_5b,shared54,best,arc189_c,1,fear,LLL,32,282,reviewer,0
qwen2_5_1_5b,shared54,best,arc189_d,0,fear,LLL,32,282,reviewer,0
qwen2_5_1_5b,shared54,best,arc190_a,0,fear,LLL,32,282,reviewer,0
qwen2_5_1_5b,shared54,best,arc190_c,0,fear,LLL,32,282,reviewer,1
qwen2_5_1_5b,shared54,best,arc191_a,0,fear,LLL,32,282,reviewer,0
qwen2_5_1_5b,shared54,best,arc191_a,1,fear,LLL,32,282,reviewer,0
qwen2_5_1_5b,shared54,best,arc191_a,2,fear,LLL,32,282,reviewer,1
qwen2_5_1_5b,shared54,best,arc192_a,0,fear,LLL,32,282,reviewer,0
qwen2_5_1_5b,shared54,best,arc192_a,1,fear,LLL,32,282,reviewer,0
qwen2_5_1_5b,shared54,best,arc193_a,0,fear,LLL,32,282,reviewer,0
qwen2_5_1_5b,shared54,best,arc193_a,1,fear,LLL,32,282,reviewer,0
qwen2_5_1_5b,shared54,best,arc193_b,0,fear,LLL,32,282,reviewer,0
qwen2_5_1_5b,shared54,best,arc193_b,1,fear,LLL,32,282,reviewer,0
qwen2_5_1_5b,shared54,best,arc193_b,2,fear,LLL,32,282,reviewer,0
qwen2_5_1_5b,shared54,best,arc194_a,0,fear,LLL,32,282,reviewer,0
qwen2_5_1_5b,shared54,best,arc194_b,0,fear,LLL,32,282,reviewer,0
qwen2_5_1_5b,shared54,best,arc194_b,1,fear,LLL,32,282,reviewer,0
qwen2_5_1_5b,shared54,best,arc194_b,2,fear,LLL,32,282,reviewer,0
qwen2_5_1_5b,shared54,best,arc195_c,0,fear,LLL,32,282,reviewer,0
qwen2_5_1_5b,shared54,best,arc195_d,0,fear,LLL,32,282,reviewer,0
llama_3_1_8b,shared54,worst,1873_A,0,disgust,HLL,24,282,reviewer,0
llama_3_1_8b,shared54,worst,1873_A,1,disgust,HLL,24,282,reviewer,1
llama_3_1_8b,shared54,worst,1873_A,2,disgust,HLL,24,282,reviewer,0
llama_3_1_8b,shared54,worst,1873_D,0,disgust,HLL,24,282,reviewer,0
llama_3_1_8b,shared54,worst,1873_D,1,disgust,HLL,24,282,reviewer,0
llama_3_1_8b,shared54,worst,1873_D,2,disgust,HLL,24,282,reviewer,0
llama_3_1_8b,shared54,worst,1883_B,0,disgust,HLL,24,282,reviewer,0
llama_3_1_8b,shared54,worst,1883_B,1,disgust,HLL,24,282,reviewer,0
llama_3_1_8b,shared54,worst,1883_B,2,disgust,HLL,24,282,reviewer,1
llama_3_1_8b,shared54,worst,1883_C,0,disgust,HLL,24,282,reviewer,1
llama_3_1_8b,shared54,worst,1883_C,1,disgust,HLL,24,282,reviewer,0
llama_3_1_8b,shared54,worst,1883_C,2,disgust,HLL,24,282,reviewer,0
llama_3_1_8b,shared54,worst,1899_B,0,disgust,HLL,24,282,reviewer,1
llama_3_1_8b,shared54,worst,1899_B,1,disgust,HLL,24,282,reviewer,0
llama_3_1_8b,shared54,worst,1899_B,2,disgust,HLL,24,282,reviewer,1
llama_3_1_8b,shared54,worst,2777,0,disgust,HLL,24,282,reviewer,0
llama_3_1_8b,shared54,worst,2777,1,disgust,HLL,24,282,reviewer,0
llama_3_1_8b,shared54,worst,2777,2,disgust,HLL,24,282,reviewer,1
llama_3_1_8b,shared54,worst,2784,0,disgust,HLL,24,282,reviewer,0
llama_3_1_8b,shared54,worst,2784,1,disgust,HLL,24,282,reviewer,0
llama_3_1_8b,shared54,worst,2784,2,disgust,HLL,24,282,reviewer,0
llama_3_1_8b,shared54,worst,2808,0,disgust,HLL,24,282,reviewer,0
llama_3_1_8b,shared54,worst,2808,1,disgust,HLL,24,282,reviewer,0
llama_3_1_8b,shared54,worst,2808,2,disgust,HLL,24,282,reviewer,0
llama_3_1_8b,shared54,worst,2811,0,disgust,HLL,24,282,reviewer,0
llama_3_1_8b,shared54,worst,2811,1,disgust,HLL,24,282,reviewer,0
llama_3_1_8b,shared54,worst,2811,2,disgust,HLL,24,282,reviewer,0
llama_3_1_8b,shared54,worst,2812,0,disgust,HLL,24,282,reviewer,0
llama_3_1_8b,shared54,worst,2812,1,disgust,HLL,24,282,reviewer,0
llama_3_1_8b,shared54,worst,2812,2,disgust,HLL,24,282,reviewer,0
llama_3_1_8b,shared54,worst,2816,0,disgust,HLL,24,282,reviewer,0
llama_3_1_8b,shared54,worst,2816,1,disgust,HLL,24,282,reviewer,0
llama_3_1_8b,shared54,worst,2816,2,disgust,HLL,24,282,reviewer,0
llama_3_1_8b,shared54,worst,2817,0,disgust,HLL,24,282,reviewer,0
llama_3_1_8b,shared54,worst,2817,1,disgust,HLL,24,282,reviewer,1
llama_3_1_8b,shared54,worst,2817,2,disgust,HLL,24,282,reviewer,0
llama_3_1_8b,shared54,worst,2825,0,disgust,HLL,24,282,reviewer,0
llama_3_1_8b,shared54,worst,2825,1,disgust,HLL,24,282,reviewer,1
llama_3_1_8b,shared54,worst,2825,2,disgust,HLL,24,282,reviewer,0
llama_3_1_8b,shared54,worst,2833,0,disgust,HLL,24,282,reviewer,1
llama_3_1_8b,shared54,worst,2833,1,disgust,HLL,24,282,reviewer,0
llama_3_1_8b,shared54,worst,2833,2,disgust,HLL,24,282,reviewer,1
llama_3_1_8b,shared54,worst,2847,0,disgust,HLL,24,282,reviewer,0
llama_3_1_8b,shared54,worst,2847,1,disgust,HLL,24,282,reviewer,0
llama_3_1_8b,shared54,worst,2847,2,disgust,HLL,24,282,reviewer,0
llama_3_1_8b,shared54,worst,2849,0,disgust,HLL,24,282,reviewer,0
llama_3_1_8b,shared54,worst,2849,1,disgust,HLL,24,282,reviewer,0
llama_3_1_8b,shared54,worst,2849,2,disgust,HLL,24,282,reviewer,0
llama_3_1_8b,shared54,worst,2868,0,disgust,HLL,24,282,reviewer,0
llama_3_1_8b,shared54,worst,2868,1,disgust,HLL,24,282,reviewer,0
llama_3_1_8b,shared54,worst,2868,2,disgust,HLL,24,282,reviewer,0
llama_3_1_8b,shared54,worst,2870,0,disgust,HLL,24,282,reviewer,0
llama_3_1_8b,shared54,worst,2870,1,disgust,HLL,24,282,reviewer,1
llama_3_1_8b,shared54,worst,2870,2,disgust,HLL,24,282,reviewer,0
llama_3_1_8b,shared54,worst,2882,0,disgust,HLL,24,282,reviewer,0
llama_3_1_8b,shared54,worst,2882,1,disgust,HLL,24,282,reviewer,0
llama_3_1_8b,shared54,worst,2882,2,disgust,HLL,24,282,reviewer,0
llama_3_1_8b,shared54,worst,2886,0,disgust,HLL,24,282,reviewer,0
llama_3_1_8b,shared54,worst,2886,1,disgust,HLL,24,282,reviewer,0
llama_3_1_8b,shared54,worst,2886,2,disgust,HLL,24,282,reviewer,0
llama_3_1_8b,shared54,worst,2902,0,disgust,HLL,24,282,reviewer,0
llama_3_1_8b,shared54,worst,2902,1,disgust,HLL,24,282,reviewer,0
llama_3_1_8b,shared54,worst,2902,2,disgust,HLL,24,282,reviewer,0
llama_3_1_8b,shared54,worst,2915,0,disgust,HLL,24,282,reviewer,0
llama_3_1_8b,shared54,worst,2915,1,disgust,HLL,24,282,reviewer,0
llama_3_1_8b,shared54,worst,2915,2,disgust,HLL,24,282,reviewer,0
llama_3_1_8b,shared54,worst,2919,0,disgust,HLL,24,282,reviewer,0
llama_3_1_8b,shared54,worst,2919,1,disgust,HLL,24,282,reviewer,1
llama_3_1_8b,shared54,worst,2919,2,disgust,HLL,24,282,reviewer,0
llama_3_1_8b,shared54,worst,2921,0,disgust,HLL,24,282,reviewer,0
llama_3_1_8b,shared54,worst,2921,1,disgust,HLL,24,282,reviewer,0
llama_3_1_8b,shared54,worst,2921,2,disgust,HLL,24,282,reviewer,0
llama_3_1_8b,shared54,worst,2952,0,disgust,HLL,24,282,reviewer,0
llama_3_1_8b,shared54,worst,2952,1,disgust,HLL,24,282,reviewer,0
llama_3_1_8b,shared54,worst,2952,2,disgust,HLL,24,282,reviewer,0
llama_3_1_8b,shared54,worst,2954,0,disgust,HLL,24,282,reviewer,0
llama_3_1_8b,shared54,worst,2954,1,disgust,HLL,24,282,reviewer,0
llama_3_1_8b,shared54,worst,2954,2,disgust,HLL,24,282,reviewer,0
llama_3_1_8b,shared54,worst,2955,0,disgust,HLL,24,282,reviewer,0
llama_3_1_8b,shared54,worst,2955,1,disgust,HLL,24,282,reviewer,0
llama_3_1_8b,shared54,worst,2955,2,disgust,HLL,24,282,reviewer,0
llama_3_1_8b,shared54,worst,2977,0,disgust,HLL,24,282,reviewer,0
llama_3_1_8b,shared54,worst,2977,1,disgust,HLL,24,282,reviewer,0
llama_3_1_8b,shared54,worst,2977,2,disgust,HLL,24,282,reviewer,0
llama_3_1_8b,shared54,worst,2998,0,disgust,HLL,24,282,reviewer,0
llama_3_1_8b,shared54,worst,2998,1,disgust,HLL,24,282,reviewer,0
llama_3_1_8b,shared54,worst,2998,2,disgust,HLL,24,282,reviewer,0
llama_3_1_8b,shared54,worst,3024,0,disgust,HLL,24,282,reviewer,0
llama_3_1_8b,shared54,worst,3024,1,disgust,HLL,24,282,reviewer,0
llama_3_1_8b,shared54,worst,3024,2,disgust,HLL,24,282,reviewer,0
llama_3_1_8b,shared54,worst,3025,0,disgust,HLL,24,282,reviewer,0
llama_3_1_8b,shared54,worst,3025,1,disgust,HLL,24,282,reviewer,0
llama_3_1_8b,shared54,worst,3025,2,disgust,HLL,24,282,reviewer,0
llama_3_1_8b,shared54,worst,3032,0,disgust,HLL,24,282,reviewer,0
llama_3_1_8b,shared54,worst,3032,1,disgust,HLL,24,282,reviewer,0
llama_3_1_8b,shared54,worst,3032,2,disgust,HLL,24,282,reviewer,0
llama_3_1_8b,shared54,worst,3044,0,disgust,HLL,24,282,reviewer,1
llama_3_1_8b,shared54,worst,3044,1,disgust,HLL,24,282,reviewer,0
llama_3_1_8b,shared54,worst,3044,2,disgust,HLL,24,282,reviewer,0
llama_3_1_8b,shared54,worst,3055,0,disgust,HLL,24,282,reviewer,1
llama_3_1_8b,shared54,worst,3055,1,disgust,HLL,24,282,reviewer,0
llama_3_1_8b,shared54,worst,3055,2,disgust,HLL,24,282,reviewer,0
llama_3_1_8b,shared54,worst,3166,0,disgust,HLL,24,282,reviewer,0
llama_3_1_8b,shared54,worst,3166,1,disgust,HLL,24,282,reviewer,0
llama_3_1_8b,shared54,worst,3166,2,disgust,HLL,24,282,reviewer,0
llama_3_1_8b,shared54,worst,3188,0,disgust,HLL,24,282,reviewer,0
llama_3_1_8b,shared54,worst,3188,1,disgust,HLL,24,282,reviewer,1
llama_3_1_8b,shared54,worst,3188,2,disgust,HLL,24,282,reviewer,1
llama_3_1_8b,shared54,worst,3192,0,disgust,HLL,24,282,reviewer,0
llama_3_1_8b,shared54,worst,3192,1,disgust,HLL,24,282,reviewer,0
llama_3_1_8b,shared54,worst,3192,2,disgust,HLL,24,282,reviewer,0
llama_3_1_8b,shared54,worst,3193,0,disgust,HLL,24,282,reviewer,0
llama_3_1_8b,shared54,worst,3193,1,disgust,HLL,24,282,reviewer,0
llama_3_1_8b,shared54,worst,3193,2,disgust,HLL,24,282,reviewer,0
llama_3_1_8b,shared54,worst,3195,0,disgust,HLL,24,282,reviewer,0
llama_3_1_8b,shared54,worst,3195,1,disgust,HLL,24,282,reviewer,0
llama_3_1_8b,shared54,worst,3195,2,disgust,HLL,24,282,reviewer,0
llama_3_1_8b,shared54,worst,3203,0,disgust,HLL,24,282,reviewer,0
llama_3_1_8b,shared54,worst,3203,1,disgust,HLL,24,282,reviewer,0
llama_3_1_8b,shared54,worst,3203,2,disgust,HLL,24,282,reviewer,0
llama_3_1_8b,shared54,worst,3213,0,disgust,HLL,24,282,reviewer,0
llama_3_1_8b,shared54,worst,3213,1,disgust,HLL,24,282,reviewer,0
llama_3_1_8b,shared54,worst,3213,2,disgust,HLL,24,282,reviewer,0
llama_3_1_8b,shared54,worst,3220,0,disgust,HLL,24,282,reviewer,0
llama_3_1_8b,shared54,worst,3220,1,disgust,HLL,24,282,reviewer,0
llama_3_1_8b,shared54,worst,3220,2,disgust,HLL,24,282,reviewer,0
llama_3_1_8b,shared54,worst,3223,0,disgust,HLL,24,282,reviewer,0
llama_3_1_8b,shared54,worst,3223,1,disgust,HLL,24,282,reviewer,0
llama_3_1_8b,shared54,worst,3223,2,disgust,HLL,24,282,reviewer,1
llama_3_1_8b,shared54,worst,3225,0,disgust,HLL,24,282,reviewer,0
llama_3_1_8b,shared54,worst,3225,1,disgust,HLL,24,282,reviewer,0
llama_3_1_8b,shared54,worst,3225,2,disgust,HLL,24,282,reviewer,0
llama_3_1_8b,shared54,worst,3229,0,disgust,HLL,24,282,reviewer,0
llama_3_1_8b,shared54,worst,3229,1,disgust,HLL,24,282,reviewer,0
llama_3_1_8b,shared54,worst,3229,2,disgust,HLL,24,282,reviewer,0
llama_3_1_8b,shared54,worst,3243,0,disgust,HLL,24,282,reviewer,0
llama_3_1_8b,shared54,worst,3243,1,disgust,HLL,24,282,reviewer,0
llama_3_1_8b,shared54,worst,3243,2,disgust,HLL,24,282,reviewer,0
llama_3_1_8b,shared54,worst,3246,0,disgust,HLL,24,282,reviewer,1
llama_3_1_8b,shared54,worst,3246,1,disgust,HLL,24,282,reviewer,1
llama_3_1_8b,shared54,worst,3246,2,disgust,HLL,24,282,reviewer,0
llama_3_1_8b,shared54,worst,3249,0,disgust,HLL,24,282,reviewer,0
llama_3_1_8b,shared54,worst,3249,1,disgust,HLL,24,282,reviewer,0
llama_3_1_8b,shared54,worst,3249,2,disgust,HLL,24,282,reviewer,0
llama_3_1_8b,shared54,worst,3251,0,disgust,HLL,24,282,reviewer,0
llama_3_1_8b,shared54,worst,3251,1,disgust,HLL,24,282,reviewer,0
llama_3_1_8b,shared54,worst,3251,2,disgust,HLL,24,282,reviewer,0
llama_3_1_8b,shared54,worst,3261,0,disgust,HLL,24,282,reviewer,0
llama_3_1_8b,shared54,worst,3261,1,disgust,HLL,24,282,reviewer,0
llama_3_1_8b,shared54,worst,3261,2,disgust,HLL,24,282,reviewer,0
llama_3_1_8b,shared54,worst,3263,0,disgust,HLL,24,282,reviewer,0
llama_3_1_8b,shared54,worst,3263,1,disgust,HLL,24,282,reviewer,1
llama_3_1_8b,shared54,worst,3263,2,disgust,HLL,24,282,reviewer,0
llama_3_1_8b,shared54,worst,3265,0,disgust,HLL,24,282,reviewer,1
llama_3_1_8b,shared54,worst,3265,1,disgust,HLL,24,282,reviewer,1
llama_3_1_8b,shared54,worst,3265,2,disgust,HLL,24,282,reviewer,0
llama_3_1_8b,shared54,worst,3269,0,disgust,HLL,24,282,reviewer,0
llama_3_1_8b,shared54,worst,3269,1,disgust,HLL,24,282,reviewer,0
llama_3_1_8b,shared54,worst,3269,2,disgust,HLL,24,282,reviewer,1
llama_3_1_8b,shared54,worst,3298,0,disgust,HLL,24,282,reviewer,0
llama_3_1_8b,shared54,worst,3298,1,disgust,HLL,24,282,reviewer,0
llama_3_1_8b,shared54,worst,3298,2,disgust,HLL,24,282,reviewer,0
llama_3_1_8b,shared54,worst,3312,0,disgust,HLL,24,282,reviewer,0
llama_3_1_8b,shared54,worst,3312,1,disgust,HLL,24,282,reviewer,0
llama_3_1_8b,shared54,worst,3312,2,disgust,HLL,24,282,reviewer,1
llama_3_1_8b,shared54,worst,3324,0,disgust,HLL,24,282,reviewer,1
llama_3_1_8b,shared54,worst,3324,1,disgust,HLL,24,282,reviewer,1
llama_3_1_8b,shared54,worst,3324,2,disgust,HLL,24,282,reviewer,0
llama_3_1_8b,shared54,worst,3329,0,disgust,HLL,24,282,reviewer,0
llama_3_1_8b,shared54,worst,3329,1,disgust,HLL,24,282,reviewer,0
llama_3_1_8b,shared54,worst,3329,2,disgust,HLL,24,282,reviewer,0
llama_3_1_8b,shared54,worst,3345,0,disgust,HLL,24,282,reviewer,1
llama_3_1_8b,shared54,worst,3345,1,disgust,HLL,24,282,reviewer,0
llama_3_1_8b,shared54,worst,3345,2,disgust,HLL,24,282,reviewer,0
llama_3_1_8b,shared54,worst,3362,0,disgust,HLL,24,282,reviewer,0
llama_3_1_8b,shared54,worst,3362,1,disgust,HLL,24,282,reviewer,0
llama_3_1_8b,shared54,worst,3388,0,disgust,HLL,24,282,reviewer,0
llama_3_1_8b,shared54,worst,3388,1,disgust,HLL,24,282,reviewer,1
llama_3_1_8b,shared54,worst,3388,2,disgust,HLL,24,282,reviewer,0
llama_3_1_8b,shared54,worst,3394,0,disgust,HLL,24,282,reviewer,0
llama_3_1_8b,shared54,worst,3394,1,disgust,HLL,24,282,reviewer,0
llama_3_1_8b,shared54,worst,3394,2,disgust,HLL,24,282,reviewer,0
llama_3_1_8b,shared54,worst,3402,0,disgust,HLL,24,282,reviewer,1
llama_3_1_8b,shared54,worst,3402,1,disgust,HLL,24,282,reviewer,0
llama_3_1_8b,shared54,worst,3402,2,disgust,HLL,24,282,reviewer,0
llama_3_1_8b,shared54,worst,3408,0,disgust,HLL,24,282,reviewer,0
llama_3_1_8b,shared54,worst,3408,1,disgust,HLL,24,282,reviewer,0
llama_3_1_8b,shared54,worst,3408,2,disgust,HLL,24,282,reviewer,0
llama_3_1_8b,shared54,worst,3412,0,disgust,HLL,24,282,reviewer,0
llama_3_1_8b,shared54,worst,3412,1,disgust,HLL,24,282,reviewer,1
llama_3_1_8b,shared54,worst,3412,2,disgust,HLL,24,282,reviewer,1
llama_3_1_8b,shared54,worst,3421,0,disgust,HLL,24,282,reviewer,0
llama_3_1_8b,shared54,worst,3421,1,disgust,HLL,24,282,reviewer,0
llama_3_1_8b,shared54,worst,3421,2,disgust,HLL,24,282,reviewer,0
llama_3_1_8b,shared54,worst,3426,0,disgust,HLL,24,282,reviewer,0
llama_3_1_8b,shared54,worst,3426,1,disgust,HLL,24,282,reviewer,0
llama_3_1_8b,shared54,worst,3426,2,disgust,HLL,24,282,reviewer,0
llama_3_1_8b,shared54,worst,3464,0,disgust,HLL,24,282,reviewer,0
llama_3_1_8b,shared54,worst,3464,1,disgust,HLL,24,282,reviewer,0
llama_3_1_8b,shared54,worst,3464,2,disgust,HLL,24,282,reviewer,0
llama_3_1_8b,shared54,worst,3471,0,disgust,HLL,24,282,reviewer,1
llama_3_1_8b,shared54,worst,3471,1,disgust,HLL,24,282,reviewer,0
llama_3_1_8b,shared54,worst,3471,2,disgust,HLL,24,282,reviewer,0
llama_3_1_8b,shared54,worst,3476,0,disgust,HLL,24,282,reviewer,0
llama_3_1_8b,shared54,worst,3476,1,disgust,HLL,24,282,reviewer,0
llama_3_1_8b,shared54,worst,3476,2,disgust,HLL,24,282,reviewer,0
llama_3_1_8b,shared54,worst,3478,0,disgust,HLL,24,282,reviewer,0
llama_3_1_8b,shared54,worst,3478,1,disgust,HLL,24,282,reviewer,0
llama_3_1_8b,shared54,worst,3478,2,disgust,HLL,24,282,reviewer,0
llama_3_1_8b,shared54,worst,3490,0,disgust,HLL,24,282,reviewer,0
llama_3_1_8b,shared54,worst,3490,1,disgust,HLL,24,282,reviewer,0
llama_3_1_8b,shared54,worst,3490,2,disgust,HLL,24,282,reviewer,0
llama_3_1_8b,shared54,worst,3495,0,disgust,HLL,24,282,reviewer,0
llama_3_1_8b,shared54,worst,3495,1,disgust,HLL,24,282,reviewer,0
llama_3_1_8b,shared54,worst,3495,2,disgust,HLL,24,282,reviewer,0
llama_3_1_8b,shared54,worst,3496,0,disgust,HLL,24,282,reviewer,0
llama_3_1_8b,shared54,worst,3496,1,disgust,HLL,24,282,reviewer,1
llama_3_1_8b,shared54,worst,3496,2,disgust,HLL,24,282,reviewer,1
llama_3_1_8b,shared54,worst,3510,0,disgust,HLL,24,282,reviewer,0
llama_3_1_8b,shared54,worst,3510,1,disgust,HLL,24,282,reviewer,0
llama_3_1_8b,shared54,worst,3510,2,disgust,HLL,24,282,reviewer,1
llama_3_1_8b,shared54,worst,3515,0,disgust,HLL,24,282,reviewer,0
llama_3_1_8b,shared54,worst,3515,1,disgust,HLL,24,282,reviewer,0
llama_3_1_8b,shared54,worst,3515,2,disgust,HLL,24,282,reviewer,1
llama_3_1_8b,shared54,worst,3517,0,disgust,HLL,24,282,reviewer,0
llama_3_1_8b,shared54,worst,3517,1,disgust,HLL,24,282,reviewer,0
llama_3_1_8b,shared54,worst,3517,2,disgust,HLL,24,282,reviewer,0
llama_3_1_8b,shared54,worst,3518,0,disgust,HLL,24,282,reviewer,0
llama_3_1_8b,shared54,worst,3518,1,disgust,HLL,24,282,reviewer,0
llama_3_1_8b,shared54,worst,3518,2,disgust,HLL,24,282,reviewer,0
llama_3_1_8b,shared54,worst,3527,0,disgust,HLL,24,282,reviewer,0
llama_3_1_8b,shared54,worst,3527,1,disgust,HLL,24,282,reviewer,0
llama_3_1_8b,shared54,worst,3527,2,disgust,HLL,24,282,reviewer,0
llama_3_1_8b,shared54,worst,3534,0,disgust,HLL,24,282,reviewer,0
llama_3_1_8b,shared54,worst,3534,1,disgust,HLL,24,282,reviewer,0
llama_3_1_8b,shared54,worst,3534,2,disgust,HLL,24,282,reviewer,0
llama_3_1_8b,shared54,worst,3535,0,disgust,HLL,24,282,reviewer,0
llama_3_1_8b,shared54,worst,3535,1,disgust,HLL,24,282,reviewer,1
llama_3_1_8b,shared54,worst,3535,2,disgust,HLL,24,282,reviewer,0
llama_3_1_8b,shared54,worst,3551,0,disgust,HLL,24,282,reviewer,0
llama_3_1_8b,shared54,worst,3551,1,disgust,HLL,24,282,reviewer,0
llama_3_1_8b,shared54,worst,3551,2,disgust,HLL,24,282,reviewer,0
llama_3_1_8b,shared54,worst,3555,0,disgust,HLL,24,282,reviewer,0
llama_3_1_8b,shared54,worst,3555,1,disgust,HLL,24,282,reviewer,0
llama_3_1_8b,shared54,worst,3555,2,disgust,HLL,24,282,reviewer,0
llama_3_1_8b,shared54,worst,3559,0,disgust,HLL,24,282,reviewer,0
llama_3_1_8b,shared54,worst,3559,1,disgust,HLL,24,282,reviewer,0
llama_3_1_8b,shared54,worst,3559,2,disgust,HLL,24,282,reviewer,0
llama_3_1_8b,shared54,worst,3560,0,disgust,HLL,24,282,reviewer,0
llama_3_1_8b,shared54,worst,3560,1,disgust,HLL,24,282,reviewer,0
llama_3_1_8b,shared54,worst,3560,2,disgust,HLL,24,282,reviewer,0
llama_3_1_8b,shared54,worst,3567,0,disgust,HLL,24,282,reviewer,0
llama_3_1_8b,shared54,worst,3567,1,disgust,HLL,24,282,reviewer,0
llama_3_1_8b,shared54,worst,3567,2,disgust,HLL,24,282,reviewer,0
llama_3_1_8b,shared54,worst,3571,0,disgust,HLL,24,282,reviewer,0
llama_3_1_8b,shared54,worst,3571,1,disgust,HLL,24,282,reviewer,0
llama_3_1_8b,shared54,worst,3571,2,disgust,HLL,24,282,reviewer,0
llama_3_1_8b,shared54,worst,3603,0,disgust,HLL,24,282,reviewer,0
llama_3_1_8b,shared54,worst,3603,1,disgust,HLL,24,282,reviewer,0
llama_3_1_8b,shared54,worst,3603,2,disgust,HLL,24,282,reviewer,0
llama_3_1_8b,shared54,worst,3605,0,disgust,HLL,24,282,reviewer,0
llama_3_1_8b,shared54,worst,3605,1,disgust,HLL,24,282,reviewer,0
llama_3_1_8b,shared54,worst,3605,2,disgust,HLL,24,282,reviewer,0
llama_3_1_8b,shared54,worst,3607,0,disgust,HLL,24,282,reviewer,0
llama_3_1_8b,shared54,worst,3607,1,disgust,HLL,24,282,reviewer,0
llama_3_1_8b,shared54,worst,3607,2,disgust,HLL,24,282,reviewer,0
llama_3_1_8b,shared54,worst,3621,0,disgust,HLL,24,282,reviewer,0
llama_3_1_8b,shared54,worst,3621,1,disgust,HLL,24,282,reviewer,0
llama_3_1_8b,shared54,worst,3621,2,disgust,HLL,24,282,reviewer,0
llama_3_1_8b,shared54,worst,3629,0,disgust,HLL,24,282,reviewer,0
llama_3_1_8b,shared54,worst,3629,1,disgust,HLL,24,282,reviewer,0
llama_3_1_8b,shared54,worst,3629,2,disgust,HLL,24,282,reviewer,0
llama_3_1_8b,shared54,worst,3637,0,disgust,HLL,24,282,reviewer,0
llama_3_1_8b,shared54,worst,3637,1,disgust,HLL,24,282,reviewer,0
llama_3_1_8b,shared54,worst,3637,2,disgust,HLL,24,282,reviewer,0
llama_3_1_8b,shared54,worst,3647,0,disgust,HLL,24,282,reviewer,0
llama_3_1_8b,shared54,worst,3647,1,disgust,HLL,24,282,reviewer,0
llama_3_1_8b,shared54,worst,3647,2,disgust,HLL,24,282,reviewer,0
llama_3_1_8b,shared54,worst,3648,0,disgust,HLL,24,282,reviewer,0
llama_3_1_8b,shared54,worst,3648,1,disgust,HLL,24,282,reviewer,0
llama_3_1_8b,shared54,worst,3648,2,disgust,HLL,24,282,reviewer,0
llama_3_1_8b,shared54,worst,3649,0,disgust,HLL,24,282,reviewer,0
llama_3_1_8b,shared54,worst,3649,1,disgust,HLL,24,282,reviewer,0
llama_3_1_8b,shared54,worst,3649,2,disgust,HLL,24,282,reviewer,0
llama_3_1_8b,shared54,worst,3657,0,disgust,HLL,24,282,reviewer,1
llama_3_1_8b,shared54,worst,3657,1,disgust,HLL,24,282,reviewer,1
llama_3_1_8b,shared54,worst,3657,2,disgust,HLL,24,282,reviewer,0
llama_3_1_8b,shared54,worst,3674,0,disgust,HLL,24,282,reviewer,1
llama_3_1_8b,shared54,worst,3674,1,disgust,HLL,24,282,reviewer,1
llama_3_1_8b,shared54,worst,3674,2,disgust,HLL,24,282,reviewer,0
llama_3_1_8b,shared54,worst,3676,0,disgust,HLL,24,282,reviewer,0
llama_3_1_8b,shared54,worst,3676,1,disgust,HLL,24,282,reviewer,0
llama_3_1_8b,shared54,worst,3676,2,disgust,HLL,24,282,reviewer,1
llama_3_1_8b,shared54,worst,3680,0,disgust,HLL,24,282,reviewer,0
llama_3_1_8b,shared54,worst,3680,1,disgust,HLL,24,282,reviewer,0
llama_3_1_8b,shared54,worst,3680,2,disgust,HLL,24,282,reviewer,0
llama_3_1_8b,shared54,worst,3683,0,disgust,HLL,24,282,reviewer,0
llama_3_1_8b,shared54,worst,3683,1,disgust,HLL,24,282,reviewer,0
llama_3_1_8b,shared54,worst,3683,2,disgust,HLL,24,282,reviewer,0
llama_3_1_8b,shared54,worst,3686,0,disgust,HLL,24,282,reviewer,0
llama_3_1_8b,shared54,worst,3686,1,disgust,HLL,24,282,reviewer,0
llama_3_1_8b,shared54,worst,3686,2,disgust,HLL,24,282,reviewer,0
llama_3_1_8b,shared54,worst,3696,0,disgust,HLL,24,282,reviewer,0
llama_3_1_8b,shared54,worst,3696,1,disgust,HLL,24,282,reviewer,0
llama_3_1_8b,shared54,worst,3696,2,disgust,HLL,24,282,reviewer,0
llama_3_1_8b,shared54,worst,3700,0,disgust,HLL,24,282,reviewer,0
llama_3_1_8b,shared54,worst,3700,1,disgust,HLL,24,282,reviewer,0
llama_3_1_8b,shared54,worst,3700,2,disgust,HLL,24,282,reviewer,0
llama_3_1_8b,shared54,worst,3702,0,disgust,HLL,24,282,reviewer,1
llama_3_1_8b,shared54,worst,3702,1,disgust,HLL,24,282,reviewer,0
llama_3_1_8b,shared54,worst,3702,2,disgust,HLL,24,282,reviewer,0
llama_3_1_8b,shared54,worst,3704,0,disgust,HLL,24,282,reviewer,0
llama_3_1_8b,shared54,worst,3704,1,disgust,HLL,24,282,reviewer,0
llama_3_1_8b,shared54,worst,3704,2,disgust,HLL,24,282,reviewer,1
llama_3_1_8b,shared54,worst,3709,0,disgust,HLL,24,282,reviewer,0
llama_3_1_8b,shared54,worst,3709,1,disgust,HLL,24,282,reviewer,0
llama_3_1_8b,shared54,worst,3709,2,disgust,HLL,24,282,reviewer,1
llama_3_1_8b,shared54,worst,3714,0,disgust,HLL,24,282,reviewer,0
llama_3_1_8b,shared54,worst,3714,1,disgust,HLL,24,282,reviewer,0
llama_3_1_8b,shared54,worst,3714,2,disgust,HLL,24,282,reviewer,0
llama_3_1_8b,shared54,worst,3722,0,disgust,HLL,24,282,reviewer,0
llama_3_1_8b,shared54,worst,3722,1,disgust,HLL,24,282,reviewer,0
llama_3_1_8b,shared54,worst,3722,2,disgust,HLL,24,282,reviewer,0
llama_3_1_8b,shared54,worst,3731,0,disgust,HLL,24,282,reviewer,0
llama_3_1_8b,shared54,worst,3731,1,disgust,HLL,24,282,reviewer,0
llama_3_1_8b,shared54,worst,3731,2,disgust,HLL,24,282,reviewer,0
llama_3_1_8b,shared54,worst,3736,0,disgust,HLL,24,282,reviewer,0
llama_3_1_8b,shared54,worst,3736,1,disgust,HLL,24,282,reviewer,1
llama_3_1_8b,shared54,worst,3736,2,disgust,HLL,24,282,reviewer,0
llama_3_1_8b,shared54,worst,3743,0,disgust,HLL,24,282,reviewer,0
llama_3_1_8b,shared54,worst,3743,1,disgust,HLL,24,282,reviewer,1
llama_3_1_8b,shared54,worst,3743,2,disgust,HLL,24,282,reviewer,0
llama_3_1_8b,shared54,worst,3744,0,disgust,HLL,24,282,reviewer,0
llama_3_1_8b,shared54,worst,3744,1,disgust,HLL,24,282,reviewer,0
llama_3_1_8b,shared54,worst,3744,2,disgust,HLL,24,282,reviewer,0
llama_3_1_8b,shared54,worst,3751,0,disgust,HLL,24,282,reviewer,0
llama_3_1_8b,shared54,worst,3751,1,disgust,HLL,24,282,reviewer,0
llama_3_1_8b,shared54,worst,3751,2,disgust,HLL,24,282,reviewer,0
llama_3_1_8b,shared54,worst,3771,0,disgust,HLL,24,282,reviewer,0
llama_3_1_8b,shared54,worst,3771,1,disgust,HLL,24,282,reviewer,0
llama_3_1_8b,shared54,worst,3771,2,disgust,HLL,24,282,reviewer,0
llama_3_1_8b,shared54,worst,3785,0,disgust,HLL,24,282,reviewer,0
llama_3_1_8b,shared54,worst,3785,1,disgust,HLL,24,282,reviewer,1
llama_3_1_8b,shared54,worst,3785,2,disgust,HLL,24,282,reviewer,0
llama_3_1_8b,shared54,worst,3786,0,disgust,HLL,24,282,reviewer,0
llama_3_1_8b,shared54,worst,3786,1,disgust,HLL,24,282,reviewer,0
llama_3_1_8b,shared54,worst,3786,2,disgust,HLL,24,282,reviewer,0
llama_3_1_8b,shared54,worst,3793,0,disgust,HLL,24,282,reviewer,0
llama_3_1_8b,shared54,worst,3793,1,disgust,HLL,24,282,reviewer,0
llama_3_1_8b,shared54,worst,3793,2,disgust,HLL,24,282,reviewer,0
llama_3_1_8b,shared54,worst,abc301_b,0,disgust,HLL,24,282,reviewer,1
llama_3_1_8b,shared54,worst,abc301_b,1,disgust,HLL,24,282,reviewer,1
llama_3_1_8b,shared54,worst,abc301_b,2,disgust,HLL,24,282,reviewer,0
llama_3_1_8b,shared54,worst,abc301_e,0,disgust,HLL,24,282,reviewer,1
llama_3_1_8b,shared54,worst,abc301_e,1,disgust,HLL,24,282,reviewer,1
llama_3_1_8b,shared54,worst,abc301_e,2,disgust,HLL,24,282,reviewer,0
llama_3_1_8b,shared54,worst,abc302_e,0,disgust,HLL,24,282,reviewer,0
llama_3_1_8b,shared54,worst,abc302_e,1,disgust,HLL,24,282,reviewer,0
llama_3_1_8b,shared54,worst,abc302_e,2,disgust,HLL,24,282,reviewer,0
llama_3_1_8b,shared54,worst,abc303_a,0,disgust,HLL,24,282,reviewer,0
llama_3_1_8b,shared54,worst,abc303_a,1,disgust,HLL,24,282,reviewer,0
llama_3_1_8b,shared54,worst,abc303_a,2,disgust,HLL,24,282,reviewer,0
llama_3_1_8b,shared54,worst,abc303_b,0,disgust,HLL,24,282,reviewer,1
llama_3_1_8b,shared54,worst,abc303_b,1,disgust,HLL,24,282,reviewer,0
llama_3_1_8b,shared54,worst,abc303_b,2,disgust,HLL,24,282,reviewer,0
llama_3_1_8b,shared54,worst,abc303_d,0,disgust,HLL,24,282,reviewer,0
llama_3_1_8b,shared54,worst,abc303_d,1,disgust,HLL,24,282,reviewer,1
llama_3_1_8b,shared54,worst,abc303_d,2,disgust,HLL,24,282,reviewer,1
llama_3_1_8b,shared54,worst,abc303_e,0,disgust,HLL,24,282,reviewer,1
llama_3_1_8b,shared54,worst,abc303_e,1,disgust,HLL,24,282,reviewer,0
llama_3_1_8b,shared54,worst,abc303_e,2,disgust,HLL,24,282,reviewer,0
llama_3_1_8b,shared54,worst,abc304_a,0,disgust,HLL,24,282,reviewer,0
llama_3_1_8b,shared54,worst,abc304_a,1,disgust,HLL,24,282,reviewer,0
llama_3_1_8b,shared54,worst,abc304_a,2,disgust,HLL,24,282,reviewer,0
llama_3_1_8b,shared54,worst,abc307_a,0,disgust,HLL,24,282,reviewer,0
llama_3_1_8b,shared54,worst,abc307_a,1,disgust,HLL,24,282,reviewer,0
llama_3_1_8b,shared54,worst,abc307_a,2,disgust,HLL,24,282,reviewer,0
llama_3_1_8b,shared54,worst,abc307_b,0,disgust,HLL,24,282,reviewer,0
llama_3_1_8b,shared54,worst,abc307_b,1,disgust,HLL,24,282,reviewer,0
llama_3_1_8b,shared54,worst,abc307_b,2,disgust,HLL,24,282,reviewer,0
llama_3_1_8b,shared54,worst,abc309_c,0,disgust,HLL,24,282,reviewer,0
llama_3_1_8b,shared54,worst,abc309_c,1,disgust,HLL,24,282,reviewer,0
llama_3_1_8b,shared54,worst,abc309_c,2,disgust,HLL,24,282,reviewer,0
llama_3_1_8b,shared54,worst,abc309_d,0,disgust,HLL,24,282,reviewer,1
llama_3_1_8b,shared54,worst,abc309_d,1,disgust,HLL,24,282,reviewer,0
llama_3_1_8b,shared54,worst,abc309_d,2,disgust,HLL,24,282,reviewer,1
llama_3_1_8b,shared54,worst,abc309_e,0,disgust,HLL,24,282,reviewer,1
llama_3_1_8b,shared54,worst,abc309_e,1,disgust,HLL,24,282,reviewer,1
llama_3_1_8b,shared54,worst,abc309_e,2,disgust,HLL,24,282,reviewer,1
llama_3_1_8b,shared54,worst,abc310_b,0,disgust,HLL,24,282,reviewer,0
llama_3_1_8b,shared54,worst,abc310_b,1,disgust,HLL,24,282,reviewer,0
llama_3_1_8b,shared54,worst,abc310_b,2,disgust,HLL,24,282,reviewer,0
llama_3_1_8b,shared54,worst,abc310_c,0,disgust,HLL,24,282,reviewer,0
llama_3_1_8b,shared54,worst,abc310_c,1,disgust,HLL,24,282,reviewer,0
llama_3_1_8b,shared54,worst,abc310_c,2,disgust,HLL,24,282,reviewer,0
llama_3_1_8b,shared54,worst,abc310_f,0,disgust,HLL,24,282,reviewer,0
llama_3_1_8b,shared54,worst,abc310_f,1,disgust,HLL,24,282,reviewer,0
llama_3_1_8b,shared54,worst,abc310_f,2,disgust,HLL,24,282,reviewer,0
llama_3_1_8b,shared54,worst,abc311_b,0,disgust,HLL,24,282,reviewer,1
llama_3_1_8b,shared54,worst,abc311_b,1,disgust,HLL,24,282,reviewer,0
llama_3_1_8b,shared54,worst,abc311_b,2,disgust,HLL,24,282,reviewer,0
llama_3_1_8b,shared54,worst,abc312_e,0,disgust,HLL,24,282,reviewer,1
llama_3_1_8b,shared54,worst,abc312_e,1,disgust,HLL,24,282,reviewer,1
llama_3_1_8b,shared54,worst,abc312_e,2,disgust,HLL,24,282,reviewer,0
llama_3_1_8b,shared54,worst,abc312_f,0,disgust,HLL,24,282,reviewer,0
llama_3_1_8b,shared54,worst,abc312_f,1,disgust,HLL,24,282,reviewer,0
llama_3_1_8b,shared54,worst,abc312_f,2,disgust,HLL,24,282,reviewer,0
llama_3_1_8b,shared54,worst,abc313_a,0,disgust,HLL,24,282,reviewer,0
llama_3_1_8b,shared54,worst,abc313_a,1,disgust,HLL,24,282,reviewer,0
llama_3_1_8b,shared54,worst,abc313_a,2,disgust,HLL,24,282,reviewer,1
llama_3_1_8b,shared54,worst,abc315_b,0,disgust,HLL,24,282,reviewer,0
llama_3_1_8b,shared54,worst,abc315_b,1,disgust,HLL,24,282,reviewer,0
llama_3_1_8b,shared54,worst,abc315_b,2,disgust,HLL,24,282,reviewer,0
llama_3_1_8b,shared54,worst,abc315_c,0,disgust,HLL,24,282,reviewer,0
llama_3_1_8b,shared54,worst,abc315_c,1,disgust,HLL,24,282,reviewer,1
llama_3_1_8b,shared54,worst,abc315_c,2,disgust,HLL,24,282,reviewer,0
llama_3_1_8b,shared54,worst,abc315_d,0,disgust,HLL,24,282,reviewer,1
llama_3_1_8b,shared54,worst,abc315_d,1,disgust,HLL,24,282,reviewer,0
llama_3_1_8b,shared54,worst,abc315_d,2,disgust,HLL,24,282,reviewer,1
llama_3_1_8b,shared54,worst,abc318_b,0,disgust,HLL,24,282,reviewer,1
llama_3_1_8b,shared54,worst,abc318_b,1,disgust,HLL,24,282,reviewer,0
llama_3_1_8b,shared54,worst,abc318_b,2,disgust,HLL,24,282,reviewer,1
llama_3_1_8b,shared54,worst,abc318_d,0,disgust,HLL,24,282,reviewer,0
llama_3_1_8b,shared54,worst,abc318_d,1,disgust,HLL,24,282,reviewer,1
llama_3_1_8b,shared54,worst,abc318_d,2,disgust,HLL,24,282,reviewer,0
llama_3_1_8b,shared54,worst,abc319_c,0,disgust,HLL,24,282,reviewer,0
llama_3_1_8b,shared54,worst,abc319_c,1,disgust,HLL,24,282,reviewer,1
llama_3_1_8b,shared54,worst,abc319_c,2,disgust,HLL,24,282,reviewer,0
llama_3_1_8b,shared54,worst,abc320_e,0,disgust,HLL,24,282,reviewer,1
llama_3_1_8b,shared54,worst,abc320_e,1,disgust,HLL,24,282,reviewer,1
llama_3_1_8b,shared54,worst,abc320_e,2,disgust,HLL,24,282,reviewer,0
llama_3_1_8b,shared54,worst,abc321_b,0,disgust,HLL,24,282,reviewer,0
llama_3_1_8b,shared54,worst,abc321_b,1,disgust,HLL,24,282,reviewer,1
llama_3_1_8b,shared54,worst,abc321_b,2,disgust,HLL,24,282,reviewer,0
llama_3_1_8b,shared54,worst,abc321_c,0,disgust,HLL,24,282,reviewer,0
llama_3_1_8b,shared54,worst,abc321_c,1,disgust,HLL,24,282,reviewer,1
llama_3_1_8b,shared54,worst,abc321_c,2,disgust,HLL,24,282,reviewer,0
llama_3_1_8b,shared54,worst,abc322_c,0,disgust,HLL,24,282,reviewer,1
llama_3_1_8b,shared54,worst,abc322_c,1,disgust,HLL,24,282,reviewer,1
llama_3_1_8b,shared54,worst,abc322_c,2,disgust,HLL,24,282,reviewer,1
llama_3_1_8b,shared54,worst,abc324_a,0,disgust,HLL,24,282,reviewer,0
llama_3_1_8b,shared54,worst,abc324_a,1,disgust,HLL,24,282,reviewer,1
llama_3_1_8b,shared54,worst,abc324_a,2,disgust,HLL,24,282,reviewer,1
llama_3_1_8b,shared54,worst,abc324_b,0,disgust,HLL,24,282,reviewer,0
llama_3_1_8b,shared54,worst,abc324_b,1,disgust,HLL,24,282,reviewer,1
llama_3_1_8b,shared54,worst,abc324_b,2,disgust,HLL,24,282,reviewer,1
llama_3_1_8b,shared54,worst,abc325_b,0,disgust,HLL,24,282,reviewer,1
llama_3_1_8b,shared54,worst,abc325_b,1,disgust,HLL,24,282,reviewer,0
llama_3_1_8b,shared54,worst,abc325_b,2,disgust,HLL,24,282,reviewer,0
llama_3_1_8b,shared54,worst,abc325_e,0,disgust,HLL,24,282,reviewer,0
llama_3_1_8b,shared54,worst,abc325_e,1,disgust,HLL,24,282,reviewer,0
llama_3_1_8b,shared54,worst,abc325_e,2,disgust,HLL,24,282,reviewer,0
llama_3_1_8b,shared54,worst,abc326_d,0,disgust,HLL,24,282,reviewer,1
llama_3_1_8b,shared54,worst,abc326_d,1,disgust,HLL,24,282,reviewer,1
llama_3_1_8b,shared54,worst,abc326_d,2,disgust,HLL,24,282,reviewer,0
llama_3_1_8b,shared54,worst,abc327_a,0,disgust,HLL,24,282,reviewer,1
llama_3_1_8b,shared54,worst,abc327_a,1,disgust,HLL,24,282,reviewer,1
llama_3_1_8b,shared54,worst,abc327_a,2,disgust,HLL,24,282,reviewer,0
llama_3_1_8b,shared54,worst,abc327_c,0,disgust,HLL,24,282,reviewer,0
llama_3_1_8b,shared54,worst,abc327_c,1,disgust,HLL,24,282,reviewer,1
llama_3_1_8b,shared54,worst,abc327_c,2,disgust,HLL,24,282,reviewer,1
llama_3_1_8b,shared54,worst,abc328_b,0,disgust,HLL,24,282,reviewer,0
llama_3_1_8b,shared54,worst,abc328_b,1,disgust,HLL,24,282,reviewer,0
llama_3_1_8b,shared54,worst,abc328_b,2,disgust,HLL,24,282,reviewer,0
llama_3_1_8b,shared54,worst,abc328_d,0,disgust,HLL,24,282,reviewer,0
llama_3_1_8b,shared54,worst,abc328_d,1,disgust,HLL,24,282,reviewer,0
llama_3_1_8b,shared54,worst,abc328_d,2,disgust,HLL,24,282,reviewer,0
llama_3_1_8b,shared54,worst,abc329_b,0,disgust,HLL,24,282,reviewer,0
llama_3_1_8b,shared54,worst,abc329_b,1,disgust,HLL,24,282,reviewer,1
llama_3_1_8b,shared54,worst,abc329_b,2,disgust,HLL,24,282,reviewer,0
llama_3_1_8b,shared54,worst,abc329_f,0,disgust,HLL,24,282,reviewer,0
llama_3_1_8b,shared54,worst,abc329_f,1,disgust,HLL,24,282,reviewer,0
llama_3_1_8b,shared54,worst,abc329_f,2,disgust,HLL,24,282,reviewer,0
llama_3_1_8b,shared54,worst,abc330_d,0,disgust,HLL,24,282,reviewer,0
llama_3_1_8b,shared54,worst,abc330_d,1,disgust,HLL,24,282,reviewer,1
llama_3_1_8b,shared54,worst,abc330_d,2,disgust,HLL,24,282,reviewer,1
llama_3_1_8b,shared54,worst,abc331_c,0,disgust,HLL,24,282,reviewer,0
llama_3_1_8b,shared54,worst,abc331_c,1,disgust,HLL,24,282,reviewer,0
llama_3_1_8b,shared54,worst,abc331_c,2,disgust,HLL,24,282,reviewer,1
llama_3_1_8b,shared54,worst,abc331_e,0,disgust,HLL,24,282,reviewer,0
llama_3_1_8b,shared54,worst,abc331_e,1,disgust,HLL,24,282,reviewer,0
llama_3_1_8b,shared54,worst,abc331_e,2,disgust,HLL,24,282,reviewer,0
llama_3_1_8b,shared54,worst,abc333_a,0,disgust,HLL,24,282,reviewer,0
llama_3_1_8b,shared54,worst,abc333_a,1,disgust,HLL,24,282,reviewer,0
llama_3_1_8b,shared54,worst,abc333_a,2,disgust,HLL,24,282,reviewer,0
llama_3_1_8b,shared54,worst,abc333_d,0,disgust,HLL,24,282,reviewer,0
llama_3_1_8b,shared54,worst,abc333_d,1,disgust,HLL,24,282,reviewer,0
llama_3_1_8b,shared54,worst,abc333_d,2,disgust,HLL,24,282,reviewer,0
llama_3_1_8b,shared54,worst,abc335_c,0,disgust,HLL,24,282,reviewer,0
llama_3_1_8b,shared54,worst,abc335_c,1,disgust,HLL,24,282,reviewer,0
llama_3_1_8b,shared54,worst,abc335_c,2,disgust,HLL,24,282,reviewer,0
llama_3_1_8b,shared54,worst,abc337_b,0,disgust,HLL,24,282,reviewer,0
llama_3_1_8b,shared54,worst,abc337_b,1,disgust,HLL,24,282,reviewer,0
llama_3_1_8b,shared54,worst,abc337_b,2,disgust,HLL,24,282,reviewer,1
llama_3_1_8b,shared54,worst,abc337_d,0,disgust,HLL,24,282,reviewer,0
llama_3_1_8b,shared54,worst,abc337_d,1,disgust,HLL,24,282,reviewer,0
llama_3_1_8b,shared54,worst,abc337_d,2,disgust,HLL,24,282,reviewer,0
llama_3_1_8b,shared54,worst,abc338_a,0,disgust,HLL,24,282,reviewer,0
llama_3_1_8b,shared54,worst,abc338_a,1,disgust,HLL,24,282,reviewer,0
llama_3_1_8b,shared54,worst,abc338_a,2,disgust,HLL,24,282,reviewer,0
llama_3_1_8b,shared54,worst,abc338_e,0,disgust,HLL,24,282,reviewer,1
llama_3_1_8b,shared54,worst,abc338_e,1,disgust,HLL,24,282,reviewer,1
llama_3_1_8b,shared54,worst,abc338_e,2,disgust,HLL,24,282,reviewer,0
llama_3_1_8b,shared54,worst,abc339_b,0,disgust,HLL,24,282,reviewer,0
llama_3_1_8b,shared54,worst,abc339_b,1,disgust,HLL,24,282,reviewer,0
llama_3_1_8b,shared54,worst,abc339_b,2,disgust,HLL,24,282,reviewer,0
llama_3_1_8b,shared54,worst,abc339_d,0,disgust,HLL,24,282,reviewer,0
llama_3_1_8b,shared54,worst,abc339_d,1,disgust,HLL,24,282,reviewer,0
llama_3_1_8b,shared54,worst,abc339_d,2,disgust,HLL,24,282,reviewer,0
llama_3_1_8b,shared54,worst,abc340_d,0,disgust,HLL,24,282,reviewer,0
llama_3_1_8b,shared54,worst,abc340_d,1,disgust,HLL,24,282,reviewer,1
llama_3_1_8b,shared54,worst,abc340_d,2,disgust,HLL,24,282,reviewer,0
llama_3_1_8b,shared54,worst,abc341_b,0,disgust,HLL,24,282,reviewer,0
llama_3_1_8b,shared54,worst,abc341_b,1,disgust,HLL,24,282,reviewer,0
llama_3_1_8b,shared54,worst,abc341_b,2,disgust,HLL,24,282,reviewer,0
llama_3_1_8b,shared54,worst,abc341_c,0,disgust,HLL,24,282,reviewer,0
llama_3_1_8b,shared54,worst,abc341_c,1,disgust,HLL,24,282,reviewer,0
llama_3_1_8b,shared54,worst,abc341_c,2,disgust,HLL,24,282,reviewer,0
llama_3_1_8b,shared54,worst,abc341_d,0,disgust,HLL,24,282,reviewer,0
llama_3_1_8b,shared54,worst,abc341_d,1,disgust,HLL,24,282,reviewer,0
llama_3_1_8b,shared54,worst,abc341_d,2,disgust,HLL,24,282,reviewer,0
llama_3_1_8b,shared54,worst,abc341_f,0,disgust,HLL,24,282,reviewer,1
llama_3_1_8b,shared54,worst,abc341_f,1,disgust,HLL,24,282,reviewer,0
llama_3_1_8b,shared54,worst,abc341_f,2,disgust,HLL,24,282,reviewer,1
llama_3_1_8b,shared54,worst,abc342_a,0,disgust,HLL,24,282,reviewer,0
llama_3_1_8b,shared54,worst,abc342_a,1,disgust,HLL,24,282,reviewer,1
llama_3_1_8b,shared54,worst,abc342_a,2,disgust,HLL,24,282,reviewer,0
llama_3_1_8b,shared54,worst,abc342_b,0,disgust,HLL,24,282,reviewer,0
llama_3_1_8b,shared54,worst,abc342_b,1,disgust,HLL,24,282,reviewer,0
llama_3_1_8b,shared54,worst,abc342_b,2,disgust,HLL,24,282,reviewer,0
llama_3_1_8b,shared54,worst,abc342_d,0,disgust,HLL,24,282,reviewer,0
llama_3_1_8b,shared54,worst,abc342_d,1,disgust,HLL,24,282,reviewer,0
llama_3_1_8b,shared54,worst,abc342_d,2,disgust,HLL,24,282,reviewer,0
llama_3_1_8b,shared54,worst,abc343_d,0,disgust,HLL,24,282,reviewer,1
llama_3_1_8b,shared54,worst,abc343_d,1,disgust,HLL,24,282,reviewer,0
llama_3_1_8b,shared54,worst,abc343_d,2,disgust,HLL,24,282,reviewer,0
llama_3_1_8b,shared54,worst,abc345_b,0,disgust,HLL,24,282,reviewer,0
llama_3_1_8b,shared54,worst,abc345_b,1,disgust,HLL,24,282,reviewer,0
llama_3_1_8b,shared54,worst,abc345_b,2,disgust,HLL,24,282,reviewer,0
llama_3_1_8b,shared54,worst,abc345_d,0,disgust,HLL,24,282,reviewer,1
llama_3_1_8b,shared54,worst,abc345_d,1,disgust,HLL,24,282,reviewer,0
llama_3_1_8b,shared54,worst,abc345_d,2,disgust,HLL,24,282,reviewer,0
llama_3_1_8b,shared54,worst,abc346_b,0,disgust,HLL,24,282,reviewer,0
llama_3_1_8b,shared54,worst,abc346_b,1,disgust,HLL,24,282,reviewer,1
llama_3_1_8b,shared54,worst,abc346_b,2,disgust,HLL,24,282,reviewer,0
llama_3_1_8b,shared54,worst,abc347_a,0,disgust,HLL,24,282,reviewer,1
llama_3_1_8b,shared54,worst,abc347_a,1,disgust,HLL,24,282,reviewer,0
llama_3_1_8b,shared54,worst,abc347_a,2,disgust,HLL,24,282,reviewer,0
llama_3_1_8b,shared54,worst,abc348_a,0,disgust,HLL,24,282,reviewer,0
llama_3_1_8b,shared54,worst,abc348_a,1,disgust,HLL,24,282,reviewer,0
llama_3_1_8b,shared54,worst,abc348_a,2,disgust,HLL,24,282,reviewer,0
llama_3_1_8b,shared54,worst,abc348_c,0,disgust,HLL,24,282,reviewer,0
llama_3_1_8b,shared54,worst,abc348_c,1,disgust,HLL,24,282,reviewer,0
llama_3_1_8b,shared54,worst,abc348_c,2,disgust,HLL,24,282,reviewer,0
llama_3_1_8b,shared54,worst,abc349_c,0,disgust,HLL,24,282,reviewer,0
llama_3_1_8b,shared54,worst,abc349_c,1,disgust,HLL,24,282,reviewer,1
llama_3_1_8b,shared54,worst,abc349_c,2,disgust,HLL,24,282,reviewer,1
llama_3_1_8b,shared54,worst,abc349_d,0,disgust,HLL,24,282,reviewer,0
llama_3_1_8b,shared54,worst,abc349_d,1,disgust,HLL,24,282,reviewer,0
llama_3_1_8b,shared54,worst,abc349_d,2,disgust,HLL,24,282,reviewer,0
llama_3_1_8b,shared54,worst,abc349_e,0,disgust,HLL,24,282,reviewer,1
llama_3_1_8b,shared54,worst,abc349_e,1,disgust,HLL,24,282,reviewer,0
llama_3_1_8b,shared54,worst,abc349_e,2,disgust,HLL,24,282,reviewer,0
llama_3_1_8b,shared54,worst,abc351_a,0,disgust,HLL,24,282,reviewer,0
llama_3_1_8b,shared54,worst,abc351_a,1,disgust,HLL,24,282,reviewer,0
llama_3_1_8b,shared54,worst,abc351_a,2,disgust,HLL,24,282,reviewer,0
llama_3_1_8b,shared54,worst,abc352_b,0,disgust,HLL,24,282,reviewer,0
llama_3_1_8b,shared54,worst,abc352_b,1,disgust,HLL,24,282,reviewer,1
llama_3_1_8b,shared54,worst,abc352_b,2,disgust,HLL,24,282,reviewer,0
llama_3_1_8b,shared54,worst,abc352_e,0,disgust,HLL,24,282,reviewer,0
llama_3_1_8b,shared54,worst,abc352_e,1,disgust,HLL,24,282,reviewer,0
llama_3_1_8b,shared54,worst,abc352_e,2,disgust,HLL,24,282,reviewer,0
llama_3_1_8b,shared54,worst,abc353_a,0,disgust,HLL,24,282,reviewer,0
llama_3_1_8b,shared54,worst,abc353_a,1,disgust,HLL,24,282,reviewer,0
llama_3_1_8b,shared54,worst,abc353_a,2,disgust,HLL,24,282,reviewer,0
llama_3_1_8b,shared54,worst,abc354_a,0,disgust,HLL,24,282,reviewer,0
llama_3_1_8b,shared54,worst,abc354_a,1,disgust,HLL,24,282,reviewer,1
llama_3_1_8b,shared54,worst,abc354_a,2,disgust,HLL,24,282,reviewer,0
llama_3_1_8b,shared54,worst,abc354_b,0,disgust,HLL,24,282,reviewer,0
llama_3_1_8b,shared54,worst,abc354_b,1,disgust,HLL,24,282,reviewer,0
llama_3_1_8b,shared54,worst,abc354_b,2,disgust,HLL,24,282,reviewer,1
llama_3_1_8b,shared54,worst,abc354_c,0,disgust,HLL,24,282,reviewer,0
llama_3_1_8b,shared54,worst,abc354_c,1,disgust,HLL,24,282,reviewer,0
llama_3_1_8b,shared54,worst,abc354_c,2,disgust,HLL,24,282,reviewer,1
llama_3_1_8b,shared54,worst,abc354_d,0,disgust,HLL,24,282,reviewer,0
llama_3_1_8b,shared54,worst,abc354_d,1,disgust,HLL,24,282,reviewer,0
llama_3_1_8b,shared54,worst,abc354_d,2,disgust,HLL,24,282,reviewer,0
llama_3_1_8b,shared54,worst,abc355_c,0,disgust,HLL,24,282,reviewer,0
llama_3_1_8b,shared54,worst,abc355_d,0,disgust,HLL,24,282,reviewer,1
llama_3_1_8b,shared54,worst,abc355_d,1,disgust,HLL,24,282,reviewer,0
llama_3_1_8b,shared54,worst,abc355_d,2,disgust,HLL,24,282,reviewer,0
llama_3_1_8b,shared54,worst,abc355_e,0,disgust,HLL,24,282,reviewer,0
llama_3_1_8b,shared54,worst,abc355_e,1,disgust,HLL,24,282,reviewer,0
llama_3_1_8b,shared54,worst,abc355_e,2,disgust,HLL,24,282,reviewer,0
llama_3_1_8b,shared54,worst,abc356_e,0,disgust,HLL,24,282,reviewer,0
llama_3_1_8b,shared54,worst,abc356_e,1,disgust,HLL,24,282,reviewer,0
llama_3_1_8b,shared54,worst,abc356_e,2,disgust,HLL,24,282,reviewer,0
llama_3_1_8b,shared54,worst,abc358_a,0,disgust,HLL,24,282,reviewer,0
llama_3_1_8b,shared54,worst,abc358_a,1,disgust,HLL,24,282,reviewer,0
llama_3_1_8b,shared54,worst,abc358_a,2,disgust,HLL,24,282,reviewer,1
llama_3_1_8b,shared54,worst,abc359_d,0,disgust,HLL,24,282,reviewer,0
llama_3_1_8b,shared54,worst,abc359_d,1,disgust,HLL,24,282,reviewer,1
llama_3_1_8b,shared54,worst,abc359_d,2,disgust,HLL,24,282,reviewer,1
llama_3_1_8b,shared54,worst,abc360_a,0,disgust,HLL,24,282,reviewer,0
llama_3_1_8b,shared54,worst,abc360_a,1,disgust,HLL,24,282,reviewer,1
llama_3_1_8b,shared54,worst,abc360_a,2,disgust,HLL,24,282,reviewer,0
llama_3_1_8b,shared54,worst,abc360_b,0,disgust,HLL,24,282,reviewer,0
llama_3_1_8b,shared54,worst,abc360_b,1,disgust,HLL,24,282,reviewer,0
llama_3_1_8b,shared54,worst,abc360_b,2,disgust,HLL,24,282,reviewer,1
llama_3_1_8b,shared54,worst,abc360_c,0,disgust,HLL,24,282,reviewer,0
llama_3_1_8b,shared54,worst,abc360_c,1,disgust,HLL,24,282,reviewer,0
llama_3_1_8b,shared54,worst,abc360_c,2,disgust,HLL,24,282,reviewer,0
llama_3_1_8b,shared54,worst,abc360_e,0,disgust,HLL,24,282,reviewer,0
llama_3_1_8b,shared54,worst,abc360_e,1,disgust,HLL,24,282,reviewer,1
llama_3_1_8b,shared54,worst,abc360_e,2,disgust,HLL,24,282,reviewer,1
llama_3_1_8b,shared54,worst,abc363_e,0,disgust,HLL,24,282,reviewer,0
llama_3_1_8b,shared54,worst,abc363_e,1,disgust,HLL,24,282,reviewer,0
llama_3_1_8b,shared54,worst,abc363_e,2,disgust,HLL,24,282,reviewer,0
llama_3_1_8b,shared54,worst,abc364_f,0,disgust,HLL,24,282,reviewer,0
llama_3_1_8b,shared54,worst,abc364_f,1,disgust,HLL,24,282,reviewer,0
llama_3_1_8b,shared54,worst,abc364_f,2,disgust,HLL,24,282,reviewer,0
llama_3_1_8b,shared54,worst,abc365_c,0,disgust,HLL,24,282,reviewer,0
llama_3_1_8b,shared54,worst,abc365_c,1,disgust,HLL,24,282,reviewer,0
llama_3_1_8b,shared54,worst,abc365_c,2,disgust,HLL,24,282,reviewer,0
llama_3_1_8b,shared54,worst,abc365_d,0,disgust,HLL,24,282,reviewer,0
llama_3_1_8b,shared54,worst,abc365_d,1,disgust,HLL,24,282,reviewer,0
llama_3_1_8b,shared54,worst,abc365_d,2,disgust,HLL,24,282,reviewer,1
llama_3_1_8b,shared54,worst,abc366_a,0,disgust,HLL,24,282,reviewer,0
llama_3_1_8b,shared54,worst,abc366_a,1,disgust,HLL,24,282,reviewer,0
llama_3_1_8b,shared54,worst,abc366_a,2,disgust,HLL,24,282,reviewer,0
llama_3_1_8b,shared54,worst,abc366_c,0,disgust,HLL,24,282,reviewer,0
llama_3_1_8b,shared54,worst,abc366_c,1,disgust,HLL,24,282,reviewer,0
llama_3_1_8b,shared54,worst,abc366_c,2,disgust,HLL,24,282,reviewer,0
llama_3_1_8b,shared54,worst,abc366_f,0,disgust,HLL,24,282,reviewer,0
llama_3_1_8b,shared54,worst,abc366_f,1,disgust,HLL,24,282,reviewer,0
llama_3_1_8b,shared54,worst,abc366_f,2,disgust,HLL,24,282,reviewer,0
llama_3_1_8b,shared54,worst,abc366_g,0,disgust,HLL,24,282,reviewer,0
llama_3_1_8b,shared54,worst,abc366_g,1,disgust,HLL,24,282,reviewer,1
llama_3_1_8b,shared54,worst,abc366_g,2,disgust,HLL,24,282,reviewer,1
llama_3_1_8b,shared54,worst,abc367_a,0,disgust,HLL,24,282,reviewer,1
llama_3_1_8b,shared54,worst,abc367_a,1,disgust,HLL,24,282,reviewer,1
llama_3_1_8b,shared54,worst,abc367_a,2,disgust,HLL,24,282,reviewer,0
llama_3_1_8b,shared54,worst,abc367_e,0,disgust,HLL,24,282,reviewer,1
llama_3_1_8b,shared54,worst,abc367_e,1,disgust,HLL,24,282,reviewer,0
llama_3_1_8b,shared54,worst,abc367_e,2,disgust,HLL,24,282,reviewer,0
llama_3_1_8b,shared54,worst,abc368_c,0,disgust,HLL,24,282,reviewer,0
llama_3_1_8b,shared54,worst,abc368_c,1,disgust,HLL,24,282,reviewer,0
llama_3_1_8b,shared54,worst,abc368_c,2,disgust,HLL,24,282,reviewer,1
llama_3_1_8b,shared54,worst,abc369_b,0,disgust,HLL,24,282,reviewer,0
llama_3_1_8b,shared54,worst,abc369_b,1,disgust,HLL,24,282,reviewer,0
llama_3_1_8b,shared54,worst,abc369_b,2,disgust,HLL,24,282,reviewer,0
llama_3_1_8b,shared54,worst,abc369_c,0,disgust,HLL,24,282,reviewer,0
llama_3_1_8b,shared54,worst,abc369_c,1,disgust,HLL,24,282,reviewer,0
llama_3_1_8b,shared54,worst,abc369_c,2,disgust,HLL,24,282,reviewer,0
llama_3_1_8b,shared54,worst,abc370_a,0,disgust,HLL,24,282,reviewer,0
llama_3_1_8b,shared54,worst,abc370_a,1,disgust,HLL,24,282,reviewer,0
llama_3_1_8b,shared54,worst,abc370_a,2,disgust,HLL,24,282,reviewer,1
llama_3_1_8b,shared54,worst,abc370_b,0,disgust,HLL,24,282,reviewer,0
llama_3_1_8b,shared54,worst,abc370_b,1,disgust,HLL,24,282,reviewer,1
llama_3_1_8b,shared54,worst,abc370_b,2,disgust,HLL,24,282,reviewer,0
llama_3_1_8b,shared54,worst,abc371_d,0,disgust,HLL,24,282,reviewer,0
llama_3_1_8b,shared54,worst,abc371_d,1,disgust,HLL,24,282,reviewer,0
llama_3_1_8b,shared54,worst,abc371_d,2,disgust,HLL,24,282,reviewer,0
llama_3_1_8b,shared54,worst,abc371_f,0,disgust,HLL,24,282,reviewer,0
llama_3_1_8b,shared54,worst,abc371_f,1,disgust,HLL,24,282,reviewer,1
llama_3_1_8b,shared54,worst,abc371_f,2,disgust,HLL,24,282,reviewer,0
llama_3_1_8b,shared54,worst,abc372_d,0,disgust,HLL,24,282,reviewer,0
llama_3_1_8b,shared54,worst,abc372_d,1,disgust,HLL,24,282,reviewer,1
llama_3_1_8b,shared54,worst,abc372_d,2,disgust,HLL,24,282,reviewer,0
llama_3_1_8b,shared54,worst,abc373_e,0,disgust,HLL,24,282,reviewer,0
llama_3_1_8b,shared54,worst,abc373_e,1,disgust,HLL,24,282,reviewer,0
llama_3_1_8b,shared54,worst,abc373_e,2,disgust,HLL,24,282,reviewer,1
llama_3_1_8b,shared54,worst,abc374_g,0,disgust,HLL,24,282,reviewer,0
llama_3_1_8b,shared54,worst,abc374_g,1,disgust,HLL,24,282,reviewer,0
llama_3_1_8b,shared54,worst,abc374_g,2,disgust,HLL,24,282,reviewer,0
llama_3_1_8b,shared54,worst,abc375_b,0,disgust,HLL,24,282,reviewer,0
llama_3_1_8b,shared54,worst,abc375_b,1,disgust,HLL,24,282,reviewer,0
llama_3_1_8b,shared54,worst,abc375_b,2,disgust,HLL,24,282,reviewer,1
llama_3_1_8b,shared54,worst,abc375_d,0,disgust,HLL,24,282,reviewer,0
llama_3_1_8b,shared54,worst,abc375_d,1,disgust,HLL,24,282,reviewer,1
llama_3_1_8b,shared54,worst,abc375_d,2,disgust,HLL,24,282,reviewer,1
llama_3_1_8b,shared54,worst,abc376_e,0,disgust,HLL,24,282,reviewer,0
llama_3_1_8b,shared54,worst,abc376_e,1,disgust,HLL,24,282,reviewer,0
llama_3_1_8b,shared54,worst,abc376_e,2,disgust,HLL,24,282,reviewer,0
llama_3_1_8b,shared54,worst,abc376_f,0,disgust,HLL,24,282,reviewer,0
llama_3_1_8b,shared54,worst,abc376_f,1,disgust,HLL,24,282,reviewer,0
llama_3_1_8b,shared54,worst,abc376_f,2,disgust,HLL,24,282,reviewer,0
llama_3_1_8b,shared54,worst,abc377_b,0,disgust,HLL,24,282,reviewer,0
llama_3_1_8b,shared54,worst,abc377_b,1,disgust,HLL,24,282,reviewer,0
llama_3_1_8b,shared54,worst,abc377_b,2,disgust,HLL,24,282,reviewer,0
llama_3_1_8b,shared54,worst,abc377_c,0,disgust,HLL,24,282,reviewer,0
llama_3_1_8b,shared54,worst,abc377_c,1,disgust,HLL,24,282,reviewer,0
llama_3_1_8b,shared54,worst,abc377_c,2,disgust,HLL,24,282,reviewer,0
llama_3_1_8b,shared54,worst,abc377_e,0,disgust,HLL,24,282,reviewer,0
llama_3_1_8b,shared54,worst,abc377_e,1,disgust,HLL,24,282,reviewer,0
llama_3_1_8b,shared54,worst,abc377_e,2,disgust,HLL,24,282,reviewer,0
llama_3_1_8b,shared54,worst,abc379_a,0,disgust,HLL,24,282,reviewer,0
llama_3_1_8b,shared54,worst,abc379_a,1,disgust,HLL,24,282,reviewer,0
llama_3_1_8b,shared54,worst,abc379_a,2,disgust,HLL,24,282,reviewer,0
llama_3_1_8b,shared54,worst,abc379_d,0,disgust,HLL,24,282,reviewer,0
llama_3_1_8b,shared54,worst,abc379_d,1,disgust,HLL,24,282,reviewer,0
llama_3_1_8b,shared54,worst,abc379_d,2,disgust,HLL,24,282,reviewer,0
llama_3_1_8b,shared54,worst,abc379_g,0,disgust,HLL,24,282,reviewer,1
llama_3_1_8b,shared54,worst,abc379_g,1,disgust,HLL,24,282,reviewer,1
llama_3_1_8b,shared54,worst,abc379_g,2,disgust,HLL,24,282,reviewer,0
llama_3_1_8b,shared54,worst,abc380_b,0,disgust,HLL,24,282,reviewer,1
llama_3_1_8b,shared54,worst,abc380_b,1,disgust,HLL,24,282,reviewer,1
llama_3_1_8b,shared54,worst,abc380_b,2,disgust,HLL,24,282,reviewer,1
llama_3_1_8b,shared54,worst,abc380_d,0,disgust,HLL,24,282,reviewer,0
llama_3_1_8b,shared54,worst,abc380_d,1,disgust,HLL,24,282,reviewer,0
llama_3_1_8b,shared54,worst,abc380_d,2,disgust,HLL,24,282,reviewer,0
llama_3_1_8b,shared54,worst,abc381_a,0,disgust,HLL,24,282,reviewer,0
llama_3_1_8b,shared54,worst,abc381_a,1,disgust,HLL,24,282,reviewer,0
llama_3_1_8b,shared54,worst,abc381_a,2,disgust,HLL,24,282,reviewer,0
llama_3_1_8b,shared54,worst,abc382_b,0,disgust,HLL,24,282,reviewer,0
llama_3_1_8b,shared54,worst,abc382_b,1,disgust,HLL,24,282,reviewer,0
llama_3_1_8b,shared54,worst,abc382_b,2,disgust,HLL,24,282,reviewer,0
llama_3_1_8b,shared54,worst,abc383_e,0,disgust,HLL,24,282,reviewer,0
llama_3_1_8b,shared54,worst,abc383_e,1,disgust,HLL,24,282,reviewer,0
llama_3_1_8b,shared54,worst,abc383_e,2,disgust,HLL,24,282,reviewer,0
llama_3_1_8b,shared54,worst,abc385_d,0,disgust,HLL,24,282,reviewer,0
llama_3_1_8b,shared54,worst,abc385_d,1,disgust,HLL,24,282,reviewer,0
llama_3_1_8b,shared54,worst,abc385_d,2,disgust,HLL,24,282,reviewer,0
llama_3_1_8b,shared54,worst,abc386_b,0,disgust,HLL,24,282,reviewer,0
llama_3_1_8b,shared54,worst,abc386_b,1,disgust,HLL,24,282,reviewer,0
llama_3_1_8b,shared54,worst,abc386_b,2,disgust,HLL,24,282,reviewer,0
llama_3_1_8b,shared54,worst,abc386_c,0,disgust,HLL,24,282,reviewer,0
llama_3_1_8b,shared54,worst,abc386_c,1,disgust,HLL,24,282,reviewer,1
llama_3_1_8b,shared54,worst,abc386_c,2,disgust,HLL,24,282,reviewer,1
llama_3_1_8b,shared54,worst,abc387_c,0,disgust,HLL,24,282,reviewer,0
llama_3_1_8b,shared54,worst,abc387_c,1,disgust,HLL,24,282,reviewer,0
llama_3_1_8b,shared54,worst,abc387_c,2,disgust,HLL,24,282,reviewer,0
llama_3_1_8b,shared54,worst,abc388_f,0,disgust,HLL,24,282,reviewer,0
llama_3_1_8b,shared54,worst,abc388_f,1,disgust,HLL,24,282,reviewer,0
llama_3_1_8b,shared54,worst,abc388_f,2,disgust,HLL,24,282,reviewer,0
llama_3_1_8b,shared54,worst,abc389_a,0,disgust,HLL,24,282,reviewer,0
llama_3_1_8b,shared54,worst,abc389_a,1,disgust,HLL,24,282,reviewer,0
llama_3_1_8b,shared54,worst,abc389_a,2,disgust,HLL,24,282,reviewer,1
llama_3_1_8b,shared54,worst,abc389_d,0,disgust,HLL,24,282,reviewer,0
llama_3_1_8b,shared54,worst,abc389_d,1,disgust,HLL,24,282,reviewer,0
llama_3_1_8b,shared54,worst,abc389_d,2,disgust,HLL,24,282,reviewer,0
llama_3_1_8b,shared54,worst,abc391_a,0,disgust,HLL,24,282,reviewer,0
llama_3_1_8b,shared54,worst,abc391_a,1,disgust,HLL,24,282,reviewer,1
llama_3_1_8b,shared54,worst,abc391_a,2,disgust,HLL,24,282,reviewer,1
llama_3_1_8b,shared54,worst,abc391_f,0,disgust,HLL,24,282,reviewer,0
llama_3_1_8b,shared54,worst,abc391_f,1,disgust,HLL,24,282,reviewer,0
llama_3_1_8b,shared54,worst,abc391_f,2,disgust,HLL,24,282,reviewer,0
llama_3_1_8b,shared54,worst,abc392_b,0,disgust,HLL,24,282,reviewer,0
llama_3_1_8b,shared54,worst,abc392_b,1,disgust,HLL,24,282,reviewer,1
llama_3_1_8b,shared54,worst,abc392_b,2,disgust,HLL,24,282,reviewer,1
llama_3_1_8b,shared54,worst,abc392_f,0,disgust,HLL,24,282,reviewer,1
llama_3_1_8b,shared54,worst,abc392_f,1,disgust,HLL,24,282,reviewer,0
llama_3_1_8b,shared54,worst,abc392_f,2,disgust,HLL,24,282,reviewer,0
llama_3_1_8b,shared54,worst,abc392_g,0,disgust,HLL,24,282,reviewer,0
llama_3_1_8b,shared54,worst,abc392_g,1,disgust,HLL,24,282,reviewer,0
llama_3_1_8b,shared54,worst,abc392_g,2,disgust,HLL,24,282,reviewer,0
llama_3_1_8b,shared54,worst,abc393_e,0,disgust,HLL,24,282,reviewer,0
llama_3_1_8b,shared54,worst,abc393_e,1,disgust,HLL,24,282,reviewer,0
llama_3_1_8b,shared54,worst,abc393_e,2,disgust,HLL,24,282,reviewer,1
llama_3_1_8b,shared54,worst,abc393_f,0,disgust,HLL,24,282,reviewer,1
llama_3_1_8b,shared54,worst,abc393_f,1,disgust,HLL,24,282,reviewer,0
llama_3_1_8b,shared54,worst,abc393_f,2,disgust,HLL,24,282,reviewer,1
llama_3_1_8b,shared54,worst,abc394_a,0,disgust,HLL,24,282,reviewer,0
llama_3_1_8b,shared54,worst,abc394_a,1,disgust,HLL,24,282,reviewer,0
llama_3_1_8b,shared54,worst,abc394_a,2,disgust,HLL,24,282,reviewer,0
llama_3_1_8b,shared54,worst,abc394_b,0,disgust,HLL,24,282,reviewer,1
llama_3_1_8b,shared54,worst,abc394_b,1,disgust,HLL,24,282,reviewer,0
llama_3_1_8b,shared54,worst,abc394_b,2,disgust,HLL,24,282,reviewer,0
llama_3_1_8b,shared54,worst,abc394_e,0,disgust,HLL,24,282,reviewer,1
llama_3_1_8b,shared54,worst,abc394_e,1,disgust,HLL,24,282,reviewer,1
llama_3_1_8b,shared54,worst,abc394_e,2,disgust,HLL,24,282,reviewer,1
llama_3_1_8b,shared54,worst,abc396_a,0,disgust,HLL,24,282,reviewer,1
llama_3_1_8b,shared54,worst,abc396_a,1,disgust,HLL,24,282,reviewer,1
llama_3_1_8b,shared54,worst,abc396_a,2,disgust,HLL,24,282,reviewer,1
llama_3_1_8b,shared54,worst,abc396_e,0,disgust,HLL,24,282,reviewer,0
llama_3_1_8b,shared54,worst,abc396_e,1,disgust,HLL,24,282,reviewer,0
llama_3_1_8b,shared54,worst,abc396_e,2,disgust,HLL,24,282,reviewer,0
llama_3_1_8b,shared54,worst,abc399_c,0,disgust,HLL,24,282,reviewer,0
llama_3_1_8b,shared54,worst,abc399_c,1,disgust,HLL,24,282,reviewer,0
llama_3_1_8b,shared54,worst,abc399_c,2,disgust,HLL,24,282,reviewer,0
llama_3_1_8b,shared54,worst,abc400_e,0,disgust,HLL,24,282,reviewer,0
llama_3_1_8b,shared54,worst,abc400_e,1,disgust,HLL,24,282,reviewer,0
llama_3_1_8b,shared54,worst,abc400_e,2,disgust,HLL,24,282,reviewer,0
llama_3_1_8b,shared54,worst,arc181_b,0,disgust,HLL,24,282,reviewer,1
llama_3_1_8b,shared54,worst,arc181_b,1,disgust,HLL,24,282,reviewer,0
llama_3_1_8b,shared54,worst,arc181_b,2,disgust,HLL,24,282,reviewer,1
llama_3_1_8b,shared54,worst,arc181_c,0,disgust,HLL,24,282,reviewer,1
llama_3_1_8b,shared54,worst,arc181_c,1,disgust,HLL,24,282,reviewer,1
llama_3_1_8b,shared54,worst,arc181_c,2,disgust,HLL,24,282,reviewer,0
llama_3_1_8b,shared54,worst,arc182_c,0,disgust,HLL,24,282,reviewer,0
llama_3_1_8b,shared54,worst,arc182_c,1,disgust,HLL,24,282,reviewer,0
llama_3_1_8b,shared54,worst,arc182_c,2,disgust,HLL,24,282,reviewer,1
llama_3_1_8b,shared54,worst,arc183_d,0,disgust,HLL,24,282,reviewer,0
llama_3_1_8b,shared54,worst,arc183_d,1,disgust,HLL,24,282,reviewer,0
llama_3_1_8b,shared54,worst,arc183_d,2,disgust,HLL,24,282,reviewer,0
llama_3_1_8b,shared54,worst,arc185_e,0,disgust,HLL,24,282,reviewer,1
llama_3_1_8b,shared54,worst,arc185_e,1,disgust,HLL,24,282,reviewer,0
llama_3_1_8b,shared54,worst,arc185_e,2,disgust,HLL,24,282,reviewer,1
llama_3_1_8b,shared54,worst,arc186_b,0,disgust,HLL,24,282,reviewer,0
llama_3_1_8b,shared54,worst,arc186_b,1,disgust,HLL,24,282,reviewer,1
llama_3_1_8b,shared54,worst,arc186_b,2,disgust,HLL,24,282,reviewer,0
llama_3_1_8b,shared54,worst,arc186_c,0,disgust,HLL,24,282,reviewer,1
llama_3_1_8b,shared54,worst,arc186_c,1,disgust,HLL,24,282,reviewer,0
llama_3_1_8b,shared54,worst,arc186_c,2,disgust,HLL,24,282,reviewer,0
llama_3_1_8b,shared54,worst,arc188_d,0,disgust,HLL,24,282,reviewer,0
llama_3_1_8b,shared54,worst,arc188_d,1,disgust,HLL,24,282,reviewer,0
llama_3_1_8b,shared54,worst,arc188_d,2,disgust,HLL,24,282,reviewer,0
llama_3_1_8b,shared54,worst,arc189_c,0,disgust,HLL,24,282,reviewer,1
llama_3_1_8b,shared54,worst,arc189_c,1,disgust,HLL,24,282,reviewer,0
llama_3_1_8b,shared54,worst,arc189_c,2,disgust,HLL,24,282,reviewer,0
llama_3_1_8b,shared54,worst,arc189_d,0,disgust,HLL,24,282,reviewer,0
llama_3_1_8b,shared54,worst,arc189_d,1,disgust,HLL,24,282,reviewer,0
llama_3_1_8b,shared54,worst,arc189_d,2,disgust,HLL,24,282,reviewer,0
llama_3_1_8b,shared54,worst,arc190_a,0,disgust,HLL,24,282,reviewer,0
llama_3_1_8b,shared54,worst,arc190_a,1,disgust,HLL,24,282,reviewer,1
llama_3_1_8b,shared54,worst,arc190_a,2,disgust,HLL,24,282,reviewer,0
llama_3_1_8b,shared54,worst,arc190_c,0,disgust,HLL,24,282,reviewer,0
llama_3_1_8b,shared54,worst,arc190_c,1,disgust,HLL,24,282,reviewer,0
llama_3_1_8b,shared54,worst,arc190_c,2,disgust,HLL,24,282,reviewer,0
llama_3_1_8b,shared54,worst,arc191_a,0,disgust,HLL,24,282,reviewer,1
llama_3_1_8b,shared54,worst,arc191_a,1,disgust,HLL,24,282,reviewer,1
llama_3_1_8b,shared54,worst,arc191_a,2,disgust,HLL,24,282,reviewer,1
llama_3_1_8b,shared54,worst,arc192_a,0,disgust,HLL,24,282,reviewer,1
llama_3_1_8b,shared54,worst,arc192_a,1,disgust,HLL,24,282,reviewer,0
llama_3_1_8b,shared54,worst,arc192_a,2,disgust,HLL,24,282,reviewer,0
llama_3_1_8b,shared54,worst,arc193_a,0,disgust,HLL,24,282,reviewer,0
llama_3_1_8b,shared54,worst,arc193_a,1,disgust,HLL,24,282,reviewer,1
llama_3_1_8b,shared54,worst,arc193_a,2,disgust,HLL,24,282,reviewer,1
llama_3_1_8b,shared54,worst,arc193_b,0,disgust,HLL,24,282,reviewer,0
llama_3_1_8b,shared54,worst,arc193_b,1,disgust,HLL,24,282,reviewer,1
llama_3_1_8b,shared54,worst,arc193_b,2,disgust,HLL,24,282,reviewer,0
llama_3_1_8b,shared54,worst,arc194_a,0,disgust,HLL,24,282,reviewer,0
llama_3_1_8b,shared54,worst,arc194_a,1,disgust,HLL,24,282,reviewer,0
llama_3_1_8b,shared54,worst,arc194_a,2,disgust,HLL,24,282,reviewer,0
llama_3_1_8b,shared54,worst,arc194_b,0,disgust,HLL,24,282,reviewer,0
llama_3_1_8b,shared54,worst,arc194_b,1,disgust,HLL,24,282,reviewer,0
llama_3_1_8b,shared54,worst,arc194_b,2,disgust,HLL,24,282,reviewer,0
llama_3_1_8b,shared54,worst,arc195_c,0,disgust,HLL,24,282,reviewer,0
llama_3_1_8b,shared54,worst,arc195_c,1,disgust,HLL,24,282,reviewer,1
llama_3_1_8b,shared54,worst,arc195_c,2,disgust,HLL,24,282,reviewer,0
llama_3_1_8b,shared54,worst,arc195_d,0,disgust,HLL,24,282,reviewer,0
llama_3_1_8b,shared54,worst,arc195_d,1,disgust,HLL,24,282,reviewer,0
llama_3_1_8b,shared54,worst,arc195_d,2,disgust,HLL,24,282,reviewer,0
llama_3_1_8b,shared54,best,1873_A,0,neutral,NNN,56,282,reviewer,0
llama_3_1_8b,shared54,best,1873_A,1,neutral,NNN,56,282,reviewer,0
llama_3_1_8b,shared54,best,1873_A,2,neutral,NNN,56,282,reviewer,0
llama_3_1_8b,shared54,best,1873_D,0,neutral,NNN,56,282,reviewer,0
llama_3_1_8b,shared54,best,1873_D,1,neutral,NNN,56,282,reviewer,0
llama_3_1_8b,shared54,best,1873_D,2,neutral,NNN,56,282,reviewer,0
llama_3_1_8b,shared54,best,1883_B,0,neutral,NNN,56,282,reviewer,0
llama_3_1_8b,shared54,best,1883_B,1,neutral,NNN,56,282,reviewer,0
llama_3_1_8b,shared54,best,1883_B,2,neutral,NNN,56,282,reviewer,1
llama_3_1_8b,shared54,best,1883_C,0,neutral,NNN,56,282,reviewer,0
llama_3_1_8b,shared54,best,1883_C,1,neutral,NNN,56,282,reviewer,1
llama_3_1_8b,shared54,best,1883_C,2,neutral,NNN,56,282,reviewer,1
llama_3_1_8b,shared54,best,1899_B,0,neutral,NNN,56,282,reviewer,0
llama_3_1_8b,shared54,best,2777,0,neutral,NNN,56,282,reviewer,0
llama_3_1_8b,shared54,best,2777,1,neutral,NNN,56,282,reviewer,0
llama_3_1_8b,shared54,best,2777,2,neutral,NNN,56,282,reviewer,1
llama_3_1_8b,shared54,best,2784,0,neutral,NNN,56,282,reviewer,0
llama_3_1_8b,shared54,best,2808,0,neutral,NNN,56,282,reviewer,0
llama_3_1_8b,shared54,best,2808,1,neutral,NNN,56,282,reviewer,0
llama_3_1_8b,shared54,best,2808,2,neutral,NNN,56,282,reviewer,0
llama_3_1_8b,shared54,best,2811,0,neutral,NNN,56,282,reviewer,0
llama_3_1_8b,shared54,best,2811,1,neutral,NNN,56,282,reviewer,0
llama_3_1_8b,shared54,best,2811,2,neutral,NNN,56,282,reviewer,0
llama_3_1_8b,shared54,best,2812,0,neutral,NNN,56,282,reviewer,0
llama_3_1_8b,shared54,best,2812,1,neutral,NNN,56,282,reviewer,0
llama_3_1_8b,shared54,best,2812,2,neutral,NNN,56,282,reviewer,0
llama_3_1_8b,shared54,best,2816,0,neutral,NNN,56,282,reviewer,1
llama_3_1_8b,shared54,best,2816,1,neutral,NNN,56,282,reviewer,0
llama_3_1_8b,shared54,best,2816,2,neutral,NNN,56,282,reviewer,0
llama_3_1_8b,shared54,best,2817,0,neutral,NNN,56,282,reviewer,0
llama_3_1_8b,shared54,best,2817,1,neutral,NNN,56,282,reviewer,0
llama_3_1_8b,shared54,best,2817,2,neutral,NNN,56,282,reviewer,1
llama_3_1_8b,shared54,best,2825,0,neutral,NNN,56,282,reviewer,0
llama_3_1_8b,shared54,best,2833,0,neutral,NNN,56,282,reviewer,1
llama_3_1_8b,shared54,best,2833,1,neutral,NNN,56,282,reviewer,0
llama_3_1_8b,shared54,best,2833,2,neutral,NNN,56,282,reviewer,1
llama_3_1_8b,shared54,best,2847,0,neutral,NNN,56,282,reviewer,0
llama_3_1_8b,shared54,best,2847,1,neutral,NNN,56,282,reviewer,0
llama_3_1_8b,shared54,best,2847,2,neutral,NNN,56,282,reviewer,0
llama_3_1_8b,shared54,best,2849,0,neutral,NNN,56,282,reviewer,0
llama_3_1_8b,shared54,best,2868,0,neutral,NNN,56,282,reviewer,0
llama_3_1_8b,shared54,best,2868,1,neutral,NNN,56,282,reviewer,0
llama_3_1_8b,shared54,best,2868,2,neutral,NNN,56,282,reviewer,0
llama_3_1_8b,shared54,best,2870,0,neutral,NNN,56,282,reviewer,0
llama_3_1_8b,shared54,best,2882,0,neutral,NNN,56,282,reviewer,0
llama_3_1_8b,shared54,best,2882,1,neutral,NNN,56,282,reviewer,0
llama_3_1_8b,shared54,best,2882,2,neutral,NNN,56,282,reviewer,0
llama_3_1_8b,shared54,best,2886,0,neutral,NNN,56,282,reviewer,0
llama_3_1_8b,shared54,best,2902,0,neutral,NNN,56,282,reviewer,0
llama_3_1_8b,shared54,best,2915,0,neutral,NNN,56,282,reviewer,0
llama_3_1_8b,shared54,best,2919,0,neutral,NNN,56,282,reviewer,1
llama_3_1_8b,shared54,best,2919,1,neutral,NNN,56,282,reviewer,0
llama_3_1_8b,shared54,best,2919,2,neutral,NNN,56,282,reviewer,0
llama_3_1_8b,shared54,best,2921,0,neutral,NNN,56,282,reviewer,0
llama_3_1_8b,shared54,best,2952,0,neutral,NNN,56,282,reviewer,0
llama_3_1_8b,shared54,best,2952,1,neutral,NNN,56,282,reviewer,0
llama_3_1_8b,shared54,best,2952,2,neutral,NNN,56,282,reviewer,0
llama_3_1_8b,shared54,best,2954,0,neutral,NNN,56,282,reviewer,0
llama_3_1_8b,shared54,best,2955,0,neutral,NNN,56,282,reviewer,0
llama_3_1_8b,shared54,best,2977,0,neutral,NNN,56,282,reviewer,0
llama_3_1_8b,shared54,best,2998,0,neutral,NNN,56,282,reviewer,0
llama_3_1_8b,shared54,best,3024,0,neutral,NNN,56,282,reviewer,0
llama_3_1_8b,shared54,best,3024,1,neutral,NNN,56,282,reviewer,0
llama_3_1_8b,shared54,best,3024,2,neutral,NNN,56,282,reviewer,0
llama_3_1_8b,shared54,best,3025,0,neutral,NNN,56,282,reviewer,0
llama_3_1_8b,shared54,best,3025,1,neutral,NNN,56,282,reviewer,0
llama_3_1_8b,shared54,best,3025,2,neutral,NNN,56,282,reviewer,0
llama_3_1_8b,shared54,best,3032,0,neutral,NNN,56,282,reviewer,0
llama_3_1_8b,shared54,best,3032,1,neutral,NNN,56,282,reviewer,0
llama_3_1_8b,shared54,best,3032,2,neutral,NNN,56,282,reviewer,0
llama_3_1_8b,shared54,best,3044,0,neutral,NNN,56,282,reviewer,0
llama_3_1_8b,shared54,best,3044,1,neutral,NNN,56,282,reviewer,1
llama_3_1_8b,shared54,best,3044,2,neutral,NNN,56,282,reviewer,0
llama_3_1_8b,shared54,best,3055,0,neutral,NNN,56,282,reviewer,0
llama_3_1_8b,shared54,best,3055,1,neutral,NNN,56,282,reviewer,0
llama_3_1_8b,shared54,best,3055,2,neutral,NNN,56,282,reviewer,0
llama_3_1_8b,shared54,best,3166,0,neutral,NNN,56,282,reviewer,0
llama_3_1_8b,shared54,best,3166,1,neutral,NNN,56,282,reviewer,0
llama_3_1_8b,shared54,best,3166,2,neutral,NNN,56,282,reviewer,0
llama_3_1_8b,shared54,best,3188,0,neutral,NNN,56,282,reviewer,0
llama_3_1_8b,shared54,best,3192,0,neutral,NNN,56,282,reviewer,0
llama_3_1_8b,shared54,best,3193,0,neutral,NNN,56,282,reviewer,0
llama_3_1_8b,shared54,best,3193,1,neutral,NNN,56,282,reviewer,1
llama_3_1_8b,shared54,best,3193,2,neutral,NNN,56,282,reviewer,1
llama_3_1_8b,shared54,best,3195,0,neutral,NNN,56,282,reviewer,1
llama_3_1_8b,shared54,best,3203,0,neutral,NNN,56,282,reviewer,1
llama_3_1_8b,shared54,best,3203,1,neutral,NNN,56,282,reviewer,1
llama_3_1_8b,shared54,best,3203,2,neutral,NNN,56,282,reviewer,1
llama_3_1_8b,shared54,best,3213,0,neutral,NNN,56,282,reviewer,0
llama_3_1_8b,shared54,best,3213,1,neutral,NNN,56,282,reviewer,0
llama_3_1_8b,shared54,best,3213,2,neutral,NNN,56,282,reviewer,0
llama_3_1_8b,shared54,best,3220,0,neutral,NNN,56,282,reviewer,0
llama_3_1_8b,shared54,best,3223,0,neutral,NNN,56,282,reviewer,0
llama_3_1_8b,shared54,best,3223,1,neutral,NNN,56,282,reviewer,0
llama_3_1_8b,shared54,best,3223,2,neutral,NNN,56,282,reviewer,0
llama_3_1_8b,shared54,best,3225,0,neutral,NNN,56,282,reviewer,0
llama_3_1_8b,shared54,best,3229,0,neutral,NNN,56,282,reviewer,0
llama_3_1_8b,shared54,best,3229,1,neutral,NNN,56,282,reviewer,0
llama_3_1_8b,shared54,best,3229,2,neutral,NNN,56,282,reviewer,0
llama_3_1_8b,shared54,best,3243,0,neutral,NNN,56,282,reviewer,0
llama_3_1_8b,shared54,best,3246,0,neutral,NNN,56,282,reviewer,0
llama_3_1_8b,shared54,best,3246,1,neutral,NNN,56,282,reviewer,0
llama_3_1_8b,shared54,best,3246,2,neutral,NNN,56,282,reviewer,0
llama_3_1_8b,shared54,best,3249,0,neutral,NNN,56,282,reviewer,1
llama_3_1_8b,shared54,best,3249,1,neutral,NNN,56,282,reviewer,0
llama_3_1_8b,shared54,best,3249,2,neutral,NNN,56,282,reviewer,0
llama_3_1_8b,shared54,best,3251,0,neutral,NNN,56,282,reviewer,0
llama_3_1_8b,shared54,best,3261,0,neutral,NNN,56,282,reviewer,0
llama_3_1_8b,shared54,best,3261,1,neutral,NNN,56,282,reviewer,0
llama_3_1_8b,shared54,best,3261,2,neutral,NNN,56,282,reviewer,1
llama_3_1_8b,shared54,best,3263,0,neutral,NNN,56,282,reviewer,0
llama_3_1_8b,shared54,best,3263,1,neutral,NNN,56,282,reviewer,0
llama_3_1_8b,shared54,best,3263,2,neutral,NNN,56,282,reviewer,0
llama_3_1_8b,shared54,best,3265,0,neutral,NNN,56,282,reviewer,0
llama_3_1_8b,shared54,best,3269,0,neutral,NNN,56,282,reviewer,0
llama_3_1_8b,shared54,best,3298,0,neutral,NNN,56,282,reviewer,0
llama_3_1_8b,shared54,best,3298,1,neutral,NNN,56,282,reviewer,0
llama_3_1_8b,shared54,best,3298,2,neutral,NNN,56,282,reviewer,1
llama_3_1_8b,shared54,best,3312,0,neutral,NNN,56,282,reviewer,0
llama_3_1_8b,shared54,best,3324,0,neutral,NNN,56,282,reviewer,0
llama_3_1_8b,shared54,best,3324,1,neutral,NNN,56,282,reviewer,1
llama_3_1_8b,shared54,best,3324,2,neutral,NNN,56,282,reviewer,0
llama_3_1_8b,shared54,best,3329,0,neutral,NNN,56,282,reviewer,0
llama_3_1_8b,shared54,best,3329,1,neutral,NNN,56,282,reviewer,0
llama_3_1_8b,shared54,best,3329,2,neutral,NNN,56,282,reviewer,0
llama_3_1_8b,shared54,best,3345,0,neutral,NNN,56,282,reviewer,0
llama_3_1_8b,shared54,best,3345,1,neutral,NNN,56,282,reviewer,0
llama_3_1_8b,shared54,best,3345,2,neutral,NNN,56,282,reviewer,1
llama_3_1_8b,shared54,best,3362,0,neutral,NNN,56,282,reviewer,0
llama_3_1_8b,shared54,best,3362,1,neutral,NNN,56,282,reviewer,1
llama_3_1_8b,shared54,best,3362,2,neutral,NNN,56,282,reviewer,0
llama_3_1_8b,shared54,best,3388,0,neutral,NNN,56,282,reviewer,0
llama_3_1_8b,shared54,best,3388,1,neutral,NNN,56,282,reviewer,0
llama_3_1_8b,shared54,best,3388,2,neutral,NNN,56,282,reviewer,0
llama_3_1_8b,shared54,best,3394,0,neutral,NNN,56,282,reviewer,0
llama_3_1_8b,shared54,best,3394,1,neutral,NNN,56,282,reviewer,0
llama_3_1_8b,shared54,best,3394,2,neutral,NNN,56,282,reviewer,0
llama_3_1_8b,shared54,best,3402,0,neutral,NNN,56,282,reviewer,0
llama_3_1_8b,shared54,best,3402,1,neutral,NNN,56,282,reviewer,0
llama_3_1_8b,shared54,best,3402,2,neutral,NNN,56,282,reviewer,0
llama_3_1_8b,shared54,best,3408,0,neutral,NNN,56,282,reviewer,0
llama_3_1_8b,shared54,best,3408,1,neutral,NNN,56,282,reviewer,0
llama_3_1_8b,shared54,best,3412,0,neutral,NNN,56,282,reviewer,0
llama_3_1_8b,shared54,best,3421,0,neutral,NNN,56,282,reviewer,0
llama_3_1_8b,shared54,best,3421,1,neutral,NNN,56,282,reviewer,0
llama_3_1_8b,shared54,best,3421,2,neutral,NNN,56,282,reviewer,0
llama_3_1_8b,shared54,best,3426,0,neutral,NNN,56,282,reviewer,0
llama_3_1_8b,shared54,best,3464,0,neutral,NNN,56,282,reviewer,0
llama_3_1_8b,shared54,best,3471,0,neutral,NNN,56,282,reviewer,0
llama_3_1_8b,shared54,best,3471,1,neutral,NNN,56,282,reviewer,0
llama_3_1_8b,shared54,best,3471,2,neutral,NNN,56,282,reviewer,0
llama_3_1_8b,shared54,best,3476,0,neutral,NNN,56,282,reviewer,0
llama_3_1_8b,shared54,best,3476,1,neutral,NNN,56,282,reviewer,0
llama_3_1_8b,shared54,best,3476,2,neutral,NNN,56,282,reviewer,0
llama_3_1_8b,shared54,best,3478,0,neutral,NNN,56,282,reviewer,0
llama_3_1_8b,shared54,best,3478,1,neutral,NNN,56,282,reviewer,0
llama_3_1_8b,shared54,best,3478,2,neutral,NNN,56,282,reviewer,0
llama_3_1_8b,shared54,best,3490,0,neutral,NNN,56,282,reviewer,0
llama_3_1_8b,shared54,best,3490,1,neutral,NNN,56,282,reviewer,0
llama_3_1_8b,shared54,best,3490,2,neutral,NNN,56,282,reviewer,0
llama_3_1_8b,shared54,best,3495,0,neutral,NNN,56,282,reviewer,0
llama_3_1_8b,shared54,best,3495,1,neutral,NNN,56,282,reviewer,0
llama_3_1_8b,shared54,best,3495,2,neutral,NNN,56,282,reviewer,0
llama_3_1_8b,shared54,best,3496,0,neutral,NNN,56,282,reviewer,0
llama_3_1_8b,shared54,best,3496,1,neutral,NNN,56,282,reviewer,0
llama_3_1_8b,shared54,best,3496,2,neutral,NNN,56,282,reviewer,0
llama_3_1_8b,shared54,best,3510,0,neutral,NNN,56,282,reviewer,0
llama_3_1_8b,shared54,best,3510,1,neutral,NNN,56,282,reviewer,0
llama_3_1_8b,shared54,best,3510,2,neutral,NNN,56,282,reviewer,0
llama_3_1_8b,shared54,best,3515,0,neutral,NNN,56,282,reviewer,0
llama_3_1_8b,shared54,best,3517,0,neutral,NNN,56,282,reviewer,0
llama_3_1_8b,shared54,best,3518,0,neutral,NNN,56,282,reviewer,0
llama_3_1_8b,shared54,best,3518,1,neutral,NNN,56,282,reviewer,1
llama_3_1_8b,shared54,best,3518,2,neutral,NNN,56,282,reviewer,0
llama_3_1_8b,shared54,best,3527,0,neutral,NNN,56,282,reviewer,0
llama_3_1_8b,shared54,best,3527,1,neutral,NNN,56,282,reviewer,0
llama_3_1_8b,shared54,best,3527,2,neutral,NNN,56,282,reviewer,0
llama_3_1_8b,shared54,best,3534,0,neutral,NNN,56,282,reviewer,0
llama_3_1_8b,shared54,best,3534,1,neutral,NNN,56,282,reviewer,0
llama_3_1_8b,shared54,best,3534,2,neutral,NNN,56,282,reviewer,0
llama_3_1_8b,shared54,best,3535,0,neutral,NNN,56,282,reviewer,1
llama_3_1_8b,shared54,best,3535,1,neutral,NNN,56,282,reviewer,0
llama_3_1_8b,shared54,best,3535,2,neutral,NNN,56,282,reviewer,0
llama_3_1_8b,shared54,best,3551,0,neutral,NNN,56,282,reviewer,0
llama_3_1_8b,shared54,best,3551,1,neutral,NNN,56,282,reviewer,0
llama_3_1_8b,shared54,best,3551,2,neutral,NNN,56,282,reviewer,0
llama_3_1_8b,shared54,best,3555,0,neutral,NNN,56,282,reviewer,0
llama_3_1_8b,shared54,best,3559,0,neutral,NNN,56,282,reviewer,0
llama_3_1_8b,shared54,best,3559,1,neutral,NNN,56,282,reviewer,0
llama_3_1_8b,shared54,best,3559,2,neutral,NNN,56,282,reviewer,0
llama_3_1_8b,shared54,best,3560,0,neutral,NNN,56,282,reviewer,0
llama_3_1_8b,shared54,best,3560,1,neutral,NNN,56,282,reviewer,1
llama_3_1_8b,shared54,best,3560,2,neutral,NNN,56,282,reviewer,0
llama_3_1_8b,shared54,best,3567,0,neutral,NNN,56,282,reviewer,1
llama_3_1_8b,shared54,best,3571,0,neutral,NNN,56,282,reviewer,0
llama_3_1_8b,shared54,best,3571,1,neutral,NNN,56,282,reviewer,0
llama_3_1_8b,shared54,best,3571,2,neutral,NNN,56,282,reviewer,0
llama_3_1_8b,shared54,best,3603,0,neutral,NNN,56,282,reviewer,0
llama_3_1_8b,shared54,best,3603,1,neutral,NNN,56,282,reviewer,0
llama_3_1_8b,shared54,best,3603,2,neutral,NNN,56,282,reviewer,1
llama_3_1_8b,shared54,best,3605,0,neutral,NNN,56,282,reviewer,0
llama_3_1_8b,shared54,best,3607,0,neutral,NNN,56,282,reviewer,0
llama_3_1_8b,shared54,best,3607,1,neutral,NNN,56,282,reviewer,0
llama_3_1_8b,shared54,best,3607,2,neutral,NNN,56,282,reviewer,0
llama_3_1_8b,shared54,best,3621,0,neutral,NNN,56,282,reviewer,0
llama_3_1_8b,shared54,best,3621,1,neutral,NNN,56,282,reviewer,0
llama_3_1_8b,shared54,best,3621,2,neutral,NNN,56,282,reviewer,0
llama_3_1_8b,shared54,best,3629,0,neutral,NNN,56,282,reviewer,0
llama_3_1_8b,shared54,best,3629,1,neutral,NNN,56,282,reviewer,0
llama_3_1_8b,shared54,best,3629,2,neutral,NNN,56,282,reviewer,0
llama_3_1_8b,shared54,best,3637,0,neutral,NNN,56,282,reviewer,0
llama_3_1_8b,shared54,best,3637,1,neutral,NNN,56,282,reviewer,0
llama_3_1_8b,shared54,best,3637,2,neutral,NNN,56,282,reviewer,0
llama_3_1_8b,shared54,best,3647,0,neutral,NNN,56,282,reviewer,0
llama_3_1_8b,shared54,best,3647,1,neutral,NNN,56,282,reviewer,1
llama_3_1_8b,shared54,best,3647,2,neutral,NNN,56,282,reviewer,1
llama_3_1_8b,shared54,best,3648,0,neutral,NNN,56,282,reviewer,0
llama_3_1_8b,shared54,best,3648,1,neutral,NNN,56,282,reviewer,0
llama_3_1_8b,shared54,best,3648,2,neutral,NNN,56,282,reviewer,0
llama_3_1_8b,shared54,best,3649,0,neutral,NNN,56,282,reviewer,0
llama_3_1_8b,shared54,best,3649,1,neutral,NNN,56,282,reviewer,0
llama_3_1_8b,shared54,best,3649,2,neutral,NNN,56,282,reviewer,0
llama_3_1_8b,shared54,best,3657,0,neutral,NNN,56,282,reviewer,0
llama_3_1_8b,shared54,best,3657,1,neutral,NNN,56,282,reviewer,1
llama_3_1_8b,shared54,best,3657,2,neutral,NNN,56,282,reviewer,0
llama_3_1_8b,shared54,best,3674,0,neutral,NNN,56,282,reviewer,0
llama_3_1_8b,shared54,best,3674,1,neutral,NNN,56,282,reviewer,1
llama_3_1_8b,shared54,best,3674,2,neutral,NNN,56,282,reviewer,0
llama_3_1_8b,shared54,best,3676,0,neutral,NNN,56,282,reviewer,0
llama_3_1_8b,shared54,best,3676,1,neutral,NNN,56,282,reviewer,0
llama_3_1_8b,shared54,best,3680,0,neutral,NNN,56,282,reviewer,0
llama_3_1_8b,shared54,best,3683,0,neutral,NNN,56,282,reviewer,1
llama_3_1_8b,shared54,best,3683,1,neutral,NNN,56,282,reviewer,0
llama_3_1_8b,shared54,best,3683,2,neutral,NNN,56,282,reviewer,0
llama_3_1_8b,shared54,best,3686,0,neutral,NNN,56,282,reviewer,1
llama_3_1_8b,shared54,best,3686,1,neutral,NNN,56,282,reviewer,0
llama_3_1_8b,shared54,best,3686,2,neutral,NNN,56,282,reviewer,1
llama_3_1_8b,shared54,best,3696,0,neutral,NNN,56,282,reviewer,0
llama_3_1_8b,shared54,best,3696,1,neutral,NNN,56,282,reviewer,0
llama_3_1_8b,shared54,best,3700,0,neutral,NNN,56,282,reviewer,0
llama_3_1_8b,shared54,best,3700,1,neutral,NNN,56,282,reviewer,0
llama_3_1_8b,shared54,best,3700,2,neutral,NNN,56,282,reviewer,0
llama_3_1_8b,shared54,best,3702,0,neutral,NNN,56,282,reviewer,0
llama_3_1_8b,shared54,best,3704,0,neutral,NNN,56,282,reviewer,0
llama_3_1_8b,shared54,best,3709,0,neutral,NNN,56,282,reviewer,0
llama_3_1_8b,shared54,best,3714,0,neutral,NNN,56,282,reviewer,0
llama_3_1_8b,shared54,best,3714,1,neutral,NNN,56,282,reviewer,0
llama_3_1_8b,shared54,best,3714,2,neutral,NNN,56,282,reviewer,0
llama_3_1_8b,shared54,best,3722,0,neutral,NNN,56,282,reviewer,0
llama_3_1_8b,shared54,best,3722,1,neutral,NNN,56,282,reviewer,0
llama_3_1_8b,shared54,best,3722,2,neutral,NNN,56,282,reviewer,0
llama_3_1_8b,shared54,best,3731,0,neutral,NNN,56,282,reviewer,0
llama_3_1_8b,shared54,best,3731,1,neutral,NNN,56,282,reviewer,0
llama_3_1_8b,shared54,best,3731,2,neutral,NNN,56,282,reviewer,0
llama_3_1_8b,shared54,best,3736,0,neutral,NNN,56,282,reviewer,0
llama_3_1_8b,shared54,best,3743,0,neutral,NNN,56,282,reviewer,0
llama_3_1_8b,shared54,best,3743,1,neutral,NNN,56,282,reviewer,0
llama_3_1_8b,shared54,best,3743,2,neutral,NNN,56,282,reviewer,0
llama_3_1_8b,shared54,best,3744,0,neutral,NNN,56,282,reviewer,1
llama_3_1_8b,shared54,best,3744,1,neutral,NNN,56,282,reviewer,0
llama_3_1_8b,shared54,best,3744,2,neutral,NNN,56,282,reviewer,0
llama_3_1_8b,shared54,best,3751,0,neutral,NNN,56,282,reviewer,0
llama_3_1_8b,shared54,best,3751,1,neutral,NNN,56,282,reviewer,0
llama_3_1_8b,shared54,best,3751,2,neutral,NNN,56,282,reviewer,0
llama_3_1_8b,shared54,best,3771,0,neutral,NNN,56,282,reviewer,0
llama_3_1_8b,shared54,best,3771,1,neutral,NNN,56,282,reviewer,0
llama_3_1_8b,shared54,best,3771,2,neutral,NNN,56,282,reviewer,0
llama_3_1_8b,shared54,best,3785,0,neutral,NNN,56,282,reviewer,0
llama_3_1_8b,shared54,best,3785,1,neutral,NNN,56,282,reviewer,0
llama_3_1_8b,shared54,best,3785,2,neutral,NNN,56,282,reviewer,0
llama_3_1_8b,shared54,best,3786,0,neutral,NNN,56,282,reviewer,0
llama_3_1_8b,shared54,best,3786,1,neutral,NNN,56,282,reviewer,1
llama_3_1_8b,shared54,best,3786,2,neutral,NNN,56,282,reviewer,0
llama_3_1_8b,shared54,best,3793,0,neutral,NNN,56,282,reviewer,0
llama_3_1_8b,shared54,best,3793,1,neutral,NNN,56,282,reviewer,0
llama_3_1_8b,shared54,best,3793,2,neutral,NNN,56,282,reviewer,0
llama_3_1_8b,shared54,best,abc301_b,0,neutral,NNN,56,282,reviewer,1
llama_3_1_8b,shared54,best,abc301_b,1,neutral,NNN,56,282,reviewer,1
llama_3_1_8b,shared54,best,abc301_b,2,neutral,NNN,56,282,reviewer,0
llama_3_1_8b,shared54,best,abc301_e,0,neutral,NNN,56,282,reviewer,0
llama_3_1_8b,shared54,best,abc301_e,1,neutral,NNN,56,282,reviewer,0
llama_3_1_8b,shared54,best,abc301_e,2,neutral,NNN,56,282,reviewer,0
llama_3_1_8b,shared54,best,abc302_e,0,neutral,NNN,56,282,reviewer,0
llama_3_1_8b,shared54,best,abc302_e,1,neutral,NNN,56,282,reviewer,0
llama_3_1_8b,shared54,best,abc302_e,2,neutral,NNN,56,282,reviewer,0
llama_3_1_8b,shared54,best,abc303_a,0,neutral,NNN,56,282,reviewer,0
llama_3_1_8b,shared54,best,abc303_b,0,neutral,NNN,56,282,reviewer,0
llama_3_1_8b,shared54,best,abc303_b,1,neutral,NNN,56,282,reviewer,0
llama_3_1_8b,shared54,best,abc303_b,2,neutral,NNN,56,282,reviewer,1
llama_3_1_8b,shared54,best,abc303_d,0,neutral,NNN,56,282,reviewer,0
llama_3_1_8b,shared54,best,abc303_d,1,neutral,NNN,56,282,reviewer,0
llama_3_1_8b,shared54,best,abc303_d,2,neutral,NNN,56,282,reviewer,0
llama_3_1_8b,shared54,best,abc303_e,0,neutral,NNN,56,282,reviewer,0
llama_3_1_8b,shared54,best,abc303_e,1,neutral,NNN,56,282,reviewer,0
llama_3_1_8b,shared54,best,abc303_e,2,neutral,NNN,56,282,reviewer,0
llama_3_1_8b,shared54,best,abc304_a,0,neutral,NNN,56,282,reviewer,0
llama_3_1_8b,shared54,best,abc304_a,1,neutral,NNN,56,282,reviewer,0
llama_3_1_8b,shared54,best,abc304_a,2,neutral,NNN,56,282,reviewer,0
llama_3_1_8b,shared54,best,abc307_a,0,neutral,NNN,56,282,reviewer,0
llama_3_1_8b,shared54,best,abc307_b,0,neutral,NNN,56,282,reviewer,1
llama_3_1_8b,shared54,best,abc309_c,0,neutral,NNN,56,282,reviewer,0
llama_3_1_8b,shared54,best,abc309_c,1,neutral,NNN,56,282,reviewer,0
llama_3_1_8b,shared54,best,abc309_c,2,neutral,NNN,56,282,reviewer,0
llama_3_1_8b,shared54,best,abc309_d,0,neutral,NNN,56,282,reviewer,1
llama_3_1_8b,shared54,best,abc309_d,1,neutral,NNN,56,282,reviewer,0
llama_3_1_8b,shared54,best,abc309_d,2,neutral,NNN,56,282,reviewer,1
llama_3_1_8b,shared54,best,abc309_e,0,neutral,NNN,56,282,reviewer,1
llama_3_1_8b,shared54,best,abc309_e,1,neutral,NNN,56,282,reviewer,0
llama_3_1_8b,shared54,best,abc309_e,2,neutral,NNN,56,282,reviewer,0
llama_3_1_8b,shared54,best,abc310_b,0,neutral,NNN,56,282,reviewer,0
llama_3_1_8b,shared54,best,abc310_b,1,neutral,NNN,56,282,reviewer,0
llama_3_1_8b,shared54,best,abc310_b,2,neutral,NNN,56,282,reviewer,0
llama_3_1_8b,shared54,best,abc310_c,0,neutral,NNN,56,282,reviewer,0
llama_3_1_8b,shared54,best,abc310_c,1,neutral,NNN,56,282,reviewer,1
llama_3_1_8b,shared54,best,abc310_c,2,neutral,NNN,56,282,reviewer,1
llama_3_1_8b,shared54,best,abc310_f,0,neutral,NNN,56,282,reviewer,0
llama_3_1_8b,shared54,best,abc310_f,1,neutral,NNN,56,282,reviewer,1
llama_3_1_8b,shared54,best,abc310_f,2,neutral,NNN,56,282,reviewer,0
llama_3_1_8b,shared54,best,abc311_b,0,neutral,NNN,56,282,reviewer,0
llama_3_1_8b,shared54,best,abc312_e,0,neutral,NNN,56,282,reviewer,0
llama_3_1_8b,shared54,best,abc312_e,1,neutral,NNN,56,282,reviewer,0
llama_3_1_8b,shared54,best,abc312_e,2,neutral,NNN,56,282,reviewer,1
llama_3_1_8b,shared54,best,abc312_f,0,neutral,NNN,56,282,reviewer,1
llama_3_1_8b,shared54,best,abc312_f,1,neutral,NNN,56,282,reviewer,1
llama_3_1_8b,shared54,best,abc312_f,2,neutral,NNN,56,282,reviewer,1
llama_3_1_8b,shared54,best,abc313_a,0,neutral,NNN,56,282,reviewer,1
llama_3_1_8b,shared54,best,abc315_b,0,neutral,NNN,56,282,reviewer,0
llama_3_1_8b,shared54,best,abc315_c,0,neutral,NNN,56,282,reviewer,0
llama_3_1_8b,shared54,best,abc315_c,1,neutral,NNN,56,282,reviewer,1
llama_3_1_8b,shared54,best,abc315_c,2,neutral,NNN,56,282,reviewer,1
llama_3_1_8b,shared54,best,abc315_d,0,neutral,NNN,56,282,reviewer,0
llama_3_1_8b,shared54,best,abc315_d,1,neutral,NNN,56,282,reviewer,1
llama_3_1_8b,shared54,best,abc315_d,2,neutral,NNN,56,282,reviewer,1
llama_3_1_8b,shared54,best,abc318_b,0,neutral,NNN,56,282,reviewer,0
llama_3_1_8b,shared54,best,abc318_b,1,neutral,NNN,56,282,reviewer,0
llama_3_1_8b,shared54,best,abc318_b,2,neutral,NNN,56,282,reviewer,0
llama_3_1_8b,shared54,best,abc318_d,0,neutral,NNN,56,282,reviewer,0
llama_3_1_8b,shared54,best,abc318_d,1,neutral,NNN,56,282,reviewer,0
llama_3_1_8b,shared54,best,abc318_d,2,neutral,NNN,56,282,reviewer,0
llama_3_1_8b,shared54,best,abc319_c,0,neutral,NNN,56,282,reviewer,0
llama_3_1_8b,shared54,best,abc319_c,1,neutral,NNN,56,282,reviewer,0
llama_3_1_8b,shared54,best,abc319_c,2,neutral,NNN,56,282,reviewer,0
llama_3_1_8b,shared54,best,abc320_e,0,neutral,NNN,56,282,reviewer,0
llama_3_1_8b,shared54,best,abc320_e,1,neutral,NNN,56,282,reviewer,0
llama_3_1_8b,shared54,best,abc320_e,2,neutral,NNN,56,282,reviewer,0
llama_3_1_8b,shared54,best,abc321_b,0,neutral,NNN,56,282,reviewer,0
llama_3_1_8b,shared54,best,abc321_b,1,neutral,NNN,56,282,reviewer,0
llama_3_1_8b,shared54,best,abc321_b,2,neutral,NNN,56,282,reviewer,1
llama_3_1_8b,shared54,best,abc321_c,0,neutral,NNN,56,282,reviewer,0
llama_3_1_8b,shared54,best,abc321_c,1,neutral,NNN,56,282,reviewer,0
llama_3_1_8b,shared54,best,abc321_c,2,neutral,NNN,56,282,reviewer,1
llama_3_1_8b,shared54,best,abc322_c,0,neutral,NNN,56,282,reviewer,0
llama_3_1_8b,shared54,best,abc322_c,1,neutral,NNN,56,282,reviewer,1
llama_3_1_8b,shared54,best,abc322_c,2,neutral,NNN,56,282,reviewer,1
llama_3_1_8b,shared54,best,abc324_a,0,neutral,NNN,56,282,reviewer,0
llama_3_1_8b,shared54,best,abc324_b,0,neutral,NNN,56,282,reviewer,0
llama_3_1_8b,shared54,best,abc324_b,1,neutral,NNN,56,282,reviewer,0
llama_3_1_8b,shared54,best,abc325_b,0,neutral,NNN,56,282,reviewer,0
llama_3_1_8b,shared54,best,abc325_b,1,neutral,NNN,56,282,reviewer,0
llama_3_1_8b,shared54,best,abc325_b,2,neutral,NNN,56,282,reviewer,0
llama_3_1_8b,shared54,best,abc325_e,0,neutral,NNN,56,282,reviewer,0
llama_3_1_8b,shared54,best,abc325_e,1,neutral,NNN,56,282,reviewer,0
llama_3_1_8b,shared54,best,abc325_e,2,neutral,NNN,56,282,reviewer,0
llama_3_1_8b,shared54,best,abc326_d,0,neutral,NNN,56,282,reviewer,0
llama_3_1_8b,shared54,best,abc326_d,1,neutral,NNN,56,282,reviewer,0
llama_3_1_8b,shared54,best,abc326_d,2,neutral,NNN,56,282,reviewer,0
llama_3_1_8b,shared54,best,abc327_a,0,neutral,NNN,56,282,reviewer,0
llama_3_1_8b,shared54,best,abc327_c,0,neutral,NNN,56,282,reviewer,1
llama_3_1_8b,shared54,best,abc327_c,1,neutral,NNN,56,282,reviewer,1
llama_3_1_8b,shared54,best,abc327_c,2,neutral,NNN,56,282,reviewer,1
llama_3_1_8b,shared54,best,abc328_b,0,neutral,NNN,56,282,reviewer,0
llama_3_1_8b,shared54,best,abc328_b,1,neutral,NNN,56,282,reviewer,1
llama_3_1_8b,shared54,best,abc328_b,2,neutral,NNN,56,282,reviewer,1
llama_3_1_8b,shared54,best,abc328_d,0,neutral,NNN,56,282,reviewer,0
llama_3_1_8b,shared54,best,abc328_d,1,neutral,NNN,56,282,reviewer,0
llama_3_1_8b,shared54,best,abc328_d,2,neutral,NNN,56,282,reviewer,1
llama_3_1_8b,shared54,best,abc329_b,0,neutral,NNN,56,282,reviewer,0
llama_3_1_8b,shared54,best,abc329_f,0,neutral,NNN,56,282,reviewer,0
llama_3_1_8b,shared54,best,abc329_f,1,neutral,NNN,56,282,reviewer,0
llama_3_1_8b,shared54,best,abc329_f,2,neutral,NNN,56,282,reviewer,0
llama_3_1_8b,shared54,best,abc330_d,0,neutral,NNN,56,282,reviewer,1
llama_3_1_8b,shared54,best,abc330_d,1,neutral,NNN,56,282,reviewer,0
llama_3_1_8b,shared54,best,abc330_d,2,neutral,NNN,56,282,reviewer,0
llama_3_1_8b,shared54,best,abc331_c,0,neutral,NNN,56,282,reviewer,0
llama_3_1_8b,shared54,best,abc331_c,1,neutral,NNN,56,282,reviewer,0
llama_3_1_8b,shared54,best,abc331_c,2,neutral,NNN,56,282,reviewer,0
llama_3_1_8b,shared54,best,abc331_e,0,neutral,NNN,56,282,reviewer,0
llama_3_1_8b,shared54,best,abc331_e,1,neutral,NNN,56,282,reviewer,0
llama_3_1_8b,shared54,best,abc331_e,2,neutral,NNN,56,282,reviewer,1
llama_3_1_8b,shared54,best,abc333_a,0,neutral,NNN,56,282,reviewer,0
llama_3_1_8b,shared54,best,abc333_d,0,neutral,NNN,56,282,reviewer,0
llama_3_1_8b,shared54,best,abc333_d,1,neutral,NNN,56,282,reviewer,1
llama_3_1_8b,shared54,best,abc333_d,2,neutral,NNN,56,282,reviewer,0
llama_3_1_8b,shared54,best,abc335_c,0,neutral,NNN,56,282,reviewer,0
llama_3_1_8b,shared54,best,abc335_c,1,neutral,NNN,56,282,reviewer,1
llama_3_1_8b,shared54,best,abc335_c,2,neutral,NNN,56,282,reviewer,1
llama_3_1_8b,shared54,best,abc337_b,0,neutral,NNN,56,282,reviewer,0
llama_3_1_8b,shared54,best,abc337_b,1,neutral,NNN,56,282,reviewer,1
llama_3_1_8b,shared54,best,abc337_b,2,neutral,NNN,56,282,reviewer,0
llama_3_1_8b,shared54,best,abc337_d,0,neutral,NNN,56,282,reviewer,0
llama_3_1_8b,shared54,best,abc337_d,1,neutral,NNN,56,282,reviewer,0
llama_3_1_8b,shared54,best,abc337_d,2,neutral,NNN,56,282,reviewer,0
llama_3_1_8b,shared54,best,abc338_a,0,neutral,NNN,56,282,reviewer,0
llama_3_1_8b,shared54,best,abc338_a,1,neutral,NNN,56,282,reviewer,0
llama_3_1_8b,shared54,best,abc338_a,2,neutral,NNN,56,282,reviewer,0
llama_3_1_8b,shared54,best,abc338_e,0,neutral,NNN,56,282,reviewer,1
llama_3_1_8b,shared54,best,abc338_e,1,neutral,NNN,56,282,reviewer,1
llama_3_1_8b,shared54,best,abc338_e,2,neutral,NNN,56,282,reviewer,1
llama_3_1_8b,shared54,best,abc339_b,0,neutral,NNN,56,282,reviewer,0
llama_3_1_8b,shared54,best,abc339_b,1,neutral,NNN,56,282,reviewer,0
llama_3_1_8b,shared54,best,abc339_b,2,neutral,NNN,56,282,reviewer,0
llama_3_1_8b,shared54,best,abc339_d,0,neutral,NNN,56,282,reviewer,1
llama_3_1_8b,shared54,best,abc339_d,1,neutral,NNN,56,282,reviewer,0
llama_3_1_8b,shared54,best,abc339_d,2,neutral,NNN,56,282,reviewer,0
llama_3_1_8b,shared54,best,abc340_d,0,neutral,NNN,56,282,reviewer,0
llama_3_1_8b,shared54,best,abc340_d,1,neutral,NNN,56,282,reviewer,0
llama_3_1_8b,shared54,best,abc340_d,2,neutral,NNN,56,282,reviewer,0
llama_3_1_8b,shared54,best,abc341_b,0,neutral,NNN,56,282,reviewer,0
llama_3_1_8b,shared54,best,abc341_b,1,neutral,NNN,56,282,reviewer,0
llama_3_1_8b,shared54,best,abc341_b,2,neutral,NNN,56,282,reviewer,0
llama_3_1_8b,shared54,best,abc341_c,0,neutral,NNN,56,282,reviewer,0
llama_3_1_8b,shared54,best,abc341_c,1,neutral,NNN,56,282,reviewer,0
llama_3_1_8b,shared54,best,abc341_c,2,neutral,NNN,56,282,reviewer,0
llama_3_1_8b,shared54,best,abc341_d,0,neutral,NNN,56,282,reviewer,1
llama_3_1_8b,shared54,best,abc341_d,1,neutral,NNN,56,282,reviewer,1
llama_3_1_8b,shared54,best,abc341_d,2,neutral,NNN,56,282,reviewer,0
llama_3_1_8b,shared54,best,abc341_f,0,neutral,NNN,56,282,reviewer,1
llama_3_1_8b,shared54,best,abc341_f,1,neutral,NNN,56,282,reviewer,1
llama_3_1_8b,shared54,best,abc341_f,2,neutral,NNN,56,282,reviewer,1
llama_3_1_8b,shared54,best,abc342_a,0,neutral,NNN,56,282,reviewer,1
llama_3_1_8b,shared54,best,abc342_b,0,neutral,NNN,56,282,reviewer,0
llama_3_1_8b,shared54,best,abc342_b,1,neutral,NNN,56,282,reviewer,1
llama_3_1_8b,shared54,best,abc342_b,2,neutral,NNN,56,282,reviewer,1
llama_3_1_8b,shared54,best,abc342_d,0,neutral,NNN,56,282,reviewer,1
llama_3_1_8b,shared54,best,abc342_d,1,neutral,NNN,56,282,reviewer,0
llama_3_1_8b,shared54,best,abc342_d,2,neutral,NNN,56,282,reviewer,0
llama_3_1_8b,shared54,best,abc343_d,0,neutral,NNN,56,282,reviewer,0
llama_3_1_8b,shared54,best,abc343_d,1,neutral,NNN,56,282,reviewer,0
llama_3_1_8b,shared54,best,abc343_d,2,neutral,NNN,56,282,reviewer,0
llama_3_1_8b,shared54,best,abc345_b,0,neutral,NNN,56,282,reviewer,0
llama_3_1_8b,shared54,best,abc345_d,0,neutral,NNN,56,282,reviewer,1
llama_3_1_8b,shared54,best,abc345_d,1,neutral,NNN,56,282,reviewer,1
llama_3_1_8b,shared54,best,abc345_d,2,neutral,NNN,56,282,reviewer,0
llama_3_1_8b,shared54,best,abc346_b,0,neutral,NNN,56,282,reviewer,1
llama_3_1_8b,shared54,best,abc346_b,1,neutral,NNN,56,282,reviewer,1
llama_3_1_8b,shared54,best,abc346_b,2,neutral,NNN,56,282,reviewer,1
llama_3_1_8b,shared54,best,abc347_a,0,neutral,NNN,56,282,reviewer,0
llama_3_1_8b,shared54,best,abc348_a,0,neutral,NNN,56,282,reviewer,0
llama_3_1_8b,shared54,best,abc348_c,0,neutral,NNN,56,282,reviewer,0
llama_3_1_8b,shared54,best,abc348_c,1,neutral,NNN,56,282,reviewer,1
llama_3_1_8b,shared54,best,abc348_c,2,neutral,NNN,56,282,reviewer,1
llama_3_1_8b,shared54,best,abc349_c,0,neutral,NNN,56,282,reviewer,1
llama_3_1_8b,shared54,best,abc349_c,1,neutral,NNN,56,282,reviewer,1
llama_3_1_8b,shared54,best,abc349_c,2,neutral,NNN,56,282,reviewer,1
llama_3_1_8b,shared54,best,abc349_d,0,neutral,NNN,56,282,reviewer,1
llama_3_1_8b,shared54,best,abc349_d,1,neutral,NNN,56,282,reviewer,1
llama_3_1_8b,shared54,best,abc349_d,2,neutral,NNN,56,282,reviewer,1
llama_3_1_8b,shared54,best,abc349_e,0,neutral,NNN,56,282,reviewer,0
llama_3_1_8b,shared54,best,abc349_e,1,neutral,NNN,56,282,reviewer,0
llama_3_1_8b,shared54,best,abc349_e,2,neutral,NNN,56,282,reviewer,0
llama_3_1_8b,shared54,best,abc351_a,0,neutral,NNN,56,282,reviewer,0
llama_3_1_8b,shared54,best,abc352_b,0,neutral,NNN,56,282,reviewer,0
llama_3_1_8b,shared54,best,abc352_e,0,neutral,NNN,56,282,reviewer,0
llama_3_1_8b,shared54,best,abc352_e,1,neutral,NNN,56,282,reviewer,0
llama_3_1_8b,shared54,best,abc352_e,2,neutral,NNN,56,282,reviewer,1
llama_3_1_8b,shared54,best,abc353_a,0,neutral,NNN,56,282,reviewer,0
llama_3_1_8b,shared54,best,abc353_a,1,neutral,NNN,56,282,reviewer,0
llama_3_1_8b,shared54,best,abc353_a,2,neutral,NNN,56,282,reviewer,1
llama_3_1_8b,shared54,best,abc354_a,0,neutral,NNN,56,282,reviewer,0
llama_3_1_8b,shared54,best,abc354_a,1,neutral,NNN,56,282,reviewer,0
llama_3_1_8b,shared54,best,abc354_a,2,neutral,NNN,56,282,reviewer,0
llama_3_1_8b,shared54,best,abc354_b,0,neutral,NNN,56,282,reviewer,0
llama_3_1_8b,shared54,best,abc354_c,0,neutral,NNN,56,282,reviewer,0
llama_3_1_8b,shared54,best,abc354_c,1,neutral,NNN,56,282,reviewer,1
llama_3_1_8b,shared54,best,abc354_c,2,neutral,NNN,56,282,reviewer,0
llama_3_1_8b,shared54,best,abc354_d,0,neutral,NNN,56,282,reviewer,1
llama_3_1_8b,shared54,best,abc354_d,1,neutral,NNN,56,282,reviewer,1
llama_3_1_8b,shared54,best,abc354_d,2,neutral,NNN,56,282,reviewer,0
llama_3_1_8b,shared54,best,abc355_c,0,neutral,NNN,56,282,reviewer,0
llama_3_1_8b,shared54,best,abc355_c,1,neutral,NNN,56,282,reviewer,1
llama_3_1_8b,shared54,best,abc355_c,2,neutral,NNN,56,282,reviewer,1
llama_3_1_8b,shared54,best,abc355_d,0,neutral,NNN,56,282,reviewer,0
llama_3_1_8b,shared54,best,abc355_d,1,neutral,NNN,56,282,reviewer,1
llama_3_1_8b,shared54,best,abc355_d,2,neutral,NNN,56,282,reviewer,0
llama_3_1_8b,shared54,best,abc355_e,0,neutral,NNN,56,282,reviewer,0
llama_3_1_8b,shared54,best,abc355_e,1,neutral,NNN,56,282,reviewer,0
llama_3_1_8b,shared54,best,abc355_e,2,neutral,NNN,56,282,reviewer,1
llama_3_1_8b,shared54,best,abc356_e,0,neutral,NNN,56,282,reviewer,0
llama_3_1_8b,shared54,best,abc358_a,0,neutral,NNN,56,282,reviewer,0
llama_3_1_8b,shared54,best,abc359_d,0,neutral,NNN,56,282,reviewer,1
llama_3_1_8b,shared54,best,abc359_d,1,neutral,NNN,56,282,reviewer,1
llama_3_1_8b,shared54,best,abc359_d,2,neutral,NNN,56,282,reviewer,1
llama_3_1_8b,shared54,best,abc360_a,0,neutral,NNN,56,282,reviewer,0
llama_3_1_8b,shared54,best,abc360_b,0,neutral,NNN,56,282,reviewer,1
llama_3_1_8b,shared54,best,abc360_b,1,neutral,NNN,56,282,reviewer,0
llama_3_1_8b,shared54,best,abc360_b,2,neutral,NNN,56,282,reviewer,0
llama_3_1_8b,shared54,best,abc360_c,0,neutral,NNN,56,282,reviewer,0
llama_3_1_8b,shared54,best,abc360_c,1,neutral,NNN,56,282,reviewer,0
llama_3_1_8b,shared54,best,abc360_c,2,neutral,NNN,56,282,reviewer,0
llama_3_1_8b,shared54,best,abc360_e,0,neutral,NNN,56,282,reviewer,1
llama_3_1_8b,shared54,best,abc360_e,1,neutral,NNN,56,282,reviewer,0
llama_3_1_8b,shared54,best,abc360_e,2,neutral,NNN,56,282,reviewer,0
llama_3_1_8b,shared54,best,abc363_e,0,neutral,NNN,56,282,reviewer,0
llama_3_1_8b,shared54,best,abc363_e,1,neutral,NNN,56,282,reviewer,0
llama_3_1_8b,shared54,best,abc363_e,2,neutral,NNN,56,282,reviewer,0
llama_3_1_8b,shared54,best,abc364_f,0,neutral,NNN,56,282,reviewer,0
llama_3_1_8b,shared54,best,abc364_f,1,neutral,NNN,56,282,reviewer,0
llama_3_1_8b,shared54,best,abc364_f,2,neutral,NNN,56,282,reviewer,0
llama_3_1_8b,shared54,best,abc365_c,0,neutral,NNN,56,282,reviewer,0
llama_3_1_8b,shared54,best,abc365_c,1,neutral,NNN,56,282,reviewer,0
llama_3_1_8b,shared54,best,abc365_c,2,neutral,NNN,56,282,reviewer,0
llama_3_1_8b,shared54,best,abc365_d,0,neutral,NNN,56,282,reviewer,0
llama_3_1_8b,shared54,best,abc365_d,1,neutral,NNN,56,282,reviewer,0
llama_3_1_8b,shared54,best,abc365_d,2,neutral,NNN,56,282,reviewer,0
llama_3_1_8b,shared54,best,abc366_a,0,neutral,NNN,56,282,reviewer,0
llama_3_1_8b,shared54,best,abc366_a,1,neutral,NNN,56,282,reviewer,1
llama_3_1_8b,shared54,best,abc366_a,2,neutral,NNN,56,282,reviewer,0
llama_3_1_8b,shared54,best,abc366_c,0,neutral,NNN,56,282,reviewer,0
llama_3_1_8b,shared54,best,abc366_f,0,neutral,NNN,56,282,reviewer,0
llama_3_1_8b,shared54,best,abc366_f,1,neutral,NNN,56,282,reviewer,0
llama_3_1_8b,shared54,best,abc366_f,2,neutral,NNN,56,282,reviewer,0
llama_3_1_8b,shared54,best,abc366_g,0,neutral,NNN,56,282,reviewer,0
llama_3_1_8b,shared54,best,abc366_g,1,neutral,NNN,56,282,reviewer,1
llama_3_1_8b,shared54,best,abc366_g,2,neutral,NNN,56,282,reviewer,1
llama_3_1_8b,shared54,best,abc367_a,0,neutral,NNN,56,282,reviewer,0
llama_3_1_8b,shared54,best,abc367_a,1,neutral,NNN,56,282,reviewer,0
llama_3_1_8b,shared54,best,abc367_a,2,neutral,NNN,56,282,reviewer,0
llama_3_1_8b,shared54,best,abc367_e,0,neutral,NNN,56,282,reviewer,0
llama_3_1_8b,shared54,best,abc367_e,1,neutral,NNN,56,282,reviewer,0
llama_3_1_8b,shared54,best,abc367_e,2,neutral,NNN,56,282,reviewer,0
llama_3_1_8b,shared54,best,abc368_c,0,neutral,NNN,56,282,reviewer,0
llama_3_1_8b,shared54,best,abc368_c,1,neutral,NNN,56,282,reviewer,0
llama_3_1_8b,shared54,best,abc368_c,2,neutral,NNN,56,282,reviewer,0
llama_3_1_8b,shared54,best,abc369_b,0,neutral,NNN,56,282,reviewer,0
llama_3_1_8b,shared54,best,abc369_b,1,neutral,NNN,56,282,reviewer,0
llama_3_1_8b,shared54,best,abc369_b,2,neutral,NNN,56,282,reviewer,0
llama_3_1_8b,shared54,best,abc369_c,0,neutral,NNN,56,282,reviewer,0
llama_3_1_8b,shared54,best,abc369_c,1,neutral,NNN,56,282,reviewer,0
llama_3_1_8b,shared54,best,abc369_c,2,neutral,NNN,56,282,reviewer,0
llama_3_1_8b,shared54,best,abc370_a,0,neutral,NNN,56,282,reviewer,0
llama_3_1_8b,shared54,best,abc370_b,0,neutral,NNN,56,282,reviewer,0
llama_3_1_8b,shared54,best,abc370_b,1,neutral,NNN,56,282,reviewer,1
llama_3_1_8b,shared54,best,abc370_b,2,neutral,NNN,56,282,reviewer,0
llama_3_1_8b,shared54,best,abc371_d,0,neutral,NNN,56,282,reviewer,0
llama_3_1_8b,shared54,best,abc371_d,1,neutral,NNN,56,282,reviewer,0
llama_3_1_8b,shared54,best,abc371_d,2,neutral,NNN,56,282,reviewer,0
llama_3_1_8b,shared54,best,abc371_f,0,neutral,NNN,56,282,reviewer,0
llama_3_1_8b,shared54,best,abc371_f,1,neutral,NNN,56,282,reviewer,0
llama_3_1_8b,shared54,best,abc371_f,2,neutral,NNN,56,282,reviewer,0
llama_3_1_8b,shared54,best,abc372_d,0,neutral,NNN,56,282,reviewer,1
llama_3_1_8b,shared54,best,abc372_d,1,neutral,NNN,56,282,reviewer,1
llama_3_1_8b,shared54,best,abc372_d,2,neutral,NNN,56,282,reviewer,1
llama_3_1_8b,shared54,best,abc373_e,0,neutral,NNN,56,282,reviewer,1
llama_3_1_8b,shared54,best,abc373_e,1,neutral,NNN,56,282,reviewer,0
llama_3_1_8b,shared54,best,abc373_e,2,neutral,NNN,56,282,reviewer,0
llama_3_1_8b,shared54,best,abc374_g,0,neutral,NNN,56,282,reviewer,1
llama_3_1_8b,shared54,best,abc374_g,1,neutral,NNN,56,282,reviewer,0
llama_3_1_8b,shared54,best,abc374_g,2,neutral,NNN,56,282,reviewer,0
llama_3_1_8b,shared54,best,abc375_b,0,neutral,NNN,56,282,reviewer,1
llama_3_1_8b,shared54,best,abc375_b,1,neutral,NNN,56,282,reviewer,0
llama_3_1_8b,shared54,best,abc375_b,2,neutral,NNN,56,282,reviewer,0
llama_3_1_8b,shared54,best,abc375_d,0,neutral,NNN,56,282,reviewer,0
llama_3_1_8b,shared54,best,abc375_d,1,neutral,NNN,56,282,reviewer,1
llama_3_1_8b,shared54,best,abc375_d,2,neutral,NNN,56,282,reviewer,1
llama_3_1_8b,shared54,best,abc376_e,0,neutral,NNN,56,282,reviewer,0
llama_3_1_8b,shared54,best,abc376_e,1,neutral,NNN,56,282,reviewer,0
llama_3_1_8b,shared54,best,abc376_e,2,neutral,NNN,56,282,reviewer,0
llama_3_1_8b,shared54,best,abc376_f,0,neutral,NNN,56,282,reviewer,0
llama_3_1_8b,shared54,best,abc376_f,1,neutral,NNN,56,282,reviewer,0
llama_3_1_8b,shared54,best,abc376_f,2,neutral,NNN,56,282,reviewer,0
llama_3_1_8b,shared54,best,abc377_b,0,neutral,NNN,56,282,reviewer,0
llama_3_1_8b,shared54,best,abc377_c,0,neutral,NNN,56,282,reviewer,0
llama_3_1_8b,shared54,best,abc377_c,1,neutral,NNN,56,282,reviewer,0
llama_3_1_8b,shared54,best,abc377_c,2,neutral,NNN,56,282,reviewer,0
llama_3_1_8b,shared54,best,abc377_e,0,neutral,NNN,56,282,reviewer,0
llama_3_1_8b,shared54,best,abc377_e,1,neutral,NNN,56,282,reviewer,0
llama_3_1_8b,shared54,best,abc377_e,2,neutral,NNN,56,282,reviewer,0
llama_3_1_8b,shared54,best,abc379_a,0,neutral,NNN,56,282,reviewer,0
llama_3_1_8b,shared54,best,abc379_d,0,neutral,NNN,56,282,reviewer,0
llama_3_1_8b,shared54,best,abc379_g,0,neutral,NNN,56,282,reviewer,0
llama_3_1_8b,shared54,best,abc379_g,1,neutral,NNN,56,282,reviewer,0
llama_3_1_8b,shared54,best,abc379_g,2,neutral,NNN,56,282,reviewer,0
llama_3_1_8b,shared54,best,abc380_b,0,neutral,NNN,56,282,reviewer,1
llama_3_1_8b,shared54,best,abc380_b,1,neutral,NNN,56,282,reviewer,1
llama_3_1_8b,shared54,best,abc380_b,2,neutral,NNN,56,282,reviewer,1
llama_3_1_8b,shared54,best,abc380_d,0,neutral,NNN,56,282,reviewer,0
llama_3_1_8b,shared54,best,abc380_d,1,neutral,NNN,56,282,reviewer,0
llama_3_1_8b,shared54,best,abc380_d,2,neutral,NNN,56,282,reviewer,0
llama_3_1_8b,shared54,best,abc381_a,0,neutral,NNN,56,282,reviewer,1
llama_3_1_8b,shared54,best,abc381_a,1,neutral,NNN,56,282,reviewer,0
llama_3_1_8b,shared54,best,abc381_a,2,neutral,NNN,56,282,reviewer,0
llama_3_1_8b,shared54,best,abc382_b,0,neutral,NNN,56,282,reviewer,0
llama_3_1_8b,shared54,best,abc382_b,1,neutral,NNN,56,282,reviewer,0
llama_3_1_8b,shared54,best,abc382_b,2,neutral,NNN,56,282,reviewer,0
llama_3_1_8b,shared54,best,abc383_e,0,neutral,NNN,56,282,reviewer,0
llama_3_1_8b,shared54,best,abc383_e,1,neutral,NNN,56,282,reviewer,0
llama_3_1_8b,shared54,best,abc383_e,2,neutral,NNN,56,282,reviewer,0
llama_3_1_8b,shared54,best,abc385_d,0,neutral,NNN,56,282,reviewer,1
llama_3_1_8b,shared54,best,abc385_d,1,neutral,NNN,56,282,reviewer,0
llama_3_1_8b,shared54,best,abc385_d,2,neutral,NNN,56,282,reviewer,0
llama_3_1_8b,shared54,best,abc386_b,0,neutral,NNN,56,282,reviewer,0
llama_3_1_8b,shared54,best,abc386_b,1,neutral,NNN,56,282,reviewer,1
llama_3_1_8b,shared54,best,abc386_b,2,neutral,NNN,56,282,reviewer,1
llama_3_1_8b,shared54,best,abc386_c,0,neutral,NNN,56,282,reviewer,0
llama_3_1_8b,shared54,best,abc387_c,0,neutral,NNN,56,282,reviewer,0
llama_3_1_8b,shared54,best,abc387_c,1,neutral,NNN,56,282,reviewer,0
llama_3_1_8b,shared54,best,abc387_c,2,neutral,NNN,56,282,reviewer,0
llama_3_1_8b,shared54,best,abc388_f,0,neutral,NNN,56,282,reviewer,0
llama_3_1_8b,shared54,best,abc389_a,0,neutral,NNN,56,282,reviewer,0
llama_3_1_8b,shared54,best,abc389_a,1,neutral,NNN,56,282,reviewer,0
llama_3_1_8b,shared54,best,abc389_a,2,neutral,NNN,56,282,reviewer,0
llama_3_1_8b,shared54,best,abc389_d,0,neutral,NNN,56,282,reviewer,0
llama_3_1_8b,shared54,best,abc389_d,1,neutral,NNN,56,282,reviewer,0
llama_3_1_8b,shared54,best,abc389_d,2,neutral,NNN,56,282,reviewer,0
llama_3_1_8b,shared54,best,abc391_a,0,neutral,NNN,56,282,reviewer,0
llama_3_1_8b,shared54,best,abc391_f,0,neutral,NNN,56,282,reviewer,0
llama_3_1_8b,shared54,best,abc392_b,0,neutral,NNN,56,282,reviewer,0
llama_3_1_8b,shared54,best,abc392_f,0,neutral,NNN,56,282,reviewer,1
llama_3_1_8b,shared54,best,abc392_f,1,neutral,NNN,56,282,reviewer,0
llama_3_1_8b,shared54,best,abc392_f,2,neutral,NNN,56,282,reviewer,0
llama_3_1_8b,shared54,best,abc392_g,0,neutral,NNN,56,282,reviewer,0
llama_3_1_8b,shared54,best,abc392_g,1,neutral,NNN,56,282,reviewer,0
llama_3_1_8b,shared54,best,abc392_g,2,neutral,NNN,56,282,reviewer,0
llama_3_1_8b,shared54,best,abc393_e,0,neutral,NNN,56,282,reviewer,0
llama_3_1_8b,shared54,best,abc393_e,1,neutral,NNN,56,282,reviewer,0
llama_3_1_8b,shared54,best,abc393_e,2,neutral,NNN,56,282,reviewer,0
llama_3_1_8b,shared54,best,abc393_f,0,neutral,NNN,56,282,reviewer,0
llama_3_1_8b,shared54,best,abc393_f,1,neutral,NNN,56,282,reviewer,0
llama_3_1_8b,shared54,best,abc393_f,2,neutral,NNN,56,282,reviewer,0
llama_3_1_8b,shared54,best,abc394_a,0,neutral,NNN,56,282,reviewer,0
llama_3_1_8b,shared54,best,abc394_b,0,neutral,NNN,56,282,reviewer,1
llama_3_1_8b,shared54,best,abc394_b,1,neutral,NNN,56,282,reviewer,1
llama_3_1_8b,shared54,best,abc394_b,2,neutral,NNN,56,282,reviewer,1
llama_3_1_8b,shared54,best,abc394_e,0,neutral,NNN,56,282,reviewer,1
llama_3_1_8b,shared54,best,abc394_e,1,neutral,NNN,56,282,reviewer,0
llama_3_1_8b,shared54,best,abc394_e,2,neutral,NNN,56,282,reviewer,0
llama_3_1_8b,shared54,best,abc396_a,0,neutral,NNN,56,282,reviewer,1
llama_3_1_8b,shared54,best,abc396_a,1,neutral,NNN,56,282,reviewer,0
llama_3_1_8b,shared54,best,abc396_a,2,neutral,NNN,56,282,reviewer,1
llama_3_1_8b,shared54,best,abc396_e,0,neutral,NNN,56,282,reviewer,0
llama_3_1_8b,shared54,best,abc396_e,1,neutral,NNN,56,282,reviewer,0
llama_3_1_8b,shared54,best,abc396_e,2,neutral,NNN,56,282,reviewer,0
llama_3_1_8b,shared54,best,abc399_c,0,neutral,NNN,56,282,reviewer,0
llama_3_1_8b,shared54,best,abc399_c,1,neutral,NNN,56,282,reviewer,0
llama_3_1_8b,shared54,best,abc400_e,0,neutral,NNN,56,282,reviewer,0
llama_3_1_8b,shared54,best,arc181_b,0,neutral,NNN,56,282,reviewer,1
llama_3_1_8b,shared54,best,arc181_b,1,neutral,NNN,56,282,reviewer,1
llama_3_1_8b,shared54,best,arc181_b,2,neutral,NNN,56,282,reviewer,0
llama_3_1_8b,shared54,best,arc181_c,0,neutral,NNN,56,282,reviewer,0
llama_3_1_8b,shared54,best,arc181_c,1,neutral,NNN,56,282,reviewer,1
llama_3_1_8b,shared54,best,arc181_c,2,neutral,NNN,56,282,reviewer,1
llama_3_1_8b,shared54,best,arc182_c,0,neutral,NNN,56,282,reviewer,0
llama_3_1_8b,shared54,best,arc182_c,1,neutral,NNN,56,282,reviewer,0
llama_3_1_8b,shared54,best,arc182_c,2,neutral,NNN,56,282,reviewer,0
llama_3_1_8b,shared54,best,arc183_d,0,neutral,NNN,56,282,reviewer,0
llama_3_1_8b,shared54,best,arc183_d,1,neutral,NNN,56,282,reviewer,0
llama_3_1_8b,shared54,best,arc183_d,2,neutral,NNN,56,282,reviewer,0
llama_3_1_8b,shared54,best,arc185_e,0,neutral,NNN,56,282,reviewer,0
llama_3_1_8b,shared54,best,arc185_e,1,neutral,NNN,56,282,reviewer,1
llama_3_1_8b,shared54,best,arc185_e,2,neutral,NNN,56,282,reviewer,0
llama_3_1_8b,shared54,best,arc186_b,0,neutral,NNN,56,282,reviewer,0
llama_3_1_8b,shared54,best,arc186_b,1,neutral,NNN,56,282,reviewer,0
llama_3_1_8b,shared54,best,arc186_b,2,neutral,NNN,56,282,reviewer,1
llama_3_1_8b,shared54,best,arc186_c,0,neutral,NNN,56,282,reviewer,0
llama_3_1_8b,shared54,best,arc186_c,1,neutral,NNN,56,282,reviewer,0
llama_3_1_8b,shared54,best,arc186_c,2,neutral,NNN,56,282,reviewer,0
llama_3_1_8b,shared54,best,arc188_d,0,neutral,NNN,56,282,reviewer,0
llama_3_1_8b,shared54,best,arc188_d,1,neutral,NNN,56,282,reviewer,0
llama_3_1_8b,shared54,best,arc188_d,2,neutral,NNN,56,282,reviewer,0
llama_3_1_8b,shared54,best,arc189_c,0,neutral,NNN,56,282,reviewer,0
llama_3_1_8b,shared54,best,arc189_c,1,neutral,NNN,56,282,reviewer,0
llama_3_1_8b,shared54,best,arc189_c,2,neutral,NNN,56,282,reviewer,0
llama_3_1_8b,shared54,best,arc189_d,0,neutral,NNN,56,282,reviewer,0
llama_3_1_8b,shared54,best,arc189_d,1,neutral,NNN,56,282,reviewer,0
llama_3_1_8b,shared54,best,arc189_d,2,neutral,NNN,56,282,reviewer,1
llama_3_1_8b,shared54,best,arc190_a,0,neutral,NNN,56,282,reviewer,0
llama_3_1_8b,shared54,best,arc190_a,1,neutral,NNN,56,282,reviewer,1
llama_3_1_8b,shared54,best,arc190_a,2,neutral,NNN,56,282,reviewer,1
llama_3_1_8b,shared54,best,arc190_c,0,neutral,NNN,56,282,reviewer,1
llama_3_1_8b,shared54,best,arc190_c,1,neutral,NNN,56,282,reviewer,0
llama_3_1_8b,shared54,best,arc190_c,2,neutral,NNN,56,282,reviewer,0
llama_3_1_8b,shared54,best,arc191_a,0,neutral,NNN,56,282,reviewer,0
llama_3_1_8b,shared54,best,arc191_a,1,neutral,NNN,56,282,reviewer,0
llama_3_1_8b,shared54,best,arc191_a,2,neutral,NNN,56,282,reviewer,1
llama_3_1_8b,shared54,best,arc192_a,0,neutral,NNN,56,282,reviewer,0
llama_3_1_8b,shared54,best,arc192_a,1,neutral,NNN,56,282,reviewer,0
llama_3_1_8b,shared54,best,arc193_a,0,neutral,NNN,56,282,reviewer,0
llama_3_1_8b,shared54,best,arc193_a,1,neutral,NNN,56,282,reviewer,0
llama_3_1_8b,shared54,best,arc193_a,2,neutral,NNN,56,282,reviewer,1
llama_3_1_8b,shared54,best,arc193_b,0,neutral,NNN,56,282,reviewer,1
llama_3_1_8b,shared54,best,arc193_b,1,neutral,NNN,56,282,reviewer,0
llama_3_1_8b,shared54,best,arc193_b,2,neutral,NNN,56,282,reviewer,0
llama_3_1_8b,shared54,best,arc194_a,0,neutral,NNN,56,282,reviewer,0
llama_3_1_8b,shared54,best,arc194_a,1,neutral,NNN,56,282,reviewer,1
llama_3_1_8b,shared54,best,arc194_a,2,neutral,NNN,56,282,reviewer,1
llama_3_1_8b,shared54,best,arc194_b,0,neutral,NNN,56,282,reviewer,0
llama_3_1_8b,shared54,best,arc194_b,1,neutral,NNN,56,282,reviewer,1
llama_3_1_8b,shared54,best,arc194_b,2,neutral,NNN,56,282,reviewer,0
llama_3_1_8b,shared54,best,arc195_c,0,neutral,NNN,56,282,reviewer,0
llama_3_1_8b,shared54,best,arc195_c,1,neutral,NNN,56,282,reviewer,0
llama_3_1_8b,shared54,best,arc195_c,2,neutral,NNN,56,282,reviewer,1
llama_3_1_8b,shared54,best,arc195_d,0,neutral,NNN,56,282,reviewer,0
llama_3_1_8b,shared54,best,arc195_d,1,neutral,NNN,56,282,reviewer,0
llama_3_1_8b,shared54,best,arc195_d,2,neutral,NNN,56,282,reviewer,0
mistral_small_3_24b_awq,shared54,worst,1873_A,0,anger,HHL,70,282,reviewer,1
mistral_small_3_24b_awq,shared54,worst,1873_A,1,anger,HHL,70,282,reviewer,1
mistral_small_3_24b_awq,shared54,worst,1873_A,2,anger,HHL,70,282,reviewer,1
mistral_small_3_24b_awq,shared54,worst,1873_D,0,anger,HHL,70,282,reviewer,1
mistral_small_3_24b_awq,shared54,worst,1873_D,1,anger,HHL,70,282,reviewer,0
mistral_small_3_24b_awq,shared54,worst,1873_D,2,anger,HHL,70,282,reviewer,1
mistral_small_3_24b_awq,shared54,worst,1883_B,0,anger,HHL,70,282,reviewer,1
mistral_small_3_24b_awq,shared54,worst,1883_B,1,anger,HHL,70,282,reviewer,1
mistral_small_3_24b_awq,shared54,worst,1883_B,2,anger,HHL,70,282,reviewer,1
mistral_small_3_24b_awq,shared54,worst,1883_C,0,anger,HHL,70,282,reviewer,1
mistral_small_3_24b_awq,shared54,worst,1883_C,1,anger,HHL,70,282,reviewer,1
mistral_small_3_24b_awq,shared54,worst,1883_C,2,anger,HHL,70,282,reviewer,1
mistral_small_3_24b_awq,shared54,worst,1899_B,0,anger,HHL,70,282,reviewer,0
mistral_small_3_24b_awq,shared54,worst,1899_B,1,anger,HHL,70,282,reviewer,0
mistral_small_3_24b_awq,shared54,worst,1899_B,2,anger,HHL,70,282,reviewer,1
mistral_small_3_24b_awq,shared54,worst,2777,0,anger,HHL,70,282,reviewer,0
mistral_small_3_24b_awq,shared54,worst,2777,1,anger,HHL,70,282,reviewer,0
mistral_small_3_24b_awq,shared54,worst,2777,2,anger,HHL,70,282,reviewer,0
mistral_small_3_24b_awq,shared54,worst,2784,0,anger,HHL,70,282,reviewer,0
mistral_small_3_24b_awq,shared54,worst,2784,1,anger,HHL,70,282,reviewer,0
mistral_small_3_24b_awq,shared54,worst,2784,2,anger,HHL,70,282,reviewer,0
mistral_small_3_24b_awq,shared54,worst,2808,0,anger,HHL,70,282,reviewer,0
mistral_small_3_24b_awq,shared54,worst,2808,1,anger,HHL,70,282,reviewer,1
mistral_small_3_24b_awq,shared54,worst,2808,2,anger,HHL,70,282,reviewer,0
mistral_small_3_24b_awq,shared54,worst,2811,0,anger,HHL,70,282,reviewer,0
mistral_small_3_24b_awq,shared54,worst,2811,1,anger,HHL,70,282,reviewer,0
mistral_small_3_24b_awq,shared54,worst,2811,2,anger,HHL,70,282,reviewer,0
mistral_small_3_24b_awq,shared54,worst,2812,0,anger,HHL,70,282,reviewer,0
mistral_small_3_24b_awq,shared54,worst,2812,1,anger,HHL,70,282,reviewer,0
mistral_small_3_24b_awq,shared54,worst,2812,2,anger,HHL,70,282,reviewer,0
mistral_small_3_24b_awq,shared54,worst,2816,0,anger,HHL,70,282,reviewer,0
mistral_small_3_24b_awq,shared54,worst,2816,1,anger,HHL,70,282,reviewer,0
mistral_small_3_24b_awq,shared54,worst,2816,2,anger,HHL,70,282,reviewer,0
mistral_small_3_24b_awq,shared54,worst,2817,0,anger,HHL,70,282,reviewer,0
mistral_small_3_24b_awq,shared54,worst,2817,1,anger,HHL,70,282,reviewer,0
mistral_small_3_24b_awq,shared54,worst,2817,2,anger,HHL,70,282,reviewer,0
mistral_small_3_24b_awq,shared54,worst,2825,0,anger,HHL,70,282,reviewer,0
mistral_small_3_24b_awq,shared54,worst,2825,1,anger,HHL,70,282,reviewer,1
mistral_small_3_24b_awq,shared54,worst,2825,2,anger,HHL,70,282,reviewer,0
mistral_small_3_24b_awq,shared54,worst,2833,0,anger,HHL,70,282,reviewer,0
mistral_small_3_24b_awq,shared54,worst,2833,1,anger,HHL,70,282,reviewer,1
mistral_small_3_24b_awq,shared54,worst,2833,2,anger,HHL,70,282,reviewer,1
mistral_small_3_24b_awq,shared54,worst,2847,0,anger,HHL,70,282,reviewer,0
mistral_small_3_24b_awq,shared54,worst,2847,1,anger,HHL,70,282,reviewer,0
mistral_small_3_24b_awq,shared54,worst,2847,2,anger,HHL,70,282,reviewer,1
mistral_small_3_24b_awq,shared54,worst,2849,0,anger,HHL,70,282,reviewer,0
mistral_small_3_24b_awq,shared54,worst,2849,1,anger,HHL,70,282,reviewer,0
mistral_small_3_24b_awq,shared54,worst,2849,2,anger,HHL,70,282,reviewer,0
mistral_small_3_24b_awq,shared54,worst,2868,0,anger,HHL,70,282,reviewer,0
mistral_small_3_24b_awq,shared54,worst,2868,1,anger,HHL,70,282,reviewer,0
mistral_small_3_24b_awq,shared54,worst,2868,2,anger,HHL,70,282,reviewer,0
mistral_small_3_24b_awq,shared54,worst,2870,0,anger,HHL,70,282,reviewer,0
mistral_small_3_24b_awq,shared54,worst,2870,1,anger,HHL,70,282,reviewer,0
mistral_small_3_24b_awq,shared54,worst,2870,2,anger,HHL,70,282,reviewer,1
mistral_small_3_24b_awq,shared54,worst,2882,0,anger,HHL,70,282,reviewer,1
mistral_small_3_24b_awq,shared54,worst,2882,1,anger,HHL,70,282,reviewer,0
mistral_small_3_24b_awq,shared54,worst,2882,2,anger,HHL,70,282,reviewer,0
mistral_small_3_24b_awq,shared54,worst,2886,0,anger,HHL,70,282,reviewer,0
mistral_small_3_24b_awq,shared54,worst,2886,1,anger,HHL,70,282,reviewer,1
mistral_small_3_24b_awq,shared54,worst,2886,2,anger,HHL,70,282,reviewer,0
mistral_small_3_24b_awq,shared54,worst,2902,0,anger,HHL,70,282,reviewer,1
mistral_small_3_24b_awq,shared54,worst,2902,1,anger,HHL,70,282,reviewer,0
mistral_small_3_24b_awq,shared54,worst,2902,2,anger,HHL,70,282,reviewer,1
mistral_small_3_24b_awq,shared54,worst,2915,0,anger,HHL,70,282,reviewer,0
mistral_small_3_24b_awq,shared54,worst,2915,1,anger,HHL,70,282,reviewer,0
mistral_small_3_24b_awq,shared54,worst,2915,2,anger,HHL,70,282,reviewer,0
mistral_small_3_24b_awq,shared54,worst,2919,0,anger,HHL,70,282,reviewer,0
mistral_small_3_24b_awq,shared54,worst,2919,1,anger,HHL,70,282,reviewer,0
mistral_small_3_24b_awq,shared54,worst,2919,2,anger,HHL,70,282,reviewer,0
mistral_small_3_24b_awq,shared54,worst,2921,0,anger,HHL,70,282,reviewer,0
mistral_small_3_24b_awq,shared54,worst,2921,1,anger,HHL,70,282,reviewer,0
mistral_small_3_24b_awq,shared54,worst,2921,2,anger,HHL,70,282,reviewer,0
mistral_small_3_24b_awq,shared54,worst,2952,0,anger,HHL,70,282,reviewer,0
mistral_small_3_24b_awq,shared54,worst,2952,1,anger,HHL,70,282,reviewer,0
mistral_small_3_24b_awq,shared54,worst,2952,2,anger,HHL,70,282,reviewer,0
mistral_small_3_24b_awq,shared54,worst,2954,0,anger,HHL,70,282,reviewer,0
mistral_small_3_24b_awq,shared54,worst,2954,1,anger,HHL,70,282,reviewer,0
mistral_small_3_24b_awq,shared54,worst,2954,2,anger,HHL,70,282,reviewer,1
mistral_small_3_24b_awq,shared54,worst,2955,0,anger,HHL,70,282,reviewer,0
mistral_small_3_24b_awq,shared54,worst,2955,1,anger,HHL,70,282,reviewer,0
mistral_small_3_24b_awq,shared54,worst,2955,2,anger,HHL,70,282,reviewer,0
mistral_small_3_24b_awq,shared54,worst,2977,0,anger,HHL,70,282,reviewer,0
mistral_small_3_24b_awq,shared54,worst,2977,1,anger,HHL,70,282,reviewer,0
mistral_small_3_24b_awq,shared54,worst,2977,2,anger,HHL,70,282,reviewer,0
mistral_small_3_24b_awq,shared54,worst,2998,0,anger,HHL,70,282,reviewer,0
mistral_small_3_24b_awq,shared54,worst,2998,1,anger,HHL,70,282,reviewer,0
mistral_small_3_24b_awq,shared54,worst,2998,2,anger,HHL,70,282,reviewer,0
mistral_small_3_24b_awq,shared54,worst,3024,0,anger,HHL,70,282,reviewer,0
mistral_small_3_24b_awq,shared54,worst,3024,1,anger,HHL,70,282,reviewer,0
mistral_small_3_24b_awq,shared54,worst,3024,2,anger,HHL,70,282,reviewer,0
mistral_small_3_24b_awq,shared54,worst,3025,0,anger,HHL,70,282,reviewer,0
mistral_small_3_24b_awq,shared54,worst,3025,1,anger,HHL,70,282,reviewer,0
mistral_small_3_24b_awq,shared54,worst,3025,2,anger,HHL,70,282,reviewer,1
mistral_small_3_24b_awq,shared54,worst,3032,0,anger,HHL,70,282,reviewer,0
mistral_small_3_24b_awq,shared54,worst,3032,1,anger,HHL,70,282,reviewer,0
mistral_small_3_24b_awq,shared54,worst,3032,2,anger,HHL,70,282,reviewer,0
mistral_small_3_24b_awq,shared54,worst,3044,0,anger,HHL,70,282,reviewer,0
mistral_small_3_24b_awq,shared54,worst,3044,1,anger,HHL,70,282,reviewer,0
mistral_small_3_24b_awq,shared54,worst,3044,2,anger,HHL,70,282,reviewer,0
mistral_small_3_24b_awq,shared54,worst,3055,0,anger,HHL,70,282,reviewer,0
mistral_small_3_24b_awq,shared54,worst,3055,1,anger,HHL,70,282,reviewer,1
mistral_small_3_24b_awq,shared54,worst,3055,2,anger,HHL,70,282,reviewer,0
mistral_small_3_24b_awq,shared54,worst,3166,0,anger,HHL,70,282,reviewer,0
mistral_small_3_24b_awq,shared54,worst,3166,1,anger,HHL,70,282,reviewer,0
mistral_small_3_24b_awq,shared54,worst,3166,2,anger,HHL,70,282,reviewer,0
mistral_small_3_24b_awq,shared54,worst,3188,0,anger,HHL,70,282,reviewer,1
mistral_small_3_24b_awq,shared54,worst,3188,1,anger,HHL,70,282,reviewer,1
mistral_small_3_24b_awq,shared54,worst,3188,2,anger,HHL,70,282,reviewer,1
mistral_small_3_24b_awq,shared54,worst,3192,0,anger,HHL,70,282,reviewer,0
mistral_small_3_24b_awq,shared54,worst,3192,1,anger,HHL,70,282,reviewer,0
mistral_small_3_24b_awq,shared54,worst,3192,2,anger,HHL,70,282,reviewer,0
mistral_small_3_24b_awq,shared54,worst,3193,0,anger,HHL,70,282,reviewer,0
mistral_small_3_24b_awq,shared54,worst,3193,1,anger,HHL,70,282,reviewer,0
mistral_small_3_24b_awq,shared54,worst,3193,2,anger,HHL,70,282,reviewer,0
mistral_small_3_24b_awq,shared54,worst,3195,0,anger,HHL,70,282,reviewer,0
mistral_small_3_24b_awq,shared54,worst,3195,1,anger,HHL,70,282,reviewer,0
mistral_small_3_24b_awq,shared54,worst,3195,2,anger,HHL,70,282,reviewer,0
mistral_small_3_24b_awq,shared54,worst,3203,0,anger,HHL,70,282,reviewer,0
mistral_small_3_24b_awq,shared54,worst,3203,1,anger,HHL,70,282,reviewer,0
mistral_small_3_24b_awq,shared54,worst,3203,2,anger,HHL,70,282,reviewer,0
mistral_small_3_24b_awq,shared54,worst,3213,0,anger,HHL,70,282,reviewer,0
mistral_small_3_24b_awq,shared54,worst,3213,1,anger,HHL,70,282,reviewer,1
mistral_small_3_24b_awq,shared54,worst,3213,2,anger,HHL,70,282,reviewer,1
mistral_small_3_24b_awq,shared54,worst,3220,0,anger,HHL,70,282,reviewer,0
mistral_small_3_24b_awq,shared54,worst,3220,1,anger,HHL,70,282,reviewer,0
mistral_small_3_24b_awq,shared54,worst,3220,2,anger,HHL,70,282,reviewer,0
mistral_small_3_24b_awq,shared54,worst,3223,0,anger,HHL,70,282,reviewer,0
mistral_small_3_24b_awq,shared54,worst,3223,1,anger,HHL,70,282,reviewer,1
mistral_small_3_24b_awq,shared54,worst,3223,2,anger,HHL,70,282,reviewer,0
mistral_small_3_24b_awq,shared54,worst,3225,0,anger,HHL,70,282,reviewer,1
mistral_small_3_24b_awq,shared54,worst,3225,1,anger,HHL,70,282,reviewer,1
mistral_small_3_24b_awq,shared54,worst,3225,2,anger,HHL,70,282,reviewer,0
mistral_small_3_24b_awq,shared54,worst,3229,0,anger,HHL,70,282,reviewer,0
mistral_small_3_24b_awq,shared54,worst,3229,1,anger,HHL,70,282,reviewer,0
mistral_small_3_24b_awq,shared54,worst,3229,2,anger,HHL,70,282,reviewer,0
mistral_small_3_24b_awq,shared54,worst,3243,0,anger,HHL,70,282,reviewer,1
mistral_small_3_24b_awq,shared54,worst,3243,1,anger,HHL,70,282,reviewer,0
mistral_small_3_24b_awq,shared54,worst,3243,2,anger,HHL,70,282,reviewer,0
mistral_small_3_24b_awq,shared54,worst,3246,0,anger,HHL,70,282,reviewer,0
mistral_small_3_24b_awq,shared54,worst,3246,1,anger,HHL,70,282,reviewer,1
mistral_small_3_24b_awq,shared54,worst,3246,2,anger,HHL,70,282,reviewer,1
mistral_small_3_24b_awq,shared54,worst,3249,0,anger,HHL,70,282,reviewer,1
mistral_small_3_24b_awq,shared54,worst,3249,1,anger,HHL,70,282,reviewer,0
mistral_small_3_24b_awq,shared54,worst,3249,2,anger,HHL,70,282,reviewer,0
mistral_small_3_24b_awq,shared54,worst,3251,0,anger,HHL,70,282,reviewer,0
mistral_small_3_24b_awq,shared54,worst,3251,1,anger,HHL,70,282,reviewer,0
mistral_small_3_24b_awq,shared54,worst,3251,2,anger,HHL,70,282,reviewer,0
mistral_small_3_24b_awq,shared54,worst,3261,0,anger,HHL,70,282,reviewer,0
mistral_small_3_24b_awq,shared54,worst,3261,1,anger,HHL,70,282,reviewer,0
mistral_small_3_24b_awq,shared54,worst,3261,2,anger,HHL,70,282,reviewer,0
mistral_small_3_24b_awq,shared54,worst,3263,0,anger,HHL,70,282,reviewer,0
mistral_small_3_24b_awq,shared54,worst,3263,1,anger,HHL,70,282,reviewer,0
mistral_small_3_24b_awq,shared54,worst,3263,2,anger,HHL,70,282,reviewer,0
mistral_small_3_24b_awq,shared54,worst,3265,0,anger,HHL,70,282,reviewer,1
mistral_small_3_24b_awq,shared54,worst,3265,1,anger,HHL,70,282,reviewer,1
mistral_small_3_24b_awq,shared54,worst,3265,2,anger,HHL,70,282,reviewer,1
mistral_small_3_24b_awq,shared54,worst,3269,0,anger,HHL,70,282,reviewer,0
mistral_small_3_24b_awq,shared54,worst,3269,1,anger,HHL,70,282,reviewer,0
mistral_small_3_24b_awq,shared54,worst,3269,2,anger,HHL,70,282,reviewer,0
mistral_small_3_24b_awq,shared54,worst,3298,0,anger,HHL,70,282,reviewer,0
mistral_small_3_24b_awq,shared54,worst,3298,1,anger,HHL,70,282,reviewer,0
mistral_small_3_24b_awq,shared54,worst,3298,2,anger,HHL,70,282,reviewer,0
mistral_small_3_24b_awq,shared54,worst,3312,0,anger,HHL,70,282,reviewer,1
mistral_small_3_24b_awq,shared54,worst,3312,1,anger,HHL,70,282,reviewer,1
mistral_small_3_24b_awq,shared54,worst,3312,2,anger,HHL,70,282,reviewer,1
mistral_small_3_24b_awq,shared54,worst,3324,0,anger,HHL,70,282,reviewer,0
mistral_small_3_24b_awq,shared54,worst,3324,1,anger,HHL,70,282,reviewer,0
mistral_small_3_24b_awq,shared54,worst,3324,2,anger,HHL,70,282,reviewer,1
mistral_small_3_24b_awq,shared54,worst,3329,0,anger,HHL,70,282,reviewer,0
mistral_small_3_24b_awq,shared54,worst,3329,1,anger,HHL,70,282,reviewer,1
mistral_small_3_24b_awq,shared54,worst,3329,2,anger,HHL,70,282,reviewer,0
mistral_small_3_24b_awq,shared54,worst,3345,0,anger,HHL,70,282,reviewer,1
mistral_small_3_24b_awq,shared54,worst,3345,1,anger,HHL,70,282,reviewer,1
mistral_small_3_24b_awq,shared54,worst,3345,2,anger,HHL,70,282,reviewer,0
mistral_small_3_24b_awq,shared54,worst,3362,0,anger,HHL,70,282,reviewer,0
mistral_small_3_24b_awq,shared54,worst,3362,1,anger,HHL,70,282,reviewer,0
mistral_small_3_24b_awq,shared54,worst,3362,2,anger,HHL,70,282,reviewer,0
mistral_small_3_24b_awq,shared54,worst,3388,0,anger,HHL,70,282,reviewer,0
mistral_small_3_24b_awq,shared54,worst,3388,1,anger,HHL,70,282,reviewer,1
mistral_small_3_24b_awq,shared54,worst,3388,2,anger,HHL,70,282,reviewer,1
mistral_small_3_24b_awq,shared54,worst,3394,0,anger,HHL,70,282,reviewer,0
mistral_small_3_24b_awq,shared54,worst,3394,1,anger,HHL,70,282,reviewer,0
mistral_small_3_24b_awq,shared54,worst,3394,2,anger,HHL,70,282,reviewer,0
mistral_small_3_24b_awq,shared54,worst,3402,0,anger,HHL,70,282,reviewer,0
mistral_small_3_24b_awq,shared54,worst,3402,1,anger,HHL,70,282,reviewer,0
mistral_small_3_24b_awq,shared54,worst,3402,2,anger,HHL,70,282,reviewer,0
mistral_small_3_24b_awq,shared54,worst,3408,0,anger,HHL,70,282,reviewer,0
mistral_small_3_24b_awq,shared54,worst,3408,1,anger,HHL,70,282,reviewer,0
mistral_small_3_24b_awq,shared54,worst,3408,2,anger,HHL,70,282,reviewer,0
mistral_small_3_24b_awq,shared54,worst,3412,0,anger,HHL,70,282,reviewer,0
mistral_small_3_24b_awq,shared54,worst,3412,1,anger,HHL,70,282,reviewer,0
mistral_small_3_24b_awq,shared54,worst,3412,2,anger,HHL,70,282,reviewer,1
mistral_small_3_24b_awq,shared54,worst,3421,0,anger,HHL,70,282,reviewer,1
mistral_small_3_24b_awq,shared54,worst,3421,1,anger,HHL,70,282,reviewer,0
mistral_small_3_24b_awq,shared54,worst,3421,2,anger,HHL,70,282,reviewer,0
mistral_small_3_24b_awq,shared54,worst,3426,0,anger,HHL,70,282,reviewer,0
mistral_small_3_24b_awq,shared54,worst,3426,1,anger,HHL,70,282,reviewer,0
mistral_small_3_24b_awq,shared54,worst,3464,0,anger,HHL,70,282,reviewer,0
mistral_small_3_24b_awq,shared54,worst,3464,1,anger,HHL,70,282,reviewer,0
mistral_small_3_24b_awq,shared54,worst,3464,2,anger,HHL,70,282,reviewer,0
mistral_small_3_24b_awq,shared54,worst,3471,0,anger,HHL,70,282,reviewer,0
mistral_small_3_24b_awq,shared54,worst,3471,1,anger,HHL,70,282,reviewer,0
mistral_small_3_24b_awq,shared54,worst,3471,2,anger,HHL,70,282,reviewer,0
mistral_small_3_24b_awq,shared54,worst,3476,0,anger,HHL,70,282,reviewer,0
mistral_small_3_24b_awq,shared54,worst,3476,1,anger,HHL,70,282,reviewer,1
mistral_small_3_24b_awq,shared54,worst,3476,2,anger,HHL,70,282,reviewer,0
mistral_small_3_24b_awq,shared54,worst,3478,0,anger,HHL,70,282,reviewer,0
mistral_small_3_24b_awq,shared54,worst,3478,1,anger,HHL,70,282,reviewer,1
mistral_small_3_24b_awq,shared54,worst,3478,2,anger,HHL,70,282,reviewer,0
mistral_small_3_24b_awq,shared54,worst,3490,0,anger,HHL,70,282,reviewer,0
mistral_small_3_24b_awq,shared54,worst,3490,1,anger,HHL,70,282,reviewer,0
mistral_small_3_24b_awq,shared54,worst,3490,2,anger,HHL,70,282,reviewer,0
mistral_small_3_24b_awq,shared54,worst,3495,0,anger,HHL,70,282,reviewer,0
mistral_small_3_24b_awq,shared54,worst,3495,1,anger,HHL,70,282,reviewer,0
mistral_small_3_24b_awq,shared54,worst,3495,2,anger,HHL,70,282,reviewer,0
mistral_small_3_24b_awq,shared54,worst,3496,0,anger,HHL,70,282,reviewer,0
mistral_small_3_24b_awq,shared54,worst,3496,1,anger,HHL,70,282,reviewer,0
mistral_small_3_24b_awq,shared54,worst,3496,2,anger,HHL,70,282,reviewer,0
mistral_small_3_24b_awq,shared54,worst,3510,0,anger,HHL,70,282,reviewer,0
mistral_small_3_24b_awq,shared54,worst,3510,1,anger,HHL,70,282,reviewer,0
mistral_small_3_24b_awq,shared54,worst,3510,2,anger,HHL,70,282,reviewer,0
mistral_small_3_24b_awq,shared54,worst,3515,0,anger,HHL,70,282,reviewer,0
mistral_small_3_24b_awq,shared54,worst,3515,1,anger,HHL,70,282,reviewer,1
mistral_small_3_24b_awq,shared54,worst,3515,2,anger,HHL,70,282,reviewer,0
mistral_small_3_24b_awq,shared54,worst,3517,0,anger,HHL,70,282,reviewer,0
mistral_small_3_24b_awq,shared54,worst,3517,1,anger,HHL,70,282,reviewer,1
mistral_small_3_24b_awq,shared54,worst,3517,2,anger,HHL,70,282,reviewer,0
mistral_small_3_24b_awq,shared54,worst,3518,0,anger,HHL,70,282,reviewer,0
mistral_small_3_24b_awq,shared54,worst,3518,1,anger,HHL,70,282,reviewer,0
mistral_small_3_24b_awq,shared54,worst,3518,2,anger,HHL,70,282,reviewer,0
mistral_small_3_24b_awq,shared54,worst,3527,0,anger,HHL,70,282,reviewer,0
mistral_small_3_24b_awq,shared54,worst,3527,1,anger,HHL,70,282,reviewer,0
mistral_small_3_24b_awq,shared54,worst,3527,2,anger,HHL,70,282,reviewer,0
mistral_small_3_24b_awq,shared54,worst,3534,0,anger,HHL,70,282,reviewer,0
mistral_small_3_24b_awq,shared54,worst,3534,1,anger,HHL,70,282,reviewer,1
mistral_small_3_24b_awq,shared54,worst,3534,2,anger,HHL,70,282,reviewer,0
mistral_small_3_24b_awq,shared54,worst,3535,0,anger,HHL,70,282,reviewer,0
mistral_small_3_24b_awq,shared54,worst,3535,1,anger,HHL,70,282,reviewer,0
mistral_small_3_24b_awq,shared54,worst,3535,2,anger,HHL,70,282,reviewer,0
mistral_small_3_24b_awq,shared54,worst,3551,0,anger,HHL,70,282,reviewer,0
mistral_small_3_24b_awq,shared54,worst,3551,1,anger,HHL,70,282,reviewer,0
mistral_small_3_24b_awq,shared54,worst,3551,2,anger,HHL,70,282,reviewer,0
mistral_small_3_24b_awq,shared54,worst,3555,0,anger,HHL,70,282,reviewer,0
mistral_small_3_24b_awq,shared54,worst,3555,1,anger,HHL,70,282,reviewer,1
mistral_small_3_24b_awq,shared54,worst,3555,2,anger,HHL,70,282,reviewer,0
mistral_small_3_24b_awq,shared54,worst,3559,0,anger,HHL,70,282,reviewer,0
mistral_small_3_24b_awq,shared54,worst,3559,1,anger,HHL,70,282,reviewer,1
mistral_small_3_24b_awq,shared54,worst,3559,2,anger,HHL,70,282,reviewer,0
mistral_small_3_24b_awq,shared54,worst,3560,0,anger,HHL,70,282,reviewer,0
mistral_small_3_24b_awq,shared54,worst,3560,1,anger,HHL,70,282,reviewer,1
mistral_small_3_24b_awq,shared54,worst,3560,2,anger,HHL,70,282,reviewer,0
mistral_small_3_24b_awq,shared54,worst,3567,0,anger,HHL,70,282,reviewer,0
mistral_small_3_24b_awq,shared54,worst,3567,1,anger,HHL,70,282,reviewer,0
mistral_small_3_24b_awq,shared54,worst,3567,2,anger,HHL,70,282,reviewer,1
mistral_small_3_24b_awq,shared54,worst,3571,0,anger,HHL,70,282,reviewer,1
mistral_small_3_24b_awq,shared54,worst,3571,1,anger,HHL,70,282,reviewer,0
mistral_small_3_24b_awq,shared54,worst,3571,2,anger,HHL,70,282,reviewer,0
mistral_small_3_24b_awq,shared54,worst,3603,0,anger,HHL,70,282,reviewer,1
mistral_small_3_24b_awq,shared54,worst,3603,1,anger,HHL,70,282,reviewer,1
mistral_small_3_24b_awq,shared54,worst,3603,2,anger,HHL,70,282,reviewer,0
mistral_small_3_24b_awq,shared54,worst,3605,0,anger,HHL,70,282,reviewer,1
mistral_small_3_24b_awq,shared54,worst,3605,1,anger,HHL,70,282,reviewer,0
mistral_small_3_24b_awq,shared54,worst,3605,2,anger,HHL,70,282,reviewer,1
mistral_small_3_24b_awq,shared54,worst,3607,0,anger,HHL,70,282,reviewer,0
mistral_small_3_24b_awq,shared54,worst,3607,1,anger,HHL,70,282,reviewer,0
mistral_small_3_24b_awq,shared54,worst,3607,2,anger,HHL,70,282,reviewer,0
mistral_small_3_24b_awq,shared54,worst,3621,0,anger,HHL,70,282,reviewer,1
mistral_small_3_24b_awq,shared54,worst,3621,1,anger,HHL,70,282,reviewer,0
mistral_small_3_24b_awq,shared54,worst,3621,2,anger,HHL,70,282,reviewer,0
mistral_small_3_24b_awq,shared54,worst,3629,0,anger,HHL,70,282,reviewer,1
mistral_small_3_24b_awq,shared54,worst,3629,1,anger,HHL,70,282,reviewer,1
mistral_small_3_24b_awq,shared54,worst,3629,2,anger,HHL,70,282,reviewer,0
mistral_small_3_24b_awq,shared54,worst,3637,0,anger,HHL,70,282,reviewer,0
mistral_small_3_24b_awq,shared54,worst,3637,1,anger,HHL,70,282,reviewer,0
mistral_small_3_24b_awq,shared54,worst,3637,2,anger,HHL,70,282,reviewer,0
mistral_small_3_24b_awq,shared54,worst,3647,0,anger,HHL,70,282,reviewer,0
mistral_small_3_24b_awq,shared54,worst,3647,1,anger,HHL,70,282,reviewer,0
mistral_small_3_24b_awq,shared54,worst,3647,2,anger,HHL,70,282,reviewer,1
mistral_small_3_24b_awq,shared54,worst,3648,0,anger,HHL,70,282,reviewer,0
mistral_small_3_24b_awq,shared54,worst,3648,1,anger,HHL,70,282,reviewer,0
mistral_small_3_24b_awq,shared54,worst,3648,2,anger,HHL,70,282,reviewer,0
mistral_small_3_24b_awq,shared54,worst,3649,0,anger,HHL,70,282,reviewer,0
mistral_small_3_24b_awq,shared54,worst,3649,1,anger,HHL,70,282,reviewer,0
mistral_small_3_24b_awq,shared54,worst,3649,2,anger,HHL,70,282,reviewer,0
mistral_small_3_24b_awq,shared54,worst,3657,0,anger,HHL,70,282,reviewer,0
mistral_small_3_24b_awq,shared54,worst,3657,1,anger,HHL,70,282,reviewer,1
mistral_small_3_24b_awq,shared54,worst,3657,2,anger,HHL,70,282,reviewer,1
mistral_small_3_24b_awq,shared54,worst,3674,0,anger,HHL,70,282,reviewer,0
mistral_small_3_24b_awq,shared54,worst,3674,1,anger,HHL,70,282,reviewer,0
mistral_small_3_24b_awq,shared54,worst,3674,2,anger,HHL,70,282,reviewer,0
mistral_small_3_24b_awq,shared54,worst,3676,0,anger,HHL,70,282,reviewer,0
mistral_small_3_24b_awq,shared54,worst,3676,1,anger,HHL,70,282,reviewer,0
mistral_small_3_24b_awq,shared54,worst,3676,2,anger,HHL,70,282,reviewer,0
mistral_small_3_24b_awq,shared54,worst,3680,0,anger,HHL,70,282,reviewer,0
mistral_small_3_24b_awq,shared54,worst,3680,1,anger,HHL,70,282,reviewer,0
mistral_small_3_24b_awq,shared54,worst,3680,2,anger,HHL,70,282,reviewer,0
mistral_small_3_24b_awq,shared54,worst,3683,0,anger,HHL,70,282,reviewer,0
mistral_small_3_24b_awq,shared54,worst,3683,1,anger,HHL,70,282,reviewer,0
mistral_small_3_24b_awq,shared54,worst,3683,2,anger,HHL,70,282,reviewer,0
mistral_small_3_24b_awq,shared54,worst,3686,0,anger,HHL,70,282,reviewer,1
mistral_small_3_24b_awq,shared54,worst,3686,1,anger,HHL,70,282,reviewer,1
mistral_small_3_24b_awq,shared54,worst,3686,2,anger,HHL,70,282,reviewer,1
mistral_small_3_24b_awq,shared54,worst,3696,0,anger,HHL,70,282,reviewer,0
mistral_small_3_24b_awq,shared54,worst,3696,1,anger,HHL,70,282,reviewer,1
mistral_small_3_24b_awq,shared54,worst,3696,2,anger,HHL,70,282,reviewer,1
mistral_small_3_24b_awq,shared54,worst,3700,0,anger,HHL,70,282,reviewer,0
mistral_small_3_24b_awq,shared54,worst,3700,1,anger,HHL,70,282,reviewer,0
mistral_small_3_24b_awq,shared54,worst,3700,2,anger,HHL,70,282,reviewer,0
mistral_small_3_24b_awq,shared54,worst,3702,0,anger,HHL,70,282,reviewer,1
mistral_small_3_24b_awq,shared54,worst,3702,1,anger,HHL,70,282,reviewer,0
mistral_small_3_24b_awq,shared54,worst,3702,2,anger,HHL,70,282,reviewer,0
mistral_small_3_24b_awq,shared54,worst,3704,0,anger,HHL,70,282,reviewer,0
mistral_small_3_24b_awq,shared54,worst,3704,1,anger,HHL,70,282,reviewer,0
mistral_small_3_24b_awq,shared54,worst,3704,2,anger,HHL,70,282,reviewer,0
mistral_small_3_24b_awq,shared54,worst,3709,0,anger,HHL,70,282,reviewer,0
mistral_small_3_24b_awq,shared54,worst,3709,1,anger,HHL,70,282,reviewer,0
mistral_small_3_24b_awq,shared54,worst,3709,2,anger,HHL,70,282,reviewer,0
mistral_small_3_24b_awq,shared54,worst,3714,0,anger,HHL,70,282,reviewer,0
mistral_small_3_24b_awq,shared54,worst,3714,1,anger,HHL,70,282,reviewer,0
mistral_small_3_24b_awq,shared54,worst,3714,2,anger,HHL,70,282,reviewer,0
mistral_small_3_24b_awq,shared54,worst,3722,0,anger,HHL,70,282,reviewer,0
mistral_small_3_24b_awq,shared54,worst,3722,1,anger,HHL,70,282,reviewer,0
mistral_small_3_24b_awq,shared54,worst,3722,2,anger,HHL,70,282,reviewer,0
mistral_small_3_24b_awq,shared54,worst,3731,0,anger,HHL,70,282,reviewer,0
mistral_small_3_24b_awq,shared54,worst,3731,1,anger,HHL,70,282,reviewer,0
mistral_small_3_24b_awq,shared54,worst,3731,2,anger,HHL,70,282,reviewer,0
mistral_small_3_24b_awq,shared54,worst,3736,0,anger,HHL,70,282,reviewer,1
mistral_small_3_24b_awq,shared54,worst,3736,1,anger,HHL,70,282,reviewer,0
mistral_small_3_24b_awq,shared54,worst,3736,2,anger,HHL,70,282,reviewer,1
mistral_small_3_24b_awq,shared54,worst,3743,0,anger,HHL,70,282,reviewer,0
mistral_small_3_24b_awq,shared54,worst,3743,1,anger,HHL,70,282,reviewer,0
mistral_small_3_24b_awq,shared54,worst,3743,2,anger,HHL,70,282,reviewer,0
mistral_small_3_24b_awq,shared54,worst,3744,0,anger,HHL,70,282,reviewer,1
mistral_small_3_24b_awq,shared54,worst,3744,1,anger,HHL,70,282,reviewer,0
mistral_small_3_24b_awq,shared54,worst,3744,2,anger,HHL,70,282,reviewer,1
mistral_small_3_24b_awq,shared54,worst,3751,0,anger,HHL,70,282,reviewer,0
mistral_small_3_24b_awq,shared54,worst,3751,1,anger,HHL,70,282,reviewer,0
mistral_small_3_24b_awq,shared54,worst,3751,2,anger,HHL,70,282,reviewer,0
mistral_small_3_24b_awq,shared54,worst,3771,0,anger,HHL,70,282,reviewer,0
mistral_small_3_24b_awq,shared54,worst,3771,1,anger,HHL,70,282,reviewer,0
mistral_small_3_24b_awq,shared54,worst,3771,2,anger,HHL,70,282,reviewer,1
mistral_small_3_24b_awq,shared54,worst,3785,0,anger,HHL,70,282,reviewer,0
mistral_small_3_24b_awq,shared54,worst,3785,1,anger,HHL,70,282,reviewer,1
mistral_small_3_24b_awq,shared54,worst,3785,2,anger,HHL,70,282,reviewer,1
mistral_small_3_24b_awq,shared54,worst,3786,0,anger,HHL,70,282,reviewer,0
mistral_small_3_24b_awq,shared54,worst,3786,1,anger,HHL,70,282,reviewer,0
mistral_small_3_24b_awq,shared54,worst,3786,2,anger,HHL,70,282,reviewer,0
mistral_small_3_24b_awq,shared54,worst,3793,0,anger,HHL,70,282,reviewer,1
mistral_small_3_24b_awq,shared54,worst,3793,1,anger,HHL,70,282,reviewer,1
mistral_small_3_24b_awq,shared54,worst,3793,2,anger,HHL,70,282,reviewer,0
mistral_small_3_24b_awq,shared54,worst,abc301_b,0,anger,HHL,70,282,reviewer,1
mistral_small_3_24b_awq,shared54,worst,abc301_b,1,anger,HHL,70,282,reviewer,1
mistral_small_3_24b_awq,shared54,worst,abc301_b,2,anger,HHL,70,282,reviewer,1
mistral_small_3_24b_awq,shared54,worst,abc301_e,0,anger,HHL,70,282,reviewer,0
mistral_small_3_24b_awq,shared54,worst,abc301_e,1,anger,HHL,70,282,reviewer,0
mistral_small_3_24b_awq,shared54,worst,abc301_e,2,anger,HHL,70,282,reviewer,1
mistral_small_3_24b_awq,shared54,worst,abc302_e,0,anger,HHL,70,282,reviewer,0
mistral_small_3_24b_awq,shared54,worst,abc302_e,1,anger,HHL,70,282,reviewer,0
mistral_small_3_24b_awq,shared54,worst,abc302_e,2,anger,HHL,70,282,reviewer,0
mistral_small_3_24b_awq,shared54,worst,abc303_a,0,anger,HHL,70,282,reviewer,0
mistral_small_3_24b_awq,shared54,worst,abc303_a,1,anger,HHL,70,282,reviewer,1
mistral_small_3_24b_awq,shared54,worst,abc303_a,2,anger,HHL,70,282,reviewer,1
mistral_small_3_24b_awq,shared54,worst,abc303_b,0,anger,HHL,70,282,reviewer,1
mistral_small_3_24b_awq,shared54,worst,abc303_b,1,anger,HHL,70,282,reviewer,0
mistral_small_3_24b_awq,shared54,worst,abc303_d,0,anger,HHL,70,282,reviewer,0
mistral_small_3_24b_awq,shared54,worst,abc303_d,1,anger,HHL,70,282,reviewer,0
mistral_small_3_24b_awq,shared54,worst,abc303_d,2,anger,HHL,70,282,reviewer,0
mistral_small_3_24b_awq,shared54,worst,abc303_e,0,anger,HHL,70,282,reviewer,0
mistral_small_3_24b_awq,shared54,worst,abc303_e,1,anger,HHL,70,282,reviewer,0
mistral_small_3_24b_awq,shared54,worst,abc303_e,2,anger,HHL,70,282,reviewer,0
mistral_small_3_24b_awq,shared54,worst,abc304_a,0,anger,HHL,70,282,reviewer,1
mistral_small_3_24b_awq,shared54,worst,abc304_a,1,anger,HHL,70,282,reviewer,0
mistral_small_3_24b_awq,shared54,worst,abc304_a,2,anger,HHL,70,282,reviewer,1
mistral_small_3_24b_awq,shared54,worst,abc307_a,0,anger,HHL,70,282,reviewer,0
mistral_small_3_24b_awq,shared54,worst,abc307_a,1,anger,HHL,70,282,reviewer,0
mistral_small_3_24b_awq,shared54,worst,abc307_a,2,anger,HHL,70,282,reviewer,0
mistral_small_3_24b_awq,shared54,worst,abc307_b,0,anger,HHL,70,282,reviewer,0
mistral_small_3_24b_awq,shared54,worst,abc307_b,1,anger,HHL,70,282,reviewer,0
mistral_small_3_24b_awq,shared54,worst,abc307_b,2,anger,HHL,70,282,reviewer,0
mistral_small_3_24b_awq,shared54,worst,abc309_c,0,anger,HHL,70,282,reviewer,1
mistral_small_3_24b_awq,shared54,worst,abc309_c,1,anger,HHL,70,282,reviewer,1
mistral_small_3_24b_awq,shared54,worst,abc309_c,2,anger,HHL,70,282,reviewer,0
mistral_small_3_24b_awq,shared54,worst,abc309_d,0,anger,HHL,70,282,reviewer,1
mistral_small_3_24b_awq,shared54,worst,abc309_d,1,anger,HHL,70,282,reviewer,1
mistral_small_3_24b_awq,shared54,worst,abc309_d,2,anger,HHL,70,282,reviewer,0
mistral_small_3_24b_awq,shared54,worst,abc309_e,0,anger,HHL,70,282,reviewer,1
mistral_small_3_24b_awq,shared54,worst,abc309_e,1,anger,HHL,70,282,reviewer,1
mistral_small_3_24b_awq,shared54,worst,abc309_e,2,anger,HHL,70,282,reviewer,0
mistral_small_3_24b_awq,shared54,worst,abc310_b,0,anger,HHL,70,282,reviewer,0
mistral_small_3_24b_awq,shared54,worst,abc310_b,1,anger,HHL,70,282,reviewer,0
mistral_small_3_24b_awq,shared54,worst,abc310_b,2,anger,HHL,70,282,reviewer,1
mistral_small_3_24b_awq,shared54,worst,abc310_c,0,anger,HHL,70,282,reviewer,1
mistral_small_3_24b_awq,shared54,worst,abc310_c,1,anger,HHL,70,282,reviewer,0
mistral_small_3_24b_awq,shared54,worst,abc310_c,2,anger,HHL,70,282,reviewer,0
mistral_small_3_24b_awq,shared54,worst,abc310_f,0,anger,HHL,70,282,reviewer,0
mistral_small_3_24b_awq,shared54,worst,abc310_f,1,anger,HHL,70,282,reviewer,0
mistral_small_3_24b_awq,shared54,worst,abc310_f,2,anger,HHL,70,282,reviewer,0
mistral_small_3_24b_awq,shared54,worst,abc311_b,0,anger,HHL,70,282,reviewer,0
mistral_small_3_24b_awq,shared54,worst,abc311_b,1,anger,HHL,70,282,reviewer,0
mistral_small_3_24b_awq,shared54,worst,abc311_b,2,anger,HHL,70,282,reviewer,1
mistral_small_3_24b_awq,shared54,worst,abc312_e,0,anger,HHL,70,282,reviewer,0
mistral_small_3_24b_awq,shared54,worst,abc312_e,1,anger,HHL,70,282,reviewer,0
mistral_small_3_24b_awq,shared54,worst,abc312_e,2,anger,HHL,70,282,reviewer,0
mistral_small_3_24b_awq,shared54,worst,abc312_f,0,anger,HHL,70,282,reviewer,0
mistral_small_3_24b_awq,shared54,worst,abc312_f,1,anger,HHL,70,282,reviewer,0
mistral_small_3_24b_awq,shared54,worst,abc312_f,2,anger,HHL,70,282,reviewer,0
mistral_small_3_24b_awq,shared54,worst,abc313_a,0,anger,HHL,70,282,reviewer,0
mistral_small_3_24b_awq,shared54,worst,abc313_a,1,anger,HHL,70,282,reviewer,0
mistral_small_3_24b_awq,shared54,worst,abc313_a,2,anger,HHL,70,282,reviewer,0
mistral_small_3_24b_awq,shared54,worst,abc315_b,0,anger,HHL,70,282,reviewer,0
mistral_small_3_24b_awq,shared54,worst,abc315_b,1,anger,HHL,70,282,reviewer,0
mistral_small_3_24b_awq,shared54,worst,abc315_b,2,anger,HHL,70,282,reviewer,0
mistral_small_3_24b_awq,shared54,worst,abc315_c,0,anger,HHL,70,282,reviewer,0
mistral_small_3_24b_awq,shared54,worst,abc315_c,1,anger,HHL,70,282,reviewer,1
mistral_small_3_24b_awq,shared54,worst,abc315_c,2,anger,HHL,70,282,reviewer,0
mistral_small_3_24b_awq,shared54,worst,abc315_d,0,anger,HHL,70,282,reviewer,1
mistral_small_3_24b_awq,shared54,worst,abc315_d,1,anger,HHL,70,282,reviewer,1
mistral_small_3_24b_awq,shared54,worst,abc315_d,2,anger,HHL,70,282,reviewer,0
mistral_small_3_24b_awq,shared54,worst,abc318_b,0,anger,HHL,70,282,reviewer,0
mistral_small_3_24b_awq,shared54,worst,abc318_b,1,anger,HHL,70,282,reviewer,0
mistral_small_3_24b_awq,shared54,worst,abc318_b,2,anger,HHL,70,282,reviewer,0
mistral_small_3_24b_awq,shared54,worst,abc318_d,0,anger,HHL,70,282,reviewer,1
mistral_small_3_24b_awq,shared54,worst,abc318_d,1,anger,HHL,70,282,reviewer,1
mistral_small_3_24b_awq,shared54,worst,abc318_d,2,anger,HHL,70,282,reviewer,0
mistral_small_3_24b_awq,shared54,worst,abc319_c,0,anger,HHL,70,282,reviewer,0
mistral_small_3_24b_awq,shared54,worst,abc319_c,1,anger,HHL,70,282,reviewer,0
mistral_small_3_24b_awq,shared54,worst,abc319_c,2,anger,HHL,70,282,reviewer,1
mistral_small_3_24b_awq,shared54,worst,abc320_e,0,anger,HHL,70,282,reviewer,1
mistral_small_3_24b_awq,shared54,worst,abc320_e,1,anger,HHL,70,282,reviewer,1
mistral_small_3_24b_awq,shared54,worst,abc320_e,2,anger,HHL,70,282,reviewer,0
mistral_small_3_24b_awq,shared54,worst,abc321_b,0,anger,HHL,70,282,reviewer,0
mistral_small_3_24b_awq,shared54,worst,abc321_b,1,anger,HHL,70,282,reviewer,0
mistral_small_3_24b_awq,shared54,worst,abc321_b,2,anger,HHL,70,282,reviewer,0
mistral_small_3_24b_awq,shared54,worst,abc321_c,0,anger,HHL,70,282,reviewer,0
mistral_small_3_24b_awq,shared54,worst,abc321_c,1,anger,HHL,70,282,reviewer,0
mistral_small_3_24b_awq,shared54,worst,abc321_c,2,anger,HHL,70,282,reviewer,0
mistral_small_3_24b_awq,shared54,worst,abc322_c,0,anger,HHL,70,282,reviewer,0
mistral_small_3_24b_awq,shared54,worst,abc322_c,1,anger,HHL,70,282,reviewer,0
mistral_small_3_24b_awq,shared54,worst,abc322_c,2,anger,HHL,70,282,reviewer,0
mistral_small_3_24b_awq,shared54,worst,abc324_a,0,anger,HHL,70,282,reviewer,0
mistral_small_3_24b_awq,shared54,worst,abc324_a,1,anger,HHL,70,282,reviewer,0
mistral_small_3_24b_awq,shared54,worst,abc324_a,2,anger,HHL,70,282,reviewer,0
mistral_small_3_24b_awq,shared54,worst,abc324_b,0,anger,HHL,70,282,reviewer,0
mistral_small_3_24b_awq,shared54,worst,abc324_b,1,anger,HHL,70,282,reviewer,0
mistral_small_3_24b_awq,shared54,worst,abc324_b,2,anger,HHL,70,282,reviewer,1
mistral_small_3_24b_awq,shared54,worst,abc325_b,0,anger,HHL,70,282,reviewer,0
mistral_small_3_24b_awq,shared54,worst,abc325_b,1,anger,HHL,70,282,reviewer,0
mistral_small_3_24b_awq,shared54,worst,abc325_b,2,anger,HHL,70,282,reviewer,1
mistral_small_3_24b_awq,shared54,worst,abc325_e,0,anger,HHL,70,282,reviewer,1
mistral_small_3_24b_awq,shared54,worst,abc325_e,1,anger,HHL,70,282,reviewer,1
mistral_small_3_24b_awq,shared54,worst,abc325_e,2,anger,HHL,70,282,reviewer,0
mistral_small_3_24b_awq,shared54,worst,abc326_d,0,anger,HHL,70,282,reviewer,1
mistral_small_3_24b_awq,shared54,worst,abc326_d,1,anger,HHL,70,282,reviewer,1
mistral_small_3_24b_awq,shared54,worst,abc326_d,2,anger,HHL,70,282,reviewer,0
mistral_small_3_24b_awq,shared54,worst,abc327_a,0,anger,HHL,70,282,reviewer,0
mistral_small_3_24b_awq,shared54,worst,abc327_a,1,anger,HHL,70,282,reviewer,1
mistral_small_3_24b_awq,shared54,worst,abc327_a,2,anger,HHL,70,282,reviewer,0
mistral_small_3_24b_awq,shared54,worst,abc327_c,0,anger,HHL,70,282,reviewer,0
mistral_small_3_24b_awq,shared54,worst,abc327_c,1,anger,HHL,70,282,reviewer,1
mistral_small_3_24b_awq,shared54,worst,abc327_c,2,anger,HHL,70,282,reviewer,1
mistral_small_3_24b_awq,shared54,worst,abc328_b,0,anger,HHL,70,282,reviewer,0
mistral_small_3_24b_awq,shared54,worst,abc328_b,1,anger,HHL,70,282,reviewer,0
mistral_small_3_24b_awq,shared54,worst,abc328_b,2,anger,HHL,70,282,reviewer,0
mistral_small_3_24b_awq,shared54,worst,abc328_d,0,anger,HHL,70,282,reviewer,0
mistral_small_3_24b_awq,shared54,worst,abc328_d,1,anger,HHL,70,282,reviewer,1
mistral_small_3_24b_awq,shared54,worst,abc328_d,2,anger,HHL,70,282,reviewer,0
mistral_small_3_24b_awq,shared54,worst,abc329_b,0,anger,HHL,70,282,reviewer,0
mistral_small_3_24b_awq,shared54,worst,abc329_b,1,anger,HHL,70,282,reviewer,0
mistral_small_3_24b_awq,shared54,worst,abc329_b,2,anger,HHL,70,282,reviewer,0
mistral_small_3_24b_awq,shared54,worst,abc329_f,0,anger,HHL,70,282,reviewer,0
mistral_small_3_24b_awq,shared54,worst,abc329_f,1,anger,HHL,70,282,reviewer,0
mistral_small_3_24b_awq,shared54,worst,abc329_f,2,anger,HHL,70,282,reviewer,0
mistral_small_3_24b_awq,shared54,worst,abc330_d,0,anger,HHL,70,282,reviewer,0
mistral_small_3_24b_awq,shared54,worst,abc330_d,1,anger,HHL,70,282,reviewer,1
mistral_small_3_24b_awq,shared54,worst,abc330_d,2,anger,HHL,70,282,reviewer,0
mistral_small_3_24b_awq,shared54,worst,abc331_c,0,anger,HHL,70,282,reviewer,0
mistral_small_3_24b_awq,shared54,worst,abc331_c,1,anger,HHL,70,282,reviewer,0
mistral_small_3_24b_awq,shared54,worst,abc331_c,2,anger,HHL,70,282,reviewer,0
mistral_small_3_24b_awq,shared54,worst,abc331_e,0,anger,HHL,70,282,reviewer,0
mistral_small_3_24b_awq,shared54,worst,abc331_e,1,anger,HHL,70,282,reviewer,0
mistral_small_3_24b_awq,shared54,worst,abc331_e,2,anger,HHL,70,282,reviewer,0
mistral_small_3_24b_awq,shared54,worst,abc333_a,0,anger,HHL,70,282,reviewer,0
mistral_small_3_24b_awq,shared54,worst,abc333_a,1,anger,HHL,70,282,reviewer,1
mistral_small_3_24b_awq,shared54,worst,abc333_a,2,anger,HHL,70,282,reviewer,0
mistral_small_3_24b_awq,shared54,worst,abc333_d,0,anger,HHL,70,282,reviewer,0
mistral_small_3_24b_awq,shared54,worst,abc333_d,1,anger,HHL,70,282,reviewer,0
mistral_small_3_24b_awq,shared54,worst,abc333_d,2,anger,HHL,70,282,reviewer,0
mistral_small_3_24b_awq,shared54,worst,abc335_c,0,anger,HHL,70,282,reviewer,0
mistral_small_3_24b_awq,shared54,worst,abc335_c,1,anger,HHL,70,282,reviewer,1
mistral_small_3_24b_awq,shared54,worst,abc335_c,2,anger,HHL,70,282,reviewer,0
mistral_small_3_24b_awq,shared54,worst,abc337_b,0,anger,HHL,70,282,reviewer,1
mistral_small_3_24b_awq,shared54,worst,abc337_b,1,anger,HHL,70,282,reviewer,0
mistral_small_3_24b_awq,shared54,worst,abc337_b,2,anger,HHL,70,282,reviewer,0
mistral_small_3_24b_awq,shared54,worst,abc337_d,0,anger,HHL,70,282,reviewer,0
mistral_small_3_24b_awq,shared54,worst,abc337_d,1,anger,HHL,70,282,reviewer,0
mistral_small_3_24b_awq,shared54,worst,abc337_d,2,anger,HHL,70,282,reviewer,1
mistral_small_3_24b_awq,shared54,worst,abc338_a,0,anger,HHL,70,282,reviewer,0
mistral_small_3_24b_awq,shared54,worst,abc338_a,1,anger,HHL,70,282,reviewer,0
mistral_small_3_24b_awq,shared54,worst,abc338_a,2,anger,HHL,70,282,reviewer,0
mistral_small_3_24b_awq,shared54,worst,abc338_e,0,anger,HHL,70,282,reviewer,1
mistral_small_3_24b_awq,shared54,worst,abc338_e,1,anger,HHL,70,282,reviewer,1
mistral_small_3_24b_awq,shared54,worst,abc338_e,2,anger,HHL,70,282,reviewer,1
mistral_small_3_24b_awq,shared54,worst,abc339_b,0,anger,HHL,70,282,reviewer,0
mistral_small_3_24b_awq,shared54,worst,abc339_b,1,anger,HHL,70,282,reviewer,0
mistral_small_3_24b_awq,shared54,worst,abc339_b,2,anger,HHL,70,282,reviewer,0
mistral_small_3_24b_awq,shared54,worst,abc339_d,0,anger,HHL,70,282,reviewer,1
mistral_small_3_24b_awq,shared54,worst,abc339_d,1,anger,HHL,70,282,reviewer,1
mistral_small_3_24b_awq,shared54,worst,abc339_d,2,anger,HHL,70,282,reviewer,0
mistral_small_3_24b_awq,shared54,worst,abc340_d,0,anger,HHL,70,282,reviewer,0
mistral_small_3_24b_awq,shared54,worst,abc340_d,1,anger,HHL,70,282,reviewer,0
mistral_small_3_24b_awq,shared54,worst,abc340_d,2,anger,HHL,70,282,reviewer,0
mistral_small_3_24b_awq,shared54,worst,abc341_b,0,anger,HHL,70,282,reviewer,0
mistral_small_3_24b_awq,shared54,worst,abc341_b,1,anger,HHL,70,282,reviewer,0
mistral_small_3_24b_awq,shared54,worst,abc341_b,2,anger,HHL,70,282,reviewer,0
mistral_small_3_24b_awq,shared54,worst,abc341_c,0,anger,HHL,70,282,reviewer,0
mistral_small_3_24b_awq,shared54,worst,abc341_c,1,anger,HHL,70,282,reviewer,0
mistral_small_3_24b_awq,shared54,worst,abc341_c,2,anger,HHL,70,282,reviewer,0
mistral_small_3_24b_awq,shared54,worst,abc341_d,0,anger,HHL,70,282,reviewer,0
mistral_small_3_24b_awq,shared54,worst,abc341_d,1,anger,HHL,70,282,reviewer,0
mistral_small_3_24b_awq,shared54,worst,abc341_d,2,anger,HHL,70,282,reviewer,0
mistral_small_3_24b_awq,shared54,worst,abc341_f,0,anger,HHL,70,282,reviewer,1
mistral_small_3_24b_awq,shared54,worst,abc341_f,1,anger,HHL,70,282,reviewer,1
mistral_small_3_24b_awq,shared54,worst,abc341_f,2,anger,HHL,70,282,reviewer,1
mistral_small_3_24b_awq,shared54,worst,abc342_a,0,anger,HHL,70,282,reviewer,0
mistral_small_3_24b_awq,shared54,worst,abc342_a,1,anger,HHL,70,282,reviewer,0
mistral_small_3_24b_awq,shared54,worst,abc342_a,2,anger,HHL,70,282,reviewer,0
mistral_small_3_24b_awq,shared54,worst,abc342_b,0,anger,HHL,70,282,reviewer,1
mistral_small_3_24b_awq,shared54,worst,abc342_b,1,anger,HHL,70,282,reviewer,1
mistral_small_3_24b_awq,shared54,worst,abc342_b,2,anger,HHL,70,282,reviewer,0
mistral_small_3_24b_awq,shared54,worst,abc342_d,0,anger,HHL,70,282,reviewer,1
mistral_small_3_24b_awq,shared54,worst,abc342_d,1,anger,HHL,70,282,reviewer,0
mistral_small_3_24b_awq,shared54,worst,abc342_d,2,anger,HHL,70,282,reviewer,0
mistral_small_3_24b_awq,shared54,worst,abc343_d,0,anger,HHL,70,282,reviewer,0
mistral_small_3_24b_awq,shared54,worst,abc343_d,1,anger,HHL,70,282,reviewer,0
mistral_small_3_24b_awq,shared54,worst,abc343_d,2,anger,HHL,70,282,reviewer,0
mistral_small_3_24b_awq,shared54,worst,abc345_b,0,anger,HHL,70,282,reviewer,0
mistral_small_3_24b_awq,shared54,worst,abc345_b,1,anger,HHL,70,282,reviewer,0
mistral_small_3_24b_awq,shared54,worst,abc345_b,2,anger,HHL,70,282,reviewer,0
mistral_small_3_24b_awq,shared54,worst,abc345_d,0,anger,HHL,70,282,reviewer,0
mistral_small_3_24b_awq,shared54,worst,abc345_d,1,anger,HHL,70,282,reviewer,0
mistral_small_3_24b_awq,shared54,worst,abc345_d,2,anger,HHL,70,282,reviewer,0
mistral_small_3_24b_awq,shared54,worst,abc346_b,0,anger,HHL,70,282,reviewer,1
mistral_small_3_24b_awq,shared54,worst,abc346_b,1,anger,HHL,70,282,reviewer,1
mistral_small_3_24b_awq,shared54,worst,abc346_b,2,anger,HHL,70,282,reviewer,1
mistral_small_3_24b_awq,shared54,worst,abc347_a,0,anger,HHL,70,282,reviewer,0
mistral_small_3_24b_awq,shared54,worst,abc347_a,1,anger,HHL,70,282,reviewer,1
mistral_small_3_24b_awq,shared54,worst,abc347_a,2,anger,HHL,70,282,reviewer,0
mistral_small_3_24b_awq,shared54,worst,abc348_a,0,anger,HHL,70,282,reviewer,0
mistral_small_3_24b_awq,shared54,worst,abc348_a,1,anger,HHL,70,282,reviewer,1
mistral_small_3_24b_awq,shared54,worst,abc348_a,2,anger,HHL,70,282,reviewer,0
mistral_small_3_24b_awq,shared54,worst,abc348_c,0,anger,HHL,70,282,reviewer,0
mistral_small_3_24b_awq,shared54,worst,abc348_c,1,anger,HHL,70,282,reviewer,0
mistral_small_3_24b_awq,shared54,worst,abc348_c,2,anger,HHL,70,282,reviewer,0
mistral_small_3_24b_awq,shared54,worst,abc349_c,0,anger,HHL,70,282,reviewer,0
mistral_small_3_24b_awq,shared54,worst,abc349_c,1,anger,HHL,70,282,reviewer,0
mistral_small_3_24b_awq,shared54,worst,abc349_c,2,anger,HHL,70,282,reviewer,1
mistral_small_3_24b_awq,shared54,worst,abc349_d,0,anger,HHL,70,282,reviewer,1
mistral_small_3_24b_awq,shared54,worst,abc349_d,1,anger,HHL,70,282,reviewer,1
mistral_small_3_24b_awq,shared54,worst,abc349_d,2,anger,HHL,70,282,reviewer,1
mistral_small_3_24b_awq,shared54,worst,abc349_e,0,anger,HHL,70,282,reviewer,1
mistral_small_3_24b_awq,shared54,worst,abc349_e,1,anger,HHL,70,282,reviewer,0
mistral_small_3_24b_awq,shared54,worst,abc349_e,2,anger,HHL,70,282,reviewer,0
mistral_small_3_24b_awq,shared54,worst,abc351_a,0,anger,HHL,70,282,reviewer,0
mistral_small_3_24b_awq,shared54,worst,abc351_a,1,anger,HHL,70,282,reviewer,0
mistral_small_3_24b_awq,shared54,worst,abc351_a,2,anger,HHL,70,282,reviewer,0
mistral_small_3_24b_awq,shared54,worst,abc352_b,0,anger,HHL,70,282,reviewer,0
mistral_small_3_24b_awq,shared54,worst,abc352_b,1,anger,HHL,70,282,reviewer,0
mistral_small_3_24b_awq,shared54,worst,abc352_b,2,anger,HHL,70,282,reviewer,0
mistral_small_3_24b_awq,shared54,worst,abc352_e,0,anger,HHL,70,282,reviewer,0
mistral_small_3_24b_awq,shared54,worst,abc352_e,1,anger,HHL,70,282,reviewer,1
mistral_small_3_24b_awq,shared54,worst,abc352_e,2,anger,HHL,70,282,reviewer,0
mistral_small_3_24b_awq,shared54,worst,abc353_a,0,anger,HHL,70,282,reviewer,1
mistral_small_3_24b_awq,shared54,worst,abc353_a,1,anger,HHL,70,282,reviewer,0
mistral_small_3_24b_awq,shared54,worst,abc353_a,2,anger,HHL,70,282,reviewer,1
mistral_small_3_24b_awq,shared54,worst,abc354_a,0,anger,HHL,70,282,reviewer,0
mistral_small_3_24b_awq,shared54,worst,abc354_a,1,anger,HHL,70,282,reviewer,0
mistral_small_3_24b_awq,shared54,worst,abc354_a,2,anger,HHL,70,282,reviewer,0
mistral_small_3_24b_awq,shared54,worst,abc354_b,0,anger,HHL,70,282,reviewer,0
mistral_small_3_24b_awq,shared54,worst,abc354_b,1,anger,HHL,70,282,reviewer,0
mistral_small_3_24b_awq,shared54,worst,abc354_b,2,anger,HHL,70,282,reviewer,0
mistral_small_3_24b_awq,shared54,worst,abc354_c,0,anger,HHL,70,282,reviewer,0
mistral_small_3_24b_awq,shared54,worst,abc354_c,1,anger,HHL,70,282,reviewer,0
mistral_small_3_24b_awq,shared54,worst,abc354_c,2,anger,HHL,70,282,reviewer,0
mistral_small_3_24b_awq,shared54,worst,abc354_d,0,anger,HHL,70,282,reviewer,0
mistral_small_3_24b_awq,shared54,worst,abc354_d,1,anger,HHL,70,282,reviewer,1
mistral_small_3_24b_awq,shared54,worst,abc354_d,2,anger,HHL,70,282,reviewer,0
mistral_small_3_24b_awq,shared54,worst,abc355_c,0,anger,HHL,70,282,reviewer,0
mistral_small_3_24b_awq,shared54,worst,abc355_c,1,anger,HHL,70,282,reviewer,0
mistral_small_3_24b_awq,shared54,worst,abc355_c,2,anger,HHL,70,282,reviewer,0
mistral_small_3_24b_awq,shared54,worst,abc355_d,0,anger,HHL,70,282,reviewer,1
mistral_small_3_24b_awq,shared54,worst,abc355_d,1,anger,HHL,70,282,reviewer,0
mistral_small_3_24b_awq,shared54,worst,abc355_d,2,anger,HHL,70,282,reviewer,0
mistral_small_3_24b_awq,shared54,worst,abc355_e,0,anger,HHL,70,282,reviewer,1
mistral_small_3_24b_awq,shared54,worst,abc355_e,1,anger,HHL,70,282,reviewer,1
mistral_small_3_24b_awq,shared54,worst,abc355_e,2,anger,HHL,70,282,reviewer,1
mistral_small_3_24b_awq,shared54,worst,abc356_e,0,anger,HHL,70,282,reviewer,0
mistral_small_3_24b_awq,shared54,worst,abc356_e,1,anger,HHL,70,282,reviewer,0
mistral_small_3_24b_awq,shared54,worst,abc356_e,2,anger,HHL,70,282,reviewer,0
mistral_small_3_24b_awq,shared54,worst,abc358_a,0,anger,HHL,70,282,reviewer,1
mistral_small_3_24b_awq,shared54,worst,abc358_a,1,anger,HHL,70,282,reviewer,0
mistral_small_3_24b_awq,shared54,worst,abc358_a,2,anger,HHL,70,282,reviewer,1
mistral_small_3_24b_awq,shared54,worst,abc359_d,0,anger,HHL,70,282,reviewer,1
mistral_small_3_24b_awq,shared54,worst,abc359_d,1,anger,HHL,70,282,reviewer,1
mistral_small_3_24b_awq,shared54,worst,abc359_d,2,anger,HHL,70,282,reviewer,1
mistral_small_3_24b_awq,shared54,worst,abc360_a,0,anger,HHL,70,282,reviewer,0
mistral_small_3_24b_awq,shared54,worst,abc360_a,1,anger,HHL,70,282,reviewer,1
mistral_small_3_24b_awq,shared54,worst,abc360_a,2,anger,HHL,70,282,reviewer,0
mistral_small_3_24b_awq,shared54,worst,abc360_b,0,anger,HHL,70,282,reviewer,1
mistral_small_3_24b_awq,shared54,worst,abc360_b,1,anger,HHL,70,282,reviewer,0
mistral_small_3_24b_awq,shared54,worst,abc360_b,2,anger,HHL,70,282,reviewer,0
mistral_small_3_24b_awq,shared54,worst,abc360_c,0,anger,HHL,70,282,reviewer,1
mistral_small_3_24b_awq,shared54,worst,abc360_c,1,anger,HHL,70,282,reviewer,0
mistral_small_3_24b_awq,shared54,worst,abc360_c,2,anger,HHL,70,282,reviewer,0
mistral_small_3_24b_awq,shared54,worst,abc360_e,0,anger,HHL,70,282,reviewer,1
mistral_small_3_24b_awq,shared54,worst,abc360_e,1,anger,HHL,70,282,reviewer,1
mistral_small_3_24b_awq,shared54,worst,abc360_e,2,anger,HHL,70,282,reviewer,1
mistral_small_3_24b_awq,shared54,worst,abc363_e,0,anger,HHL,70,282,reviewer,0
mistral_small_3_24b_awq,shared54,worst,abc363_e,1,anger,HHL,70,282,reviewer,0
mistral_small_3_24b_awq,shared54,worst,abc363_e,2,anger,HHL,70,282,reviewer,0
mistral_small_3_24b_awq,shared54,worst,abc364_f,0,anger,HHL,70,282,reviewer,0
mistral_small_3_24b_awq,shared54,worst,abc364_f,1,anger,HHL,70,282,reviewer,1
mistral_small_3_24b_awq,shared54,worst,abc364_f,2,anger,HHL,70,282,reviewer,0
mistral_small_3_24b_awq,shared54,worst,abc365_c,0,anger,HHL,70,282,reviewer,1
mistral_small_3_24b_awq,shared54,worst,abc365_c,1,anger,HHL,70,282,reviewer,0
mistral_small_3_24b_awq,shared54,worst,abc365_c,2,anger,HHL,70,282,reviewer,0
mistral_small_3_24b_awq,shared54,worst,abc365_d,0,anger,HHL,70,282,reviewer,0
mistral_small_3_24b_awq,shared54,worst,abc365_d,1,anger,HHL,70,282,reviewer,0
mistral_small_3_24b_awq,shared54,worst,abc365_d,2,anger,HHL,70,282,reviewer,0
mistral_small_3_24b_awq,shared54,worst,abc366_a,0,anger,HHL,70,282,reviewer,1
mistral_small_3_24b_awq,shared54,worst,abc366_a,1,anger,HHL,70,282,reviewer,0
mistral_small_3_24b_awq,shared54,worst,abc366_a,2,anger,HHL,70,282,reviewer,0
mistral_small_3_24b_awq,shared54,worst,abc366_c,0,anger,HHL,70,282,reviewer,0
mistral_small_3_24b_awq,shared54,worst,abc366_c,1,anger,HHL,70,282,reviewer,0
mistral_small_3_24b_awq,shared54,worst,abc366_c,2,anger,HHL,70,282,reviewer,1
mistral_small_3_24b_awq,shared54,worst,abc366_f,0,anger,HHL,70,282,reviewer,0
mistral_small_3_24b_awq,shared54,worst,abc366_f,1,anger,HHL,70,282,reviewer,0
mistral_small_3_24b_awq,shared54,worst,abc366_f,2,anger,HHL,70,282,reviewer,1
mistral_small_3_24b_awq,shared54,worst,abc366_g,0,anger,HHL,70,282,reviewer,1
mistral_small_3_24b_awq,shared54,worst,abc366_g,1,anger,HHL,70,282,reviewer,0
mistral_small_3_24b_awq,shared54,worst,abc366_g,2,anger,HHL,70,282,reviewer,1
mistral_small_3_24b_awq,shared54,worst,abc367_a,0,anger,HHL,70,282,reviewer,0
mistral_small_3_24b_awq,shared54,worst,abc367_a,1,anger,HHL,70,282,reviewer,1
mistral_small_3_24b_awq,shared54,worst,abc367_a,2,anger,HHL,70,282,reviewer,0
mistral_small_3_24b_awq,shared54,worst,abc367_e,0,anger,HHL,70,282,reviewer,0
mistral_small_3_24b_awq,shared54,worst,abc367_e,1,anger,HHL,70,282,reviewer,0
mistral_small_3_24b_awq,shared54,worst,abc367_e,2,anger,HHL,70,282,reviewer,0
mistral_small_3_24b_awq,shared54,worst,abc368_c,0,anger,HHL,70,282,reviewer,0
mistral_small_3_24b_awq,shared54,worst,abc368_c,1,anger,HHL,70,282,reviewer,0
mistral_small_3_24b_awq,shared54,worst,abc368_c,2,anger,HHL,70,282,reviewer,1
mistral_small_3_24b_awq,shared54,worst,abc369_b,0,anger,HHL,70,282,reviewer,0
mistral_small_3_24b_awq,shared54,worst,abc369_b,1,anger,HHL,70,282,reviewer,0
mistral_small_3_24b_awq,shared54,worst,abc369_b,2,anger,HHL,70,282,reviewer,1
mistral_small_3_24b_awq,shared54,worst,abc369_c,0,anger,HHL,70,282,reviewer,0
mistral_small_3_24b_awq,shared54,worst,abc369_c,1,anger,HHL,70,282,reviewer,0
mistral_small_3_24b_awq,shared54,worst,abc369_c,2,anger,HHL,70,282,reviewer,0
mistral_small_3_24b_awq,shared54,worst,abc370_a,0,anger,HHL,70,282,reviewer,0
mistral_small_3_24b_awq,shared54,worst,abc370_a,1,anger,HHL,70,282,reviewer,1
mistral_small_3_24b_awq,shared54,worst,abc370_a,2,anger,HHL,70,282,reviewer,0
mistral_small_3_24b_awq,shared54,worst,abc370_b,0,anger,HHL,70,282,reviewer,1
mistral_small_3_24b_awq,shared54,worst,abc370_b,1,anger,HHL,70,282,reviewer,0
mistral_small_3_24b_awq,shared54,worst,abc370_b,2,anger,HHL,70,282,reviewer,1
mistral_small_3_24b_awq,shared54,worst,abc371_d,0,anger,HHL,70,282,reviewer,0
mistral_small_3_24b_awq,shared54,worst,abc371_d,1,anger,HHL,70,282,reviewer,0
mistral_small_3_24b_awq,shared54,worst,abc371_d,2,anger,HHL,70,282,reviewer,1
mistral_small_3_24b_awq,shared54,worst,abc371_f,0,anger,HHL,70,282,reviewer,1
mistral_small_3_24b_awq,shared54,worst,abc371_f,1,anger,HHL,70,282,reviewer,0
mistral_small_3_24b_awq,shared54,worst,abc371_f,2,anger,HHL,70,282,reviewer,0
mistral_small_3_24b_awq,shared54,worst,abc372_d,0,anger,HHL,70,282,reviewer,0
mistral_small_3_24b_awq,shared54,worst,abc372_d,1,anger,HHL,70,282,reviewer,0
mistral_small_3_24b_awq,shared54,worst,abc372_d,2,anger,HHL,70,282,reviewer,0
mistral_small_3_24b_awq,shared54,worst,abc373_e,0,anger,HHL,70,282,reviewer,0
mistral_small_3_24b_awq,shared54,worst,abc373_e,1,anger,HHL,70,282,reviewer,0
mistral_small_3_24b_awq,shared54,worst,abc373_e,2,anger,HHL,70,282,reviewer,0
mistral_small_3_24b_awq,shared54,worst,abc374_g,0,anger,HHL,70,282,reviewer,0
mistral_small_3_24b_awq,shared54,worst,abc374_g,1,anger,HHL,70,282,reviewer,0
mistral_small_3_24b_awq,shared54,worst,abc374_g,2,anger,HHL,70,282,reviewer,1
mistral_small_3_24b_awq,shared54,worst,abc375_b,0,anger,HHL,70,282,reviewer,1
mistral_small_3_24b_awq,shared54,worst,abc375_b,1,anger,HHL,70,282,reviewer,0
mistral_small_3_24b_awq,shared54,worst,abc375_b,2,anger,HHL,70,282,reviewer,0
mistral_small_3_24b_awq,shared54,worst,abc375_d,0,anger,HHL,70,282,reviewer,1
mistral_small_3_24b_awq,shared54,worst,abc375_d,1,anger,HHL,70,282,reviewer,1
mistral_small_3_24b_awq,shared54,worst,abc375_d,2,anger,HHL,70,282,reviewer,1
mistral_small_3_24b_awq,shared54,worst,abc376_e,0,anger,HHL,70,282,reviewer,0
mistral_small_3_24b_awq,shared54,worst,abc376_e,1,anger,HHL,70,282,reviewer,0
mistral_small_3_24b_awq,shared54,worst,abc376_e,2,anger,HHL,70,282,reviewer,0
mistral_small_3_24b_awq,shared54,worst,abc376_f,0,anger,HHL,70,282,reviewer,0
mistral_small_3_24b_awq,shared54,worst,abc376_f,1,anger,HHL,70,282,reviewer,0
mistral_small_3_24b_awq,shared54,worst,abc376_f,2,anger,HHL,70,282,reviewer,0
mistral_small_3_24b_awq,shared54,worst,abc377_b,0,anger,HHL,70,282,reviewer,0
mistral_small_3_24b_awq,shared54,worst,abc377_b,1,anger,HHL,70,282,reviewer,0
mistral_small_3_24b_awq,shared54,worst,abc377_b,2,anger,HHL,70,282,reviewer,0
mistral_small_3_24b_awq,shared54,worst,abc377_c,0,anger,HHL,70,282,reviewer,0
mistral_small_3_24b_awq,shared54,worst,abc377_c,1,anger,HHL,70,282,reviewer,1
mistral_small_3_24b_awq,shared54,worst,abc377_c,2,anger,HHL,70,282,reviewer,1
mistral_small_3_24b_awq,shared54,worst,abc377_e,0,anger,HHL,70,282,reviewer,1
mistral_small_3_24b_awq,shared54,worst,abc377_e,1,anger,HHL,70,282,reviewer,0
mistral_small_3_24b_awq,shared54,worst,abc377_e,2,anger,HHL,70,282,reviewer,0
mistral_small_3_24b_awq,shared54,worst,abc379_a,0,anger,HHL,70,282,reviewer,0
mistral_small_3_24b_awq,shared54,worst,abc379_a,1,anger,HHL,70,282,reviewer,0
mistral_small_3_24b_awq,shared54,worst,abc379_a,2,anger,HHL,70,282,reviewer,0
mistral_small_3_24b_awq,shared54,worst,abc379_d,0,anger,HHL,70,282,reviewer,1
mistral_small_3_24b_awq,shared54,worst,abc379_d,1,anger,HHL,70,282,reviewer,0
mistral_small_3_24b_awq,shared54,worst,abc379_d,2,anger,HHL,70,282,reviewer,0
mistral_small_3_24b_awq,shared54,worst,abc379_g,0,anger,HHL,70,282,reviewer,1
mistral_small_3_24b_awq,shared54,worst,abc379_g,1,anger,HHL,70,282,reviewer,1
mistral_small_3_24b_awq,shared54,worst,abc379_g,2,anger,HHL,70,282,reviewer,1
mistral_small_3_24b_awq,shared54,worst,abc380_b,0,anger,HHL,70,282,reviewer,0
mistral_small_3_24b_awq,shared54,worst,abc380_b,1,anger,HHL,70,282,reviewer,0
mistral_small_3_24b_awq,shared54,worst,abc380_b,2,anger,HHL,70,282,reviewer,0
mistral_small_3_24b_awq,shared54,worst,abc380_d,0,anger,HHL,70,282,reviewer,1
mistral_small_3_24b_awq,shared54,worst,abc380_d,1,anger,HHL,70,282,reviewer,0
mistral_small_3_24b_awq,shared54,worst,abc380_d,2,anger,HHL,70,282,reviewer,0
mistral_small_3_24b_awq,shared54,worst,abc381_a,0,anger,HHL,70,282,reviewer,1
mistral_small_3_24b_awq,shared54,worst,abc381_a,1,anger,HHL,70,282,reviewer,0
mistral_small_3_24b_awq,shared54,worst,abc381_a,2,anger,HHL,70,282,reviewer,1
mistral_small_3_24b_awq,shared54,worst,abc382_b,0,anger,HHL,70,282,reviewer,0
mistral_small_3_24b_awq,shared54,worst,abc382_b,1,anger,HHL,70,282,reviewer,0
mistral_small_3_24b_awq,shared54,worst,abc382_b,2,anger,HHL,70,282,reviewer,0
mistral_small_3_24b_awq,shared54,worst,abc383_e,0,anger,HHL,70,282,reviewer,0
mistral_small_3_24b_awq,shared54,worst,abc383_e,1,anger,HHL,70,282,reviewer,0
mistral_small_3_24b_awq,shared54,worst,abc383_e,2,anger,HHL,70,282,reviewer,0
mistral_small_3_24b_awq,shared54,worst,abc385_d,0,anger,HHL,70,282,reviewer,0
mistral_small_3_24b_awq,shared54,worst,abc385_d,1,anger,HHL,70,282,reviewer,0
mistral_small_3_24b_awq,shared54,worst,abc385_d,2,anger,HHL,70,282,reviewer,0
mistral_small_3_24b_awq,shared54,worst,abc386_b,0,anger,HHL,70,282,reviewer,0
mistral_small_3_24b_awq,shared54,worst,abc386_b,1,anger,HHL,70,282,reviewer,0
mistral_small_3_24b_awq,shared54,worst,abc386_b,2,anger,HHL,70,282,reviewer,0
mistral_small_3_24b_awq,shared54,worst,abc386_c,0,anger,HHL,70,282,reviewer,0
mistral_small_3_24b_awq,shared54,worst,abc386_c,1,anger,HHL,70,282,reviewer,0
mistral_small_3_24b_awq,shared54,worst,abc386_c,2,anger,HHL,70,282,reviewer,1
mistral_small_3_24b_awq,shared54,worst,abc387_c,0,anger,HHL,70,282,reviewer,0
mistral_small_3_24b_awq,shared54,worst,abc387_c,1,anger,HHL,70,282,reviewer,0
mistral_small_3_24b_awq,shared54,worst,abc387_c,2,anger,HHL,70,282,reviewer,0
mistral_small_3_24b_awq,shared54,worst,abc388_f,0,anger,HHL,70,282,reviewer,0
mistral_small_3_24b_awq,shared54,worst,abc388_f,1,anger,HHL,70,282,reviewer,0
mistral_small_3_24b_awq,shared54,worst,abc388_f,2,anger,HHL,70,282,reviewer,1
mistral_small_3_24b_awq,shared54,worst,abc389_a,0,anger,HHL,70,282,reviewer,0
mistral_small_3_24b_awq,shared54,worst,abc389_a,1,anger,HHL,70,282,reviewer,0
mistral_small_3_24b_awq,shared54,worst,abc389_a,2,anger,HHL,70,282,reviewer,0
mistral_small_3_24b_awq,shared54,worst,abc389_d,0,anger,HHL,70,282,reviewer,1
mistral_small_3_24b_awq,shared54,worst,abc389_d,1,anger,HHL,70,282,reviewer,0
mistral_small_3_24b_awq,shared54,worst,abc389_d,2,anger,HHL,70,282,reviewer,0
mistral_small_3_24b_awq,shared54,worst,abc391_a,0,anger,HHL,70,282,reviewer,0
mistral_small_3_24b_awq,shared54,worst,abc391_a,1,anger,HHL,70,282,reviewer,0
mistral_small_3_24b_awq,shared54,worst,abc391_a,2,anger,HHL,70,282,reviewer,0
mistral_small_3_24b_awq,shared54,worst,abc391_f,0,anger,HHL,70,282,reviewer,0
mistral_small_3_24b_awq,shared54,worst,abc391_f,1,anger,HHL,70,282,reviewer,0
mistral_small_3_24b_awq,shared54,worst,abc391_f,2,anger,HHL,70,282,reviewer,0
mistral_small_3_24b_awq,shared54,worst,abc392_b,0,anger,HHL,70,282,reviewer,0
mistral_small_3_24b_awq,shared54,worst,abc392_b,1,anger,HHL,70,282,reviewer,1
mistral_small_3_24b_awq,shared54,worst,abc392_b,2,anger,HHL,70,282,reviewer,1
mistral_small_3_24b_awq,shared54,worst,abc392_f,0,anger,HHL,70,282,reviewer,0
mistral_small_3_24b_awq,shared54,worst,abc392_f,1,anger,HHL,70,282,reviewer,0
mistral_small_3_24b_awq,shared54,worst,abc392_f,2,anger,HHL,70,282,reviewer,0
mistral_small_3_24b_awq,shared54,worst,abc392_g,0,anger,HHL,70,282,reviewer,0
mistral_small_3_24b_awq,shared54,worst,abc392_g,1,anger,HHL,70,282,reviewer,0
mistral_small_3_24b_awq,shared54,worst,abc392_g,2,anger,HHL,70,282,reviewer,0
mistral_small_3_24b_awq,shared54,worst,abc393_e,0,anger,HHL,70,282,reviewer,0
mistral_small_3_24b_awq,shared54,worst,abc393_e,1,anger,HHL,70,282,reviewer,0
mistral_small_3_24b_awq,shared54,worst,abc393_e,2,anger,HHL,70,282,reviewer,1
mistral_small_3_24b_awq,shared54,worst,abc393_f,0,anger,HHL,70,282,reviewer,0
mistral_small_3_24b_awq,shared54,worst,abc393_f,1,anger,HHL,70,282,reviewer,0
mistral_small_3_24b_awq,shared54,worst,abc393_f,2,anger,HHL,70,282,reviewer,0
mistral_small_3_24b_awq,shared54,worst,abc394_a,0,anger,HHL,70,282,reviewer,0
mistral_small_3_24b_awq,shared54,worst,abc394_a,1,anger,HHL,70,282,reviewer,0
mistral_small_3_24b_awq,shared54,worst,abc394_a,2,anger,HHL,70,282,reviewer,0
mistral_small_3_24b_awq,shared54,worst,abc394_b,0,anger,HHL,70,282,reviewer,0
mistral_small_3_24b_awq,shared54,worst,abc394_b,1,anger,HHL,70,282,reviewer,0
mistral_small_3_24b_awq,shared54,worst,abc394_b,2,anger,HHL,70,282,reviewer,0
mistral_small_3_24b_awq,shared54,worst,abc394_e,0,anger,HHL,70,282,reviewer,1
mistral_small_3_24b_awq,shared54,worst,abc394_e,1,anger,HHL,70,282,reviewer,1
mistral_small_3_24b_awq,shared54,worst,abc394_e,2,anger,HHL,70,282,reviewer,1
mistral_small_3_24b_awq,shared54,worst,abc396_a,0,anger,HHL,70,282,reviewer,0
mistral_small_3_24b_awq,shared54,worst,abc396_a,1,anger,HHL,70,282,reviewer,0
mistral_small_3_24b_awq,shared54,worst,abc396_a,2,anger,HHL,70,282,reviewer,0
mistral_small_3_24b_awq,shared54,worst,abc396_e,0,anger,HHL,70,282,reviewer,0
mistral_small_3_24b_awq,shared54,worst,abc396_e,1,anger,HHL,70,282,reviewer,0
mistral_small_3_24b_awq,shared54,worst,abc396_e,2,anger,HHL,70,282,reviewer,0
mistral_small_3_24b_awq,shared54,worst,abc399_c,0,anger,HHL,70,282,reviewer,0
mistral_small_3_24b_awq,shared54,worst,abc399_c,1,anger,HHL,70,282,reviewer,1
mistral_small_3_24b_awq,shared54,worst,abc399_c,2,anger,HHL,70,282,reviewer,0
mistral_small_3_24b_awq,shared54,worst,abc400_e,0,anger,HHL,70,282,reviewer,0
mistral_small_3_24b_awq,shared54,worst,abc400_e,1,anger,HHL,70,282,reviewer,0
mistral_small_3_24b_awq,shared54,worst,abc400_e,2,anger,HHL,70,282,reviewer,0
mistral_small_3_24b_awq,shared54,worst,arc181_b,0,anger,HHL,70,282,reviewer,0
mistral_small_3_24b_awq,shared54,worst,arc181_b,1,anger,HHL,70,282,reviewer,1
mistral_small_3_24b_awq,shared54,worst,arc181_b,2,anger,HHL,70,282,reviewer,0
mistral_small_3_24b_awq,shared54,worst,arc181_c,0,anger,HHL,70,282,reviewer,0
mistral_small_3_24b_awq,shared54,worst,arc181_c,1,anger,HHL,70,282,reviewer,1
mistral_small_3_24b_awq,shared54,worst,arc181_c,2,anger,HHL,70,282,reviewer,0
mistral_small_3_24b_awq,shared54,worst,arc182_c,0,anger,HHL,70,282,reviewer,1
mistral_small_3_24b_awq,shared54,worst,arc182_c,1,anger,HHL,70,282,reviewer,0
mistral_small_3_24b_awq,shared54,worst,arc182_c,2,anger,HHL,70,282,reviewer,0
mistral_small_3_24b_awq,shared54,worst,arc183_d,0,anger,HHL,70,282,reviewer,0
mistral_small_3_24b_awq,shared54,worst,arc183_d,1,anger,HHL,70,282,reviewer,0
mistral_small_3_24b_awq,shared54,worst,arc183_d,2,anger,HHL,70,282,reviewer,0
mistral_small_3_24b_awq,shared54,worst,arc185_e,0,anger,HHL,70,282,reviewer,1
mistral_small_3_24b_awq,shared54,worst,arc185_e,1,anger,HHL,70,282,reviewer,0
mistral_small_3_24b_awq,shared54,worst,arc185_e,2,anger,HHL,70,282,reviewer,0
mistral_small_3_24b_awq,shared54,worst,arc186_b,0,anger,HHL,70,282,reviewer,0
mistral_small_3_24b_awq,shared54,worst,arc186_b,1,anger,HHL,70,282,reviewer,0
mistral_small_3_24b_awq,shared54,worst,arc186_b,2,anger,HHL,70,282,reviewer,0
mistral_small_3_24b_awq,shared54,worst,arc186_c,0,anger,HHL,70,282,reviewer,1
mistral_small_3_24b_awq,shared54,worst,arc186_c,1,anger,HHL,70,282,reviewer,1
mistral_small_3_24b_awq,shared54,worst,arc186_c,2,anger,HHL,70,282,reviewer,0
mistral_small_3_24b_awq,shared54,worst,arc188_d,0,anger,HHL,70,282,reviewer,0
mistral_small_3_24b_awq,shared54,worst,arc188_d,1,anger,HHL,70,282,reviewer,0
mistral_small_3_24b_awq,shared54,worst,arc188_d,2,anger,HHL,70,282,reviewer,0
mistral_small_3_24b_awq,shared54,worst,arc189_c,0,anger,HHL,70,282,reviewer,1
mistral_small_3_24b_awq,shared54,worst,arc189_c,1,anger,HHL,70,282,reviewer,1
mistral_small_3_24b_awq,shared54,worst,arc189_c,2,anger,HHL,70,282,reviewer,1
mistral_small_3_24b_awq,shared54,worst,arc189_d,0,anger,HHL,70,282,reviewer,0
mistral_small_3_24b_awq,shared54,worst,arc189_d,1,anger,HHL,70,282,reviewer,0
mistral_small_3_24b_awq,shared54,worst,arc189_d,2,anger,HHL,70,282,reviewer,0
mistral_small_3_24b_awq,shared54,worst,arc190_a,0,anger,HHL,70,282,reviewer,1
mistral_small_3_24b_awq,shared54,worst,arc190_a,1,anger,HHL,70,282,reviewer,1
mistral_small_3_24b_awq,shared54,worst,arc190_a,2,anger,HHL,70,282,reviewer,1
mistral_small_3_24b_awq,shared54,worst,arc190_c,0,anger,HHL,70,282,reviewer,0
mistral_small_3_24b_awq,shared54,worst,arc190_c,1,anger,HHL,70,282,reviewer,0
mistral_small_3_24b_awq,shared54,worst,arc190_c,2,anger,HHL,70,282,reviewer,0
mistral_small_3_24b_awq,shared54,worst,arc191_a,0,anger,HHL,70,282,reviewer,0
mistral_small_3_24b_awq,shared54,worst,arc191_a,1,anger,HHL,70,282,reviewer,0
mistral_small_3_24b_awq,shared54,worst,arc191_a,2,anger,HHL,70,282,reviewer,0
mistral_small_3_24b_awq,shared54,worst,arc192_a,0,anger,HHL,70,282,reviewer,1
mistral_small_3_24b_awq,shared54,worst,arc192_a,1,anger,HHL,70,282,reviewer,1
mistral_small_3_24b_awq,shared54,worst,arc192_a,2,anger,HHL,70,282,reviewer,1
mistral_small_3_24b_awq,shared54,worst,arc193_a,0,anger,HHL,70,282,reviewer,1
mistral_small_3_24b_awq,shared54,worst,arc193_a,1,anger,HHL,70,282,reviewer,1
mistral_small_3_24b_awq,shared54,worst,arc193_a,2,anger,HHL,70,282,reviewer,0
mistral_small_3_24b_awq,shared54,worst,arc193_b,0,anger,HHL,70,282,reviewer,1
mistral_small_3_24b_awq,shared54,worst,arc193_b,1,anger,HHL,70,282,reviewer,0
mistral_small_3_24b_awq,shared54,worst,arc193_b,2,anger,HHL,70,282,reviewer,0
mistral_small_3_24b_awq,shared54,worst,arc194_a,0,anger,HHL,70,282,reviewer,0
mistral_small_3_24b_awq,shared54,worst,arc194_a,1,anger,HHL,70,282,reviewer,1
mistral_small_3_24b_awq,shared54,worst,arc194_a,2,anger,HHL,70,282,reviewer,0
mistral_small_3_24b_awq,shared54,worst,arc194_b,0,anger,HHL,70,282,reviewer,0
mistral_small_3_24b_awq,shared54,worst,arc194_b,1,anger,HHL,70,282,reviewer,0
mistral_small_3_24b_awq,shared54,worst,arc194_b,2,anger,HHL,70,282,reviewer,0
mistral_small_3_24b_awq,shared54,worst,arc195_c,0,anger,HHL,70,282,reviewer,1
mistral_small_3_24b_awq,shared54,worst,arc195_c,1,anger,HHL,70,282,reviewer,1
mistral_small_3_24b_awq,shared54,worst,arc195_c,2,anger,HHL,70,282,reviewer,1
mistral_small_3_24b_awq,shared54,worst,arc195_d,0,anger,HHL,70,282,reviewer,0
mistral_small_3_24b_awq,shared54,worst,arc195_d,1,anger,HHL,70,282,reviewer,0
mistral_small_3_24b_awq,shared54,worst,arc195_d,2,anger,HHL,70,282,reviewer,1
mistral_small_3_24b_awq,shared54,best,1873_A,0,happiness,HHH,101,282,reviewer,1
mistral_small_3_24b_awq,shared54,best,1873_A,1,happiness,HHH,101,282,reviewer,0
mistral_small_3_24b_awq,shared54,best,1873_A,2,happiness,HHH,101,282,reviewer,0
mistral_small_3_24b_awq,shared54,best,1873_D,0,happiness,HHH,101,282,reviewer,0
mistral_small_3_24b_awq,shared54,best,1873_D,1,happiness,HHH,101,282,reviewer,0
mistral_small_3_24b_awq,shared54,best,1873_D,2,happiness,HHH,101,282,reviewer,0
mistral_small_3_24b_awq,shared54,best,1883_B,0,happiness,HHH,101,282,reviewer,0
mistral_small_3_24b_awq,shared54,best,1883_B,1,happiness,HHH,101,282,reviewer,1
mistral_small_3_24b_awq,shared54,best,1883_B,2,happiness,HHH,101,282,reviewer,0
mistral_small_3_24b_awq,shared54,best,1883_C,0,happiness,HHH,101,282,reviewer,1
mistral_small_3_24b_awq,shared54,best,1883_C,1,happiness,HHH,101,282,reviewer,1
mistral_small_3_24b_awq,shared54,best,1883_C,2,happiness,HHH,101,282,reviewer,1
mistral_small_3_24b_awq,shared54,best,1899_B,0,happiness,HHH,101,282,reviewer,0
mistral_small_3_24b_awq,shared54,best,1899_B,1,happiness,HHH,101,282,reviewer,0
mistral_small_3_24b_awq,shared54,best,1899_B,2,happiness,HHH,101,282,reviewer,0
mistral_small_3_24b_awq,shared54,best,2777,0,happiness,HHH,101,282,reviewer,0
mistral_small_3_24b_awq,shared54,best,2777,1,happiness,HHH,101,282,reviewer,1
mistral_small_3_24b_awq,shared54,best,2777,2,happiness,HHH,101,282,reviewer,1
mistral_small_3_24b_awq,shared54,best,2784,0,happiness,HHH,101,282,reviewer,1
mistral_small_3_24b_awq,shared54,best,2784,1,happiness,HHH,101,282,reviewer,1
mistral_small_3_24b_awq,shared54,best,2784,2,happiness,HHH,101,282,reviewer,1
mistral_small_3_24b_awq,shared54,best,2808,0,happiness,HHH,101,282,reviewer,0
mistral_small_3_24b_awq,shared54,best,2808,1,happiness,HHH,101,282,reviewer,0
mistral_small_3_24b_awq,shared54,best,2808,2,happiness,HHH,101,282,reviewer,0
mistral_small_3_24b_awq,shared54,best,2811,0,happiness,HHH,101,282,reviewer,0
mistral_small_3_24b_awq,shared54,best,2811,1,happiness,HHH,101,282,reviewer,0
mistral_small_3_24b_awq,shared54,best,2812,0,happiness,HHH,101,282,reviewer,0
mistral_small_3_24b_awq,shared54,best,2816,0,happiness,HHH,101,282,reviewer,0
mistral_small_3_24b_awq,shared54,best,2817,0,happiness,HHH,101,282,reviewer,0
mistral_small_3_24b_awq,shared54,best,2817,1,happiness,HHH,101,282,reviewer,1
mistral_small_3_24b_awq,shared54,best,2817,2,happiness,HHH,101,282,reviewer,0
mistral_small_3_24b_awq,shared54,best,2825,0,happiness,HHH,101,282,reviewer,0
mistral_small_3_24b_awq,shared54,best,2833,0,happiness,HHH,101,282,reviewer,0
mistral_small_3_24b_awq,shared54,best,2847,0,happiness,HHH,101,282,reviewer,0
mistral_small_3_24b_awq,shared54,best,2847,1,happiness,HHH,101,282,reviewer,0
mistral_small_3_24b_awq,shared54,best,2849,0,happiness,HHH,101,282,reviewer,0
mistral_small_3_24b_awq,shared54,best,2849,1,happiness,HHH,101,282,reviewer,1
mistral_small_3_24b_awq,shared54,best,2849,2,happiness,HHH,101,282,reviewer,0
mistral_small_3_24b_awq,shared54,best,2868,0,happiness,HHH,101,282,reviewer,0
mistral_small_3_24b_awq,shared54,best,2870,0,happiness,HHH,101,282,reviewer,0
mistral_small_3_24b_awq,shared54,best,2870,1,happiness,HHH,101,282,reviewer,1
mistral_small_3_24b_awq,shared54,best,2870,2,happiness,HHH,101,282,reviewer,1
mistral_small_3_24b_awq,shared54,best,2882,0,happiness,HHH,101,282,reviewer,0
mistral_small_3_24b_awq,shared54,best,2886,0,happiness,HHH,101,282,reviewer,0
mistral_small_3_24b_awq,shared54,best,2886,1,happiness,HHH,101,282,reviewer,0
mistral_small_3_24b_awq,shared54,best,2902,0,happiness,HHH,101,282,reviewer,0
mistral_small_3_24b_awq,shared54,best,2915,0,happiness,HHH,101,282,reviewer,0
mistral_small_3_24b_awq,shared54,best,2919,0,happiness,HHH,101,282,reviewer,1
mistral_small_3_24b_awq,shared54,best,2919,1,happiness,HHH,101,282,reviewer,0
mistral_small_3_24b_awq,shared54,best,2919,2,happiness,HHH,101,282,reviewer,1
mistral_small_3_24b_awq,shared54,best,2921,0,happiness,HHH,101,282,reviewer,0
mistral_small_3_24b_awq,shared54,best,2952,0,happiness,HHH,101,282,reviewer,1
mistral_small_3_24b_awq,shared54,best,2952,1,happiness,HHH,101,282,reviewer,1
mistral_small_3_24b_awq,shared54,best,2952,2,happiness,HHH,101,282,reviewer,0
mistral_small_3_24b_awq,shared54,best,2954,0,happiness,HHH,101,282,reviewer,0
mistral_small_3_24b_awq,shared54,best,2955,0,happiness,HHH,101,282,reviewer,0
mistral_small_3_24b_awq,shared54,best,2977,0,happiness,HHH,101,282,reviewer,0
mistral_small_3_24b_awq,shared54,best,2998,0,happiness,HHH,101,282,reviewer,0
mistral_small_3_24b_awq,shared54,best,2998,1,happiness,HHH,101,282,reviewer,0
mistral_small_3_24b_awq,shared54,best,3024,0,happiness,HHH,101,282,reviewer,1
mistral_small_3_24b_awq,shared54,best,3024,1,happiness,HHH,101,282,reviewer,0
mistral_small_3_24b_awq,shared54,best,3024,2,happiness,HHH,101,282,reviewer,0
mistral_small_3_24b_awq,shared54,best,3025,0,happiness,HHH,101,282,reviewer,0
mistral_small_3_24b_awq,shared54,best,3025,1,happiness,HHH,101,282,reviewer,0
mistral_small_3_24b_awq,shared54,best,3025,2,happiness,HHH,101,282,reviewer,0
mistral_small_3_24b_awq,shared54,best,3032,0,happiness,HHH,101,282,reviewer,0
mistral_small_3_24b_awq,shared54,best,3032,1,happiness,HHH,101,282,reviewer,0
mistral_small_3_24b_awq,shared54,best,3032,2,happiness,HHH,101,282,reviewer,0
mistral_small_3_24b_awq,shared54,best,3044,0,happiness,HHH,101,282,reviewer,1
mistral_small_3_24b_awq,shared54,best,3044,1,happiness,HHH,101,282,reviewer,0
mistral_small_3_24b_awq,shared54,best,3044,2,happiness,HHH,101,282,reviewer,0
mistral_small_3_24b_awq,shared54,best,3055,0,happiness,HHH,101,282,reviewer,0
mistral_small_3_24b_awq,shared54,best,3055,1,happiness,HHH,101,282,reviewer,0
mistral_small_3_24b_awq,shared54,best,3055,2,happiness,HHH,101,282,reviewer,0
mistral_small_3_24b_awq,shared54,best,3166,0,happiness,HHH,101,282,reviewer,0
mistral_small_3_24b_awq,shared54,best,3188,0,happiness,HHH,101,282,reviewer,0
mistral_small_3_24b_awq,shared54,best,3188,1,happiness,HHH,101,282,reviewer,0
mistral_small_3_24b_awq,shared54,best,3192,0,happiness,HHH,101,282,reviewer,0
mistral_small_3_24b_awq,shared54,best,3193,0,happiness,HHH,101,282,reviewer,0
mistral_small_3_24b_awq,shared54,best,3195,0,happiness,HHH,101,282,reviewer,1
mistral_small_3_24b_awq,shared54,best,3195,1,happiness,HHH,101,282,reviewer,0
mistral_small_3_24b_awq,shared54,best,3195,2,happiness,HHH,101,282,reviewer,0
mistral_small_3_24b_awq,shared54,best,3203,0,happiness,HHH,101,282,reviewer,0
mistral_small_3_24b_awq,shared54,best,3203,1,happiness,HHH,101,282,reviewer,0
mistral_small_3_24b_awq,shared54,best,3203,2,happiness,HHH,101,282,reviewer,0
mistral_small_3_24b_awq,shared54,best,3213,0,happiness,HHH,101,282,reviewer,0
mistral_small_3_24b_awq,shared54,best,3220,0,happiness,HHH,101,282,reviewer,0
mistral_small_3_24b_awq,shared54,best,3223,0,happiness,HHH,101,282,reviewer,0
mistral_small_3_24b_awq,shared54,best,3223,1,happiness,HHH,101,282,reviewer,0
mistral_small_3_24b_awq,shared54,best,3223,2,happiness,HHH,101,282,reviewer,0
mistral_small_3_24b_awq,shared54,best,3225,0,happiness,HHH,101,282,reviewer,0
mistral_small_3_24b_awq,shared54,best,3229,0,happiness,HHH,101,282,reviewer,0
mistral_small_3_24b_awq,shared54,best,3229,1,happiness,HHH,101,282,reviewer,0
mistral_small_3_24b_awq,shared54,best,3243,0,happiness,HHH,101,282,reviewer,0
mistral_small_3_24b_awq,shared54,best,3243,1,happiness,HHH,101,282,reviewer,0
mistral_small_3_24b_awq,shared54,best,3243,2,happiness,HHH,101,282,reviewer,0
mistral_small_3_24b_awq,shared54,best,3246,0,happiness,HHH,101,282,reviewer,0
mistral_small_3_24b_awq,shared54,best,3246,1,happiness,HHH,101,282,reviewer,0
mistral_small_3_24b_awq,shared54,best,3246,2,happiness,HHH,101,282,reviewer,1
mistral_small_3_24b_awq,shared54,best,3249,0,happiness,HHH,101,282,reviewer,0
mistral_small_3_24b_awq,shared54,best,3249,1,happiness,HHH,101,282,reviewer,0
mistral_small_3_24b_awq,shared54,best,3251,0,happiness,HHH,101,282,reviewer,0
mistral_small_3_24b_awq,shared54,best,3251,1,happiness,HHH,101,282,reviewer,0
mistral_small_3_24b_awq,shared54,best,3261,0,happiness,HHH,101,282,reviewer,1
mistral_small_3_24b_awq,shared54,best,3261,1,happiness,HHH,101,282,reviewer,1
mistral_small_3_24b_awq,shared54,best,3261,2,happiness,HHH,101,282,reviewer,0
mistral_small_3_24b_awq,shared54,best,3263,0,happiness,HHH,101,282,reviewer,0
mistral_small_3_24b_awq,shared54,best,3263,1,happiness,HHH,101,282,reviewer,0
mistral_small_3_24b_awq,shared54,best,3265,0,happiness,HHH,101,282,reviewer,0
mistral_small_3_24b_awq,shared54,best,3269,0,happiness,HHH,101,282,reviewer,0
mistral_small_3_24b_awq,shared54,best,3298,0,happiness,HHH,101,282,reviewer,0
mistral_small_3_24b_awq,shared54,best,3298,1,happiness,HHH,101,282,reviewer,1
mistral_small_3_24b_awq,shared54,best,3298,2,happiness,HHH,101,282,reviewer,1
mistral_small_3_24b_awq,shared54,best,3312,0,happiness,HHH,101,282,reviewer,0
mistral_small_3_24b_awq,shared54,best,3312,1,happiness,HHH,101,282,reviewer,0
mistral_small_3_24b_awq,shared54,best,3312,2,happiness,HHH,101,282,reviewer,0
mistral_small_3_24b_awq,shared54,best,3324,0,happiness,HHH,101,282,reviewer,0
mistral_small_3_24b_awq,shared54,best,3324,1,happiness,HHH,101,282,reviewer,0
mistral_small_3_24b_awq,shared54,best,3324,2,happiness,HHH,101,282,reviewer,0
mistral_small_3_24b_awq,shared54,best,3329,0,happiness,HHH,101,282,reviewer,0
mistral_small_3_24b_awq,shared54,best,3345,0,happiness,HHH,101,282,reviewer,0
mistral_small_3_24b_awq,shared54,best,3345,1,happiness,HHH,101,282,reviewer,0
mistral_small_3_24b_awq,shared54,best,3345,2,happiness,HHH,101,282,reviewer,1
mistral_small_3_24b_awq,shared54,best,3362,0,happiness,HHH,101,282,reviewer,0
mistral_small_3_24b_awq,shared54,best,3388,0,happiness,HHH,101,282,reviewer,0
mistral_small_3_24b_awq,shared54,best,3394,0,happiness,HHH,101,282,reviewer,0
mistral_small_3_24b_awq,shared54,best,3394,1,happiness,HHH,101,282,reviewer,0
mistral_small_3_24b_awq,shared54,best,3394,2,happiness,HHH,101,282,reviewer,0
mistral_small_3_24b_awq,shared54,best,3402,0,happiness,HHH,101,282,reviewer,0
mistral_small_3_24b_awq,shared54,best,3402,1,happiness,HHH,101,282,reviewer,0
mistral_small_3_24b_awq,shared54,best,3402,2,happiness,HHH,101,282,reviewer,0
mistral_small_3_24b_awq,shared54,best,3408,0,happiness,HHH,101,282,reviewer,0
mistral_small_3_24b_awq,shared54,best,3412,0,happiness,HHH,101,282,reviewer,0
mistral_small_3_24b_awq,shared54,best,3421,0,happiness,HHH,101,282,reviewer,1
mistral_small_3_24b_awq,shared54,best,3421,1,happiness,HHH,101,282,reviewer,0
mistral_small_3_24b_awq,shared54,best,3426,0,happiness,HHH,101,282,reviewer,0
mistral_small_3_24b_awq,shared54,best,3464,0,happiness,HHH,101,282,reviewer,0
mistral_small_3_24b_awq,shared54,best,3464,1,happiness,HHH,101,282,reviewer,0
mistral_small_3_24b_awq,shared54,best,3464,2,happiness,HHH,101,282,reviewer,0
mistral_small_3_24b_awq,shared54,best,3471,0,happiness,HHH,101,282,reviewer,0
mistral_small_3_24b_awq,shared54,best,3476,0,happiness,HHH,101,282,reviewer,0
mistral_small_3_24b_awq,shared54,best,3478,0,happiness,HHH,101,282,reviewer,1
mistral_small_3_24b_awq,shared54,best,3478,1,happiness,HHH,101,282,reviewer,1
mistral_small_3_24b_awq,shared54,best,3478,2,happiness,HHH,101,282,reviewer,0
mistral_small_3_24b_awq,shared54,best,3490,0,happiness,HHH,101,282,reviewer,0
mistral_small_3_24b_awq,shared54,best,3495,0,happiness,HHH,101,282,reviewer,0
mistral_small_3_24b_awq,shared54,best,3495,1,happiness,HHH,101,282,reviewer,0
mistral_small_3_24b_awq,shared54,best,3495,2,happiness,HHH,101,282,reviewer,0
mistral_small_3_24b_awq,shared54,best,3496,0,happiness,HHH,101,282,reviewer,0
mistral_small_3_24b_awq,shared54,best,3496,1,happiness,HHH,101,282,reviewer,0
mistral_small_3_24b_awq,shared54,best,3510,0,happiness,HHH,101,282,reviewer,1
mistral_small_3_24b_awq,shared54,best,3510,1,happiness,HHH,101,282,reviewer,0
mistral_small_3_24b_awq,shared54,best,3510,2,happiness,HHH,101,282,reviewer,0
mistral_small_3_24b_awq,shared54,best,3515,0,happiness,HHH,101,282,reviewer,0
mistral_small_3_24b_awq,shared54,best,3517,0,happiness,HHH,101,282,reviewer,0
mistral_small_3_24b_awq,shared54,best,3518,0,happiness,HHH,101,282,reviewer,0
mistral_small_3_24b_awq,shared54,best,3518,1,happiness,HHH,101,282,reviewer,0
mistral_small_3_24b_awq,shared54,best,3518,2,happiness,HHH,101,282,reviewer,0
mistral_small_3_24b_awq,shared54,best,3527,0,happiness,HHH,101,282,reviewer,0
mistral_small_3_24b_awq,shared54,best,3534,0,happiness,HHH,101,282,reviewer,0
mistral_small_3_24b_awq,shared54,best,3534,1,happiness,HHH,101,282,reviewer,0
mistral_small_3_24b_awq,shared54,best,3534,2,happiness,HHH,101,282,reviewer,0
mistral_small_3_24b_awq,shared54,best,3535,0,happiness,HHH,101,282,reviewer,0
mistral_small_3_24b_awq,shared54,best,3551,0,happiness,HHH,101,282,reviewer,0
mistral_small_3_24b_awq,shared54,best,3555,0,happiness,HHH,101,282,reviewer,0
mistral_small_3_24b_awq,shared54,best,3559,0,happiness,HHH,101,282,reviewer,0
mistral_small_3_24b_awq,shared54,best,3560,0,happiness,HHH,101,282,reviewer,0
mistral_small_3_24b_awq,shared54,best,3560,1,happiness,HHH,101,282,reviewer,0
mistral_small_3_24b_awq,shared54,best,3560,2,happiness,HHH,101,282,reviewer,0
mistral_small_3_24b_awq,shared54,best,3567,0,happiness,HHH,101,282,reviewer,0
mistral_small_3_24b_awq,shared54,best,3571,0,happiness,HHH,101,282,reviewer,0
mistral_small_3_24b_awq,shared54,best,3571,1,happiness,HHH,101,282,reviewer,1
mistral_small_3_24b_awq,shared54,best,3571,2,happiness,HHH,101,282,reviewer,0
mistral_small_3_24b_awq,shared54,best,3603,0,happiness,HHH,101,282,reviewer,0
mistral_small_3_24b_awq,shared54,best,3605,0,happiness,HHH,101,282,reviewer,0
mistral_small_3_24b_awq,shared54,best,3607,0,happiness,HHH,101,282,reviewer,0
mistral_small_3_24b_awq,shared54,best,3607,1,happiness,HHH,101,282,reviewer,1
mistral_small_3_24b_awq,shared54,best,3607,2,happiness,HHH,101,282,reviewer,1
mistral_small_3_24b_awq,shared54,best,3621,0,happiness,HHH,101,282,reviewer,0
mistral_small_3_24b_awq,shared54,best,3621,1,happiness,HHH,101,282,reviewer,0
mistral_small_3_24b_awq,shared54,best,3621,2,happiness,HHH,101,282,reviewer,0
mistral_small_3_24b_awq,shared54,best,3629,0,happiness,HHH,101,282,reviewer,0
mistral_small_3_24b_awq,shared54,best,3629,1,happiness,HHH,101,282,reviewer,1
mistral_small_3_24b_awq,shared54,best,3629,2,happiness,HHH,101,282,reviewer,0
mistral_small_3_24b_awq,shared54,best,3637,0,happiness,HHH,101,282,reviewer,0
mistral_small_3_24b_awq,shared54,best,3637,1,happiness,HHH,101,282,reviewer,0
mistral_small_3_24b_awq,shared54,best,3637,2,happiness,HHH,101,282,reviewer,1
mistral_small_3_24b_awq,shared54,best,3647,0,happiness,HHH,101,282,reviewer,0
mistral_small_3_24b_awq,shared54,best,3647,1,happiness,HHH,101,282,reviewer,0
mistral_small_3_24b_awq,shared54,best,3647,2,happiness,HHH,101,282,reviewer,0
mistral_small_3_24b_awq,shared54,best,3648,0,happiness,HHH,101,282,reviewer,0
mistral_small_3_24b_awq,shared54,best,3648,1,happiness,HHH,101,282,reviewer,0
mistral_small_3_24b_awq,shared54,best,3648,2,happiness,HHH,101,282,reviewer,0
mistral_small_3_24b_awq,shared54,best,3649,0,happiness,HHH,101,282,reviewer,0
mistral_small_3_24b_awq,shared54,best,3649,1,happiness,HHH,101,282,reviewer,0
mistral_small_3_24b_awq,shared54,best,3649,2,happiness,HHH,101,282,reviewer,0
mistral_small_3_24b_awq,shared54,best,3657,0,happiness,HHH,101,282,reviewer,0
mistral_small_3_24b_awq,shared54,best,3674,0,happiness,HHH,101,282,reviewer,0
mistral_small_3_24b_awq,shared54,best,3674,1,happiness,HHH,101,282,reviewer,0
mistral_small_3_24b_awq,shared54,best,3674,2,happiness,HHH,101,282,reviewer,0
mistral_small_3_24b_awq,shared54,best,3676,0,happiness,HHH,101,282,reviewer,0
mistral_small_3_24b_awq,shared54,best,3680,0,happiness,HHH,101,282,reviewer,0
mistral_small_3_24b_awq,shared54,best,3683,0,happiness,HHH,101,282,reviewer,0
mistral_small_3_24b_awq,shared54,best,3683,1,happiness,HHH,101,282,reviewer,0
mistral_small_3_24b_awq,shared54,best,3683,2,happiness,HHH,101,282,reviewer,0
mistral_small_3_24b_awq,shared54,best,3686,0,happiness,HHH,101,282,reviewer,0
mistral_small_3_24b_awq,shared54,best,3696,0,happiness,HHH,101,282,reviewer,0
mistral_small_3_24b_awq,shared54,best,3700,0,happiness,HHH,101,282,reviewer,0
mistral_small_3_24b_awq,shared54,best,3700,1,happiness,HHH,101,282,reviewer,0
mistral_small_3_24b_awq,shared54,best,3700,2,happiness,HHH,101,282,reviewer,0
mistral_small_3_24b_awq,shared54,best,3702,0,happiness,HHH,101,282,reviewer,0
mistral_small_3_24b_awq,shared54,best,3704,0,happiness,HHH,101,282,reviewer,0
mistral_small_3_24b_awq,shared54,best,3704,1,happiness,HHH,101,282,reviewer,0
mistral_small_3_24b_awq,shared54,best,3704,2,happiness,HHH,101,282,reviewer,0
mistral_small_3_24b_awq,shared54,best,3709,0,happiness,HHH,101,282,reviewer,0
mistral_small_3_24b_awq,shared54,best,3709,1,happiness,HHH,101,282,reviewer,0
mistral_small_3_24b_awq,shared54,best,3714,0,happiness,HHH,101,282,reviewer,0
mistral_small_3_24b_awq,shared54,best,3714,1,happiness,HHH,101,282,reviewer,0
mistral_small_3_24b_awq,shared54,best,3714,2,happiness,HHH,101,282,reviewer,0
mistral_small_3_24b_awq,shared54,best,3722,0,happiness,HHH,101,282,reviewer,0
mistral_small_3_24b_awq,shared54,best,3722,1,happiness,HHH,101,282,reviewer,0
mistral_small_3_24b_awq,shared54,best,3722,2,happiness,HHH,101,282,reviewer,0
mistral_small_3_24b_awq,shared54,best,3731,0,happiness,HHH,101,282,reviewer,0
mistral_small_3_24b_awq,shared54,best,3736,0,happiness,HHH,101,282,reviewer,0
mistral_small_3_24b_awq,shared54,best,3743,0,happiness,HHH,101,282,reviewer,0
mistral_small_3_24b_awq,shared54,best,3743,1,happiness,HHH,101,282,reviewer,0
mistral_small_3_24b_awq,shared54,best,3743,2,happiness,HHH,101,282,reviewer,0
mistral_small_3_24b_awq,shared54,best,3744,0,happiness,HHH,101,282,reviewer,0
mistral_small_3_24b_awq,shared54,best,3744,1,happiness,HHH,101,282,reviewer,0
mistral_small_3_24b_awq,shared54,best,3744,2,happiness,HHH,101,282,reviewer,1
mistral_small_3_24b_awq,shared54,best,3751,0,happiness,HHH,101,282,reviewer,0
mistral_small_3_24b_awq,shared54,best,3751,1,happiness,HHH,101,282,reviewer,0
mistral_small_3_24b_awq,shared54,best,3771,0,happiness,HHH,101,282,reviewer,0
mistral_small_3_24b_awq,shared54,best,3771,1,happiness,HHH,101,282,reviewer,1
mistral_small_3_24b_awq,shared54,best,3771,2,happiness,HHH,101,282,reviewer,1
mistral_small_3_24b_awq,shared54,best,3785,0,happiness,HHH,101,282,reviewer,0
mistral_small_3_24b_awq,shared54,best,3785,1,happiness,HHH,101,282,reviewer,1
mistral_small_3_24b_awq,shared54,best,3786,0,happiness,HHH,101,282,reviewer,0
mistral_small_3_24b_awq,shared54,best,3786,1,happiness,HHH,101,282,reviewer,0
mistral_small_3_24b_awq,shared54,best,3786,2,happiness,HHH,101,282,reviewer,0
mistral_small_3_24b_awq,shared54,best,3793,0,happiness,HHH,101,282,reviewer,1
mistral_small_3_24b_awq,shared54,best,3793,1,happiness,HHH,101,282,reviewer,0
mistral_small_3_24b_awq,shared54,best,abc301_b,0,happiness,HHH,101,282,reviewer,0
mistral_small_3_24b_awq,shared54,best,abc301_b,1,happiness,HHH,101,282,reviewer,0
mistral_small_3_24b_awq,shared54,best,abc301_b,2,happiness,HHH,101,282,reviewer,0
mistral_small_3_24b_awq,shared54,best,abc301_e,0,happiness,HHH,101,282,reviewer,0
mistral_small_3_24b_awq,shared54,best,abc301_e,1,happiness,HHH,101,282,reviewer,1
mistral_small_3_24b_awq,shared54,best,abc301_e,2,happiness,HHH,101,282,reviewer,0
mistral_small_3_24b_awq,shared54,best,abc302_e,0,happiness,HHH,101,282,reviewer,0
mistral_small_3_24b_awq,shared54,best,abc302_e,1,happiness,HHH,101,282,reviewer,0
mistral_small_3_24b_awq,shared54,best,abc302_e,2,happiness,HHH,101,282,reviewer,0
mistral_small_3_24b_awq,shared54,best,abc303_a,0,happiness,HHH,101,282,reviewer,0
mistral_small_3_24b_awq,shared54,best,abc303_b,0,happiness,HHH,101,282,reviewer,0
mistral_small_3_24b_awq,shared54,best,abc303_b,1,happiness,HHH,101,282,reviewer,0
mistral_small_3_24b_awq,shared54,best,abc303_d,0,happiness,HHH,101,282,reviewer,1
mistral_small_3_24b_awq,shared54,best,abc303_d,1,happiness,HHH,101,282,reviewer,1
mistral_small_3_24b_awq,shared54,best,abc303_d,2,happiness,HHH,101,282,reviewer,1
mistral_small_3_24b_awq,shared54,best,abc303_e,0,happiness,HHH,101,282,reviewer,1
mistral_small_3_24b_awq,shared54,best,abc303_e,1,happiness,HHH,101,282,reviewer,1
mistral_small_3_24b_awq,shared54,best,abc303_e,2,happiness,HHH,101,282,reviewer,0
mistral_small_3_24b_awq,shared54,best,abc304_a,0,happiness,HHH,101,282,reviewer,0
mistral_small_3_24b_awq,shared54,best,abc304_a,1,happiness,HHH,101,282,reviewer,1
mistral_small_3_24b_awq,shared54,best,abc304_a,2,happiness,HHH,101,282,reviewer,1
mistral_small_3_24b_awq,shared54,best,abc307_a,0,happiness,HHH,101,282,reviewer,0
mistral_small_3_24b_awq,shared54,best,abc307_b,0,happiness,HHH,101,282,reviewer,0
mistral_small_3_24b_awq,shared54,best,abc307_b,1,happiness,HHH,101,282,reviewer,0
mistral_small_3_24b_awq,shared54,best,abc307_b,2,happiness,HHH,101,282,reviewer,0
mistral_small_3_24b_awq,shared54,best,abc309_c,0,happiness,HHH,101,282,reviewer,0
mistral_small_3_24b_awq,shared54,best,abc309_c,1,happiness,HHH,101,282,reviewer,0
mistral_small_3_24b_awq,shared54,best,abc309_c,2,happiness,HHH,101,282,reviewer,1
mistral_small_3_24b_awq,shared54,best,abc309_d,0,happiness,HHH,101,282,reviewer,0
mistral_small_3_24b_awq,shared54,best,abc309_e,0,happiness,HHH,101,282,reviewer,0
mistral_small_3_24b_awq,shared54,best,abc309_e,1,happiness,HHH,101,282,reviewer,1
mistral_small_3_24b_awq,shared54,best,abc309_e,2,happiness,HHH,101,282,reviewer,1
mistral_small_3_24b_awq,shared54,best,abc310_b,0,happiness,HHH,101,282,reviewer,0
mistral_small_3_24b_awq,shared54,best,abc310_c,0,happiness,HHH,101,282,reviewer,0
mistral_small_3_24b_awq,shared54,best,abc310_c,1,happiness,HHH,101,282,reviewer,0
mistral_small_3_24b_awq,shared54,best,abc310_c,2,happiness,HHH,101,282,reviewer,1
mistral_small_3_24b_awq,shared54,best,abc310_f,0,happiness,HHH,101,282,reviewer,1
mistral_small_3_24b_awq,shared54,best,abc310_f,1,happiness,HHH,101,282,reviewer,0
mistral_small_3_24b_awq,shared54,best,abc310_f,2,happiness,HHH,101,282,reviewer,0
mistral_small_3_24b_awq,shared54,best,abc311_b,0,happiness,HHH,101,282,reviewer,0
mistral_small_3_24b_awq,shared54,best,abc312_e,0,happiness,HHH,101,282,reviewer,0
mistral_small_3_24b_awq,shared54,best,abc312_e,1,happiness,HHH,101,282,reviewer,0
mistral_small_3_24b_awq,shared54,best,abc312_e,2,happiness,HHH,101,282,reviewer,0
mistral_small_3_24b_awq,shared54,best,abc312_f,0,happiness,HHH,101,282,reviewer,1
mistral_small_3_24b_awq,shared54,best,abc312_f,1,happiness,HHH,101,282,reviewer,1
mistral_small_3_24b_awq,shared54,best,abc312_f,2,happiness,HHH,101,282,reviewer,1
mistral_small_3_24b_awq,shared54,best,abc313_a,0,happiness,HHH,101,282,reviewer,1
mistral_small_3_24b_awq,shared54,best,abc313_a,1,happiness,HHH,101,282,reviewer,1
mistral_small_3_24b_awq,shared54,best,abc313_a,2,happiness,HHH,101,282,reviewer,0
mistral_small_3_24b_awq,shared54,best,abc315_b,0,happiness,HHH,101,282,reviewer,0
mistral_small_3_24b_awq,shared54,best,abc315_c,0,happiness,HHH,101,282,reviewer,0
mistral_small_3_24b_awq,shared54,best,abc315_c,1,happiness,HHH,101,282,reviewer,0
mistral_small_3_24b_awq,shared54,best,abc315_c,2,happiness,HHH,101,282,reviewer,1
mistral_small_3_24b_awq,shared54,best,abc315_d,0,happiness,HHH,101,282,reviewer,0
mistral_small_3_24b_awq,shared54,best,abc315_d,1,happiness,HHH,101,282,reviewer,0
mistral_small_3_24b_awq,shared54,best,abc315_d,2,happiness,HHH,101,282,reviewer,0
mistral_small_3_24b_awq,shared54,best,abc318_b,0,happiness,HHH,101,282,reviewer,0
mistral_small_3_24b_awq,shared54,best,abc318_b,1,happiness,HHH,101,282,reviewer,0
mistral_small_3_24b_awq,shared54,best,abc318_b,2,happiness,HHH,101,282,reviewer,0
mistral_small_3_24b_awq,shared54,best,abc318_d,0,happiness,HHH,101,282,reviewer,1
mistral_small_3_24b_awq,shared54,best,abc318_d,1,happiness,HHH,101,282,reviewer,0
mistral_small_3_24b_awq,shared54,best,abc318_d,2,happiness,HHH,101,282,reviewer,0
mistral_small_3_24b_awq,shared54,best,abc319_c,0,happiness,HHH,101,282,reviewer,0
mistral_small_3_24b_awq,shared54,best,abc319_c,1,happiness,HHH,101,282,reviewer,0
mistral_small_3_24b_awq,shared54,best,abc319_c,2,happiness,HHH,101,282,reviewer,0
mistral_small_3_24b_awq,shared54,best,abc320_e,0,happiness,HHH,101,282,reviewer,1
mistral_small_3_24b_awq,shared54,best,abc320_e,1,happiness,HHH,101,282,reviewer,1
mistral_small_3_24b_awq,shared54,best,abc320_e,2,happiness,HHH,101,282,reviewer,1
mistral_small_3_24b_awq,shared54,best,abc321_b,0,happiness,HHH,101,282,reviewer,1
mistral_small_3_24b_awq,shared54,best,abc321_b,1,happiness,HHH,101,282,reviewer,1
mistral_small_3_24b_awq,shared54,best,abc321_b,2,happiness,HHH,101,282,reviewer,1
mistral_small_3_24b_awq,shared54,best,abc321_c,0,happiness,HHH,101,282,reviewer,0
mistral_small_3_24b_awq,shared54,best,abc321_c,1,happiness,HHH,101,282,reviewer,1
mistral_small_3_24b_awq,shared54,best,abc321_c,2,happiness,HHH,101,282,reviewer,0
mistral_small_3_24b_awq,shared54,best,abc322_c,0,happiness,HHH,101,282,reviewer,0
mistral_small_3_24b_awq,shared54,best,abc324_a,0,happiness,HHH,101,282,reviewer,0
mistral_small_3_24b_awq,shared54,best,abc324_b,0,happiness,HHH,101,282,reviewer,0
mistral_small_3_24b_awq,shared54,best,abc324_b,1,happiness,HHH,101,282,reviewer,0
mistral_small_3_24b_awq,shared54,best,abc324_b,2,happiness,HHH,101,282,reviewer,0
mistral_small_3_24b_awq,shared54,best,abc325_b,0,happiness,HHH,101,282,reviewer,0
mistral_small_3_24b_awq,shared54,best,abc325_b,1,happiness,HHH,101,282,reviewer,1
mistral_small_3_24b_awq,shared54,best,abc325_b,2,happiness,HHH,101,282,reviewer,1
mistral_small_3_24b_awq,shared54,best,abc325_e,0,happiness,HHH,101,282,reviewer,0
mistral_small_3_24b_awq,shared54,best,abc325_e,1,happiness,HHH,101,282,reviewer,0
mistral_small_3_24b_awq,shared54,best,abc325_e,2,happiness,HHH,101,282,reviewer,0
mistral_small_3_24b_awq,shared54,best,abc326_d,0,happiness,HHH,101,282,reviewer,0
mistral_small_3_24b_awq,shared54,best,abc326_d,1,happiness,HHH,101,282,reviewer,1
mistral_small_3_24b_awq,shared54,best,abc326_d,2,happiness,HHH,101,282,reviewer,1
mistral_small_3_24b_awq,shared54,best,abc327_a,0,happiness,HHH,101,282,reviewer,0
mistral_small_3_24b_awq,shared54,best,abc327_c,0,happiness,HHH,101,282,reviewer,1
mistral_small_3_24b_awq,shared54,best,abc327_c,1,happiness,HHH,101,282,reviewer,0
mistral_small_3_24b_awq,shared54,best,abc327_c,2,happiness,HHH,101,282,reviewer,1
mistral_small_3_24b_awq,shared54,best,abc328_b,0,happiness,HHH,101,282,reviewer,0
mistral_small_3_24b_awq,shared54,best,abc328_b,1,happiness,HHH,101,282,reviewer,1
mistral_small_3_24b_awq,shared54,best,abc328_b,2,happiness,HHH,101,282,reviewer,1
mistral_small_3_24b_awq,shared54,best,abc328_d,0,happiness,HHH,101,282,reviewer,0
mistral_small_3_24b_awq,shared54,best,abc329_b,0,happiness,HHH,101,282,reviewer,0
mistral_small_3_24b_awq,shared54,best,abc329_b,1,happiness,HHH,101,282,reviewer,0
mistral_small_3_24b_awq,shared54,best,abc329_b,2,happiness,HHH,101,282,reviewer,0
mistral_small_3_24b_awq,shared54,best,abc329_f,0,happiness,HHH,101,282,reviewer,0
mistral_small_3_24b_awq,shared54,best,abc329_f,1,happiness,HHH,101,282,reviewer,0
mistral_small_3_24b_awq,shared54,best,abc330_d,0,happiness,HHH,101,282,reviewer,0
mistral_small_3_24b_awq,shared54,best,abc330_d,1,happiness,HHH,101,282,reviewer,1
mistral_small_3_24b_awq,shared54,best,abc330_d,2,happiness,HHH,101,282,reviewer,1
mistral_small_3_24b_awq,shared54,best,abc331_c,0,happiness,HHH,101,282,reviewer,1
mistral_small_3_24b_awq,shared54,best,abc331_c,1,happiness,HHH,101,282,reviewer,1
mistral_small_3_24b_awq,shared54,best,abc331_c,2,happiness,HHH,101,282,reviewer,1
mistral_small_3_24b_awq,shared54,best,abc331_e,0,happiness,HHH,101,282,reviewer,0
mistral_small_3_24b_awq,shared54,best,abc331_e,1,happiness,HHH,101,282,reviewer,0
mistral_small_3_24b_awq,shared54,best,abc331_e,2,happiness,HHH,101,282,reviewer,0
mistral_small_3_24b_awq,shared54,best,abc333_a,0,happiness,HHH,101,282,reviewer,0
mistral_small_3_24b_awq,shared54,best,abc333_d,0,happiness,HHH,101,282,reviewer,1
mistral_small_3_24b_awq,shared54,best,abc333_d,1,happiness,HHH,101,282,reviewer,0
mistral_small_3_24b_awq,shared54,best,abc333_d,2,happiness,HHH,101,282,reviewer,1
mistral_small_3_24b_awq,shared54,best,abc335_c,0,happiness,HHH,101,282,reviewer,0
mistral_small_3_24b_awq,shared54,best,abc335_c,1,happiness,HHH,101,282,reviewer,0
mistral_small_3_24b_awq,shared54,best,abc335_c,2,happiness,HHH,101,282,reviewer,0
mistral_small_3_24b_awq,shared54,best,abc337_b,0,happiness,HHH,101,282,reviewer,0
mistral_small_3_24b_awq,shared54,best,abc337_b,1,happiness,HHH,101,282,reviewer,0
mistral_small_3_24b_awq,shared54,best,abc337_b,2,happiness,HHH,101,282,reviewer,0
mistral_small_3_24b_awq,shared54,best,abc337_d,0,happiness,HHH,101,282,reviewer,1
mistral_small_3_24b_awq,shared54,best,abc337_d,1,happiness,HHH,101,282,reviewer,0
mistral_small_3_24b_awq,shared54,best,abc337_d,2,happiness,HHH,101,282,reviewer,1
mistral_small_3_24b_awq,shared54,best,abc338_a,0,happiness,HHH,101,282,reviewer,0
mistral_small_3_24b_awq,shared54,best,abc338_e,0,happiness,HHH,101,282,reviewer,1
mistral_small_3_24b_awq,shared54,best,abc338_e,1,happiness,HHH,101,282,reviewer,0
mistral_small_3_24b_awq,shared54,best,abc338_e,2,happiness,HHH,101,282,reviewer,0
mistral_small_3_24b_awq,shared54,best,abc339_b,0,happiness,HHH,101,282,reviewer,1
mistral_small_3_24b_awq,shared54,best,abc339_b,1,happiness,HHH,101,282,reviewer,0
mistral_small_3_24b_awq,shared54,best,abc339_b,2,happiness,HHH,101,282,reviewer,0
mistral_small_3_24b_awq,shared54,best,abc339_d,0,happiness,HHH,101,282,reviewer,0
mistral_small_3_24b_awq,shared54,best,abc339_d,1,happiness,HHH,101,282,reviewer,0
mistral_small_3_24b_awq,shared54,best,abc339_d,2,happiness,HHH,101,282,reviewer,0
mistral_small_3_24b_awq,shared54,best,abc340_d,0,happiness,HHH,101,282,reviewer,0
mistral_small_3_24b_awq,shared54,best,abc340_d,1,happiness,HHH,101,282,reviewer,0
mistral_small_3_24b_awq,shared54,best,abc340_d,2,happiness,HHH,101,282,reviewer,1
mistral_small_3_24b_awq,shared54,best,abc341_b,0,happiness,HHH,101,282,reviewer,0
mistral_small_3_24b_awq,shared54,best,abc341_b,1,happiness,HHH,101,282,reviewer,0
mistral_small_3_24b_awq,shared54,best,abc341_b,2,happiness,HHH,101,282,reviewer,0
mistral_small_3_24b_awq,shared54,best,abc341_c,0,happiness,HHH,101,282,reviewer,0
mistral_small_3_24b_awq,shared54,best,abc341_c,1,happiness,HHH,101,282,reviewer,1
mistral_small_3_24b_awq,shared54,best,abc341_c,2,happiness,HHH,101,282,reviewer,0
mistral_small_3_24b_awq,shared54,best,abc341_d,0,happiness,HHH,101,282,reviewer,0
mistral_small_3_24b_awq,shared54,best,abc341_d,1,happiness,HHH,101,282,reviewer,0
mistral_small_3_24b_awq,shared54,best,abc341_d,2,happiness,HHH,101,282,reviewer,0
mistral_small_3_24b_awq,shared54,best,abc341_f,0,happiness,HHH,101,282,reviewer,1
mistral_small_3_24b_awq,shared54,best,abc341_f,1,happiness,HHH,101,282,reviewer,1
mistral_small_3_24b_awq,shared54,best,abc341_f,2,happiness,HHH,101,282,reviewer,1
mistral_small_3_24b_awq,shared54,best,abc342_a,0,happiness,HHH,101,282,reviewer,0
mistral_small_3_24b_awq,shared54,best,abc342_a,1,happiness,HHH,101,282,reviewer,0
mistral_small_3_24b_awq,shared54,best,abc342_a,2,happiness,HHH,101,282,reviewer,0
mistral_small_3_24b_awq,shared54,best,abc342_b,0,happiness,HHH,101,282,reviewer,0
mistral_small_3_24b_awq,shared54,best,abc342_d,0,happiness,HHH,101,282,reviewer,0
mistral_small_3_24b_awq,shared54,best,abc342_d,1,happiness,HHH,101,282,reviewer,0
mistral_small_3_24b_awq,shared54,best,abc342_d,2,happiness,HHH,101,282,reviewer,0
mistral_small_3_24b_awq,shared54,best,abc343_d,0,happiness,HHH,101,282,reviewer,0
mistral_small_3_24b_awq,shared54,best,abc343_d,1,happiness,HHH,101,282,reviewer,0
mistral_small_3_24b_awq,shared54,best,abc343_d,2,happiness,HHH,101,282,reviewer,0
mistral_small_3_24b_awq,shared54,best,abc345_b,0,happiness,HHH,101,282,reviewer,0
mistral_small_3_24b_awq,shared54,best,abc345_d,0,happiness,HHH,101,282,reviewer,0
mistral_small_3_24b_awq,shared54,best,abc345_d,1,happiness,HHH,101,282,reviewer,1
mistral_small_3_24b_awq,shared54,best,abc345_d,2,happiness,HHH,101,282,reviewer,0
mistral_small_3_24b_awq,shared54,best,abc346_b,0,happiness,HHH,101,282,reviewer,1
mistral_small_3_24b_awq,shared54,best,abc346_b,1,happiness,HHH,101,282,reviewer,1
mistral_small_3_24b_awq,shared54,best,abc346_b,2,happiness,HHH,101,282,reviewer,1
mistral_small_3_24b_awq,shared54,best,abc347_a,0,happiness,HHH,101,282,reviewer,0
mistral_small_3_24b_awq,shared54,best,abc348_a,0,happiness,HHH,101,282,reviewer,0
mistral_small_3_24b_awq,shared54,best,abc348_c,0,happiness,HHH,101,282,reviewer,0
mistral_small_3_24b_awq,shared54,best,abc348_c,1,happiness,HHH,101,282,reviewer,0
mistral_small_3_24b_awq,shared54,best,abc348_c,2,happiness,HHH,101,282,reviewer,1
mistral_small_3_24b_awq,shared54,best,abc349_c,0,happiness,HHH,101,282,reviewer,1
mistral_small_3_24b_awq,shared54,best,abc349_c,1,happiness,HHH,101,282,reviewer,0
mistral_small_3_24b_awq,shared54,best,abc349_c,2,happiness,HHH,101,282,reviewer,0
mistral_small_3_24b_awq,shared54,best,abc349_d,0,happiness,HHH,101,282,reviewer,0
mistral_small_3_24b_awq,shared54,best,abc349_d,1,happiness,HHH,101,282,reviewer,0
mistral_small_3_24b_awq,shared54,best,abc349_d,2,happiness,HHH,101,282,reviewer,0
mistral_small_3_24b_awq,shared54,best,abc349_e,0,happiness,HHH,101,282,reviewer,0
mistral_small_3_24b_awq,shared54,best,abc349_e,1,happiness,HHH,101,282,reviewer,1
mistral_small_3_24b_awq,shared54,best,abc349_e,2,happiness,HHH,101,282,reviewer,0
mistral_small_3_24b_awq,shared54,best,abc351_a,0,happiness,HHH,101,282,reviewer,0
mistral_small_3_24b_awq,shared54,best,abc352_b,0,happiness,HHH,101,282,reviewer,0
mistral_small_3_24b_awq,shared54,best,abc352_e,0,happiness,HHH,101,282,reviewer,0
mistral_small_3_24b_awq,shared54,best,abc352_e,1,happiness,HHH,101,282,reviewer,0
mistral_small_3_24b_awq,shared54,best,abc352_e,2,happiness,HHH,101,282,reviewer,0
mistral_small_3_24b_awq,shared54,best,abc353_a,0,happiness,HHH,101,282,reviewer,0
mistral_small_3_24b_awq,shared54,best,abc354_a,0,happiness,HHH,101,282,reviewer,0
mistral_small_3_24b_awq,shared54,best,abc354_a,1,happiness,HHH,101,282,reviewer,0
mistral_small_3_24b_awq,shared54,best,abc354_a,2,happiness,HHH,101,282,reviewer,0
mistral_small_3_24b_awq,shared54,best,abc354_b,0,happiness,HHH,101,282,reviewer,0
mistral_small_3_24b_awq,shared54,best,abc354_c,0,happiness,HHH,101,282,reviewer,0
mistral_small_3_24b_awq,shared54,best,abc354_c,1,happiness,HHH,101,282,reviewer,0
mistral_small_3_24b_awq,shared54,best,abc354_c,2,happiness,HHH,101,282,reviewer,0
mistral_small_3_24b_awq,shared54,best,abc354_d,0,happiness,HHH,101,282,reviewer,0
mistral_small_3_24b_awq,shared54,best,abc354_d,1,happiness,HHH,101,282,reviewer,1
mistral_small_3_24b_awq,shared54,best,abc354_d,2,happiness,HHH,101,282,reviewer,0
mistral_small_3_24b_awq,shared54,best,abc355_c,0,happiness,HHH,101,282,reviewer,0
mistral_small_3_24b_awq,shared54,best,abc355_d,0,happiness,HHH,101,282,reviewer,1
mistral_small_3_24b_awq,shared54,best,abc355_d,1,happiness,HHH,101,282,reviewer,0
mistral_small_3_24b_awq,shared54,best,abc355_d,2,happiness,HHH,101,282,reviewer,0
mistral_small_3_24b_awq,shared54,best,abc355_e,0,happiness,HHH,101,282,reviewer,0
mistral_small_3_24b_awq,shared54,best,abc355_e,1,happiness,HHH,101,282,reviewer,0
mistral_small_3_24b_awq,shared54,best,abc355_e,2,happiness,HHH,101,282,reviewer,0
mistral_small_3_24b_awq,shared54,best,abc356_e,0,happiness,HHH,101,282,reviewer,0
mistral_small_3_24b_awq,shared54,best,abc356_e,1,happiness,HHH,101,282,reviewer,0
mistral_small_3_24b_awq,shared54,best,abc356_e,2,happiness,HHH,101,282,reviewer,0
mistral_small_3_24b_awq,shared54,best,abc358_a,0,happiness,HHH,101,282,reviewer,0
mistral_small_3_24b_awq,shared54,best,abc359_d,0,happiness,HHH,101,282,reviewer,1
mistral_small_3_24b_awq,shared54,best,abc359_d,1,happiness,HHH,101,282,reviewer,0
mistral_small_3_24b_awq,shared54,best,abc359_d,2,happiness,HHH,101,282,reviewer,0
mistral_small_3_24b_awq,shared54,best,abc360_a,0,happiness,HHH,101,282,reviewer,0
mistral_small_3_24b_awq,shared54,best,abc360_b,0,happiness,HHH,101,282,reviewer,0
mistral_small_3_24b_awq,shared54,best,abc360_b,1,happiness,HHH,101,282,reviewer,0
mistral_small_3_24b_awq,shared54,best,abc360_b,2,happiness,HHH,101,282,reviewer,0
mistral_small_3_24b_awq,shared54,best,abc360_c,0,happiness,HHH,101,282,reviewer,0
mistral_small_3_24b_awq,shared54,best,abc360_c,1,happiness,HHH,101,282,reviewer,1
mistral_small_3_24b_awq,shared54,best,abc360_c,2,happiness,HHH,101,282,reviewer,0
mistral_small_3_24b_awq,shared54,best,abc360_e,0,happiness,HHH,101,282,reviewer,0
mistral_small_3_24b_awq,shared54,best,abc360_e,1,happiness,HHH,101,282,reviewer,1
mistral_small_3_24b_awq,shared54,best,abc360_e,2,happiness,HHH,101,282,reviewer,0
mistral_small_3_24b_awq,shared54,best,abc363_e,0,happiness,HHH,101,282,reviewer,0
mistral_small_3_24b_awq,shared54,best,abc363_e,1,happiness,HHH,101,282,reviewer,0
mistral_small_3_24b_awq,shared54,best,abc363_e,2,happiness,HHH,101,282,reviewer,0
mistral_small_3_24b_awq,shared54,best,abc364_f,0,happiness,HHH,101,282,reviewer,0
mistral_small_3_24b_awq,shared54,best,abc364_f,1,happiness,HHH,101,282,reviewer,0
mistral_small_3_24b_awq,shared54,best,abc364_f,2,happiness,HHH,101,282,reviewer,0
mistral_small_3_24b_awq,shared54,best,abc365_c,0,happiness,HHH,101,282,reviewer,0
mistral_small_3_24b_awq,shared54,best,abc365_c,1,happiness,HHH,101,282,reviewer,0
mistral_small_3_24b_awq,shared54,best,abc365_c,2,happiness,HHH,101,282,reviewer,0
mistral_small_3_24b_awq,shared54,best,abc365_d,0,happiness,HHH,101,282,reviewer,0
mistral_small_3_24b_awq,shared54,best,abc365_d,1,happiness,HHH,101,282,reviewer,0
mistral_small_3_24b_awq,shared54,best,abc365_d,2,happiness,HHH,101,282,reviewer,0
mistral_small_3_24b_awq,shared54,best,abc366_a,0,happiness,HHH,101,282,reviewer,0
mistral_small_3_24b_awq,shared54,best,abc366_a,1,happiness,HHH,101,282,reviewer,1
mistral_small_3_24b_awq,shared54,best,abc366_a,2,happiness,HHH,101,282,reviewer,0
mistral_small_3_24b_awq,shared54,best,abc366_c,0,happiness,HHH,101,282,reviewer,1
mistral_small_3_24b_awq,shared54,best,abc366_c,1,happiness,HHH,101,282,reviewer,0
mistral_small_3_24b_awq,shared54,best,abc366_c,2,happiness,HHH,101,282,reviewer,0
mistral_small_3_24b_awq,shared54,best,abc366_f,0,happiness,HHH,101,282,reviewer,1
mistral_small_3_24b_awq,shared54,best,abc366_f,1,happiness,HHH,101,282,reviewer,1
mistral_small_3_24b_awq,shared54,best,abc366_f,2,happiness,HHH,101,282,reviewer,1
mistral_small_3_24b_awq,shared54,best,abc366_g,0,happiness,HHH,101,282,reviewer,1
mistral_small_3_24b_awq,shared54,best,abc366_g,1,happiness,HHH,101,282,reviewer,1
mistral_small_3_24b_awq,shared54,best,abc366_g,2,happiness,HHH,101,282,reviewer,1
mistral_small_3_24b_awq,shared54,best,abc367_a,0,happiness,HHH,101,282,reviewer,1
mistral_small_3_24b_awq,shared54,best,abc367_a,1,happiness,HHH,101,282,reviewer,0
mistral_small_3_24b_awq,shared54,best,abc367_a,2,happiness,HHH,101,282,reviewer,1
mistral_small_3_24b_awq,shared54,best,abc367_e,0,happiness,HHH,101,282,reviewer,0
mistral_small_3_24b_awq,shared54,best,abc367_e,1,happiness,HHH,101,282,reviewer,0
mistral_small_3_24b_awq,shared54,best,abc367_e,2,happiness,HHH,101,282,reviewer,0
mistral_small_3_24b_awq,shared54,best,abc368_c,0,happiness,HHH,101,282,reviewer,0
mistral_small_3_24b_awq,shared54,best,abc368_c,1,happiness,HHH,101,282,reviewer,0
mistral_small_3_24b_awq,shared54,best,abc368_c,2,happiness,HHH,101,282,reviewer,0
mistral_small_3_24b_awq,shared54,best,abc369_b,0,happiness,HHH,101,282,reviewer,0
mistral_small_3_24b_awq,shared54,best,abc369_b,1,happiness,HHH,101,282,reviewer,0
mistral_small_3_24b_awq,shared54,best,abc369_b,2,happiness,HHH,101,282,reviewer,0
mistral_small_3_24b_awq,shared54,best,abc369_c,0,happiness,HHH,101,282,reviewer,0
mistral_small_3_24b_awq,shared54,best,abc369_c,1,happiness,HHH,101,282,reviewer,0
mistral_small_3_24b_awq,shared54,best,abc369_c,2,happiness,HHH,101,282,reviewer,0
mistral_small_3_24b_awq,shared54,best,abc370_a,0,happiness,HHH,101,282,reviewer,0
mistral_small_3_24b_awq,shared54,best,abc370_a,1,happiness,HHH,101,282,reviewer,0
mistral_small_3_24b_awq,shared54,best,abc370_a,2,happiness,HHH,101,282,reviewer,0
mistral_small_3_24b_awq,shared54,best,abc370_b,0,happiness,HHH,101,282,reviewer,1
mistral_small_3_24b_awq,shared54,best,abc370_b,1,happiness,HHH,101,282,reviewer,1
mistral_small_3_24b_awq,shared54,best,abc370_b,2,happiness,HHH,101,282,reviewer,1
mistral_small_3_24b_awq,shared54,best,abc371_d,0,happiness,HHH,101,282,reviewer,0
mistral_small_3_24b_awq,shared54,best,abc371_d,1,happiness,HHH,101,282,reviewer,1
mistral_small_3_24b_awq,shared54,best,abc371_d,2,happiness,HHH,101,282,reviewer,0
mistral_small_3_24b_awq,shared54,best,abc371_f,0,happiness,HHH,101,282,reviewer,1
mistral_small_3_24b_awq,shared54,best,abc371_f,1,happiness,HHH,101,282,reviewer,1
mistral_small_3_24b_awq,shared54,best,abc371_f,2,happiness,HHH,101,282,reviewer,1
mistral_small_3_24b_awq,shared54,best,abc372_d,0,happiness,HHH,101,282,reviewer,0
mistral_small_3_24b_awq,shared54,best,abc372_d,1,happiness,HHH,101,282,reviewer,0
mistral_small_3_24b_awq,shared54,best,abc372_d,2,happiness,HHH,101,282,reviewer,0
mistral_small_3_24b_awq,shared54,best,abc373_e,0,happiness,HHH,101,282,reviewer,0
mistral_small_3_24b_awq,shared54,best,abc373_e,1,happiness,HHH,101,282,reviewer,0
mistral_small_3_24b_awq,shared54,best,abc373_e,2,happiness,HHH,101,282,reviewer,0
mistral_small_3_24b_awq,shared54,best,abc374_g,0,happiness,HHH,101,282,reviewer,0
mistral_small_3_24b_awq,shared54,best,abc374_g,1,happiness,HHH,101,282,reviewer,0
mistral_small_3_24b_awq,shared54,best,abc374_g,2,happiness,HHH,101,282,reviewer,0
mistral_small_3_24b_awq,shared54,best,abc375_b,0,happiness,HHH,101,282,reviewer,1
mistral_small_3_24b_awq,shared54,best,abc375_b,1,happiness,HHH,101,282,reviewer,1
mistral_small_3_24b_awq,shared54,best,abc375_b,2,happiness,HHH,101,282,reviewer,0
mistral_small_3_24b_awq,shared54,best,abc375_d,0,happiness,HHH,101,282,reviewer,1
mistral_small_3_24b_awq,shared54,best,abc375_d,1,happiness,HHH,101,282,reviewer,1
mistral_small_3_24b_awq,shared54,best,abc375_d,2,happiness,HHH,101,282,reviewer,1
mistral_small_3_24b_awq,shared54,best,abc376_e,0,happiness,HHH,101,282,reviewer,0
mistral_small_3_24b_awq,shared54,best,abc376_e,1,happiness,HHH,101,282,reviewer,0
mistral_small_3_24b_awq,shared54,best,abc376_e,2,happiness,HHH,101,282,reviewer,0
mistral_small_3_24b_awq,shared54,best,abc376_f,0,happiness,HHH,101,282,reviewer,0
mistral_small_3_24b_awq,shared54,best,abc376_f,1,happiness,HHH,101,282,reviewer,0
mistral_small_3_24b_awq,shared54,best,abc376_f,2,happiness,HHH,101,282,reviewer,0
mistral_small_3_24b_awq,shared54,best,abc377_b,0,happiness,HHH,101,282,reviewer,0
mistral_small_3_24b_awq,shared54,best,abc377_c,0,happiness,HHH,101,282,reviewer,1
mistral_small_3_24b_awq,shared54,best,abc377_c,1,happiness,HHH,101,282,reviewer,1
mistral_small_3_24b_awq,shared54,best,abc377_c,2,happiness,HHH,101,282,reviewer,1
mistral_small_3_24b_awq,shared54,best,abc377_e,0,happiness,HHH,101,282,reviewer,0
mistral_small_3_24b_awq,shared54,best,abc377_e,1,happiness,HHH,101,282,reviewer,0
mistral_small_3_24b_awq,shared54,best,abc377_e,2,happiness,HHH,101,282,reviewer,0
mistral_small_3_24b_awq,shared54,best,abc379_a,0,happiness,HHH,101,282,reviewer,0
mistral_small_3_24b_awq,shared54,best,abc379_d,0,happiness,HHH,101,282,reviewer,0
mistral_small_3_24b_awq,shared54,best,abc379_d,1,happiness,HHH,101,282,reviewer,0
mistral_small_3_24b_awq,shared54,best,abc379_d,2,happiness,HHH,101,282,reviewer,0
mistral_small_3_24b_awq,shared54,best,abc379_g,0,happiness,HHH,101,282,reviewer,1
mistral_small_3_24b_awq,shared54,best,abc379_g,1,happiness,HHH,101,282,reviewer,0
mistral_small_3_24b_awq,shared54,best,abc379_g,2,happiness,HHH,101,282,reviewer,0
mistral_small_3_24b_awq,shared54,best,abc380_b,0,happiness,HHH,101,282,reviewer,1
mistral_small_3_24b_awq,shared54,best,abc380_b,1,happiness,HHH,101,282,reviewer,0
mistral_small_3_24b_awq,shared54,best,abc380_b,2,happiness,HHH,101,282,reviewer,0
mistral_small_3_24b_awq,shared54,best,abc380_d,0,happiness,HHH,101,282,reviewer,1
mistral_small_3_24b_awq,shared54,best,abc380_d,1,happiness,HHH,101,282,reviewer,0
mistral_small_3_24b_awq,shared54,best,abc380_d,2,happiness,HHH,101,282,reviewer,0
mistral_small_3_24b_awq,shared54,best,abc381_a,0,happiness,HHH,101,282,reviewer,1
mistral_small_3_24b_awq,shared54,best,abc381_a,1,happiness,HHH,101,282,reviewer,0
mistral_small_3_24b_awq,shared54,best,abc381_a,2,happiness,HHH,101,282,reviewer,0
mistral_small_3_24b_awq,shared54,best,abc382_b,0,happiness,HHH,101,282,reviewer,0
mistral_small_3_24b_awq,shared54,best,abc382_b,1,happiness,HHH,101,282,reviewer,0
mistral_small_3_24b_awq,shared54,best,abc382_b,2,happiness,HHH,101,282,reviewer,0
mistral_small_3_24b_awq,shared54,best,abc383_e,0,happiness,HHH,101,282,reviewer,0
mistral_small_3_24b_awq,shared54,best,abc383_e,1,happiness,HHH,101,282,reviewer,0
mistral_small_3_24b_awq,shared54,best,abc383_e,2,happiness,HHH,101,282,reviewer,0
mistral_small_3_24b_awq,shared54,best,abc385_d,0,happiness,HHH,101,282,reviewer,0
mistral_small_3_24b_awq,shared54,best,abc385_d,1,happiness,HHH,101,282,reviewer,0
mistral_small_3_24b_awq,shared54,best,abc385_d,2,happiness,HHH,101,282,reviewer,0
mistral_small_3_24b_awq,shared54,best,abc386_b,0,happiness,HHH,101,282,reviewer,1
mistral_small_3_24b_awq,shared54,best,abc386_b,1,happiness,HHH,101,282,reviewer,0
mistral_small_3_24b_awq,shared54,best,abc386_c,0,happiness,HHH,101,282,reviewer,0
mistral_small_3_24b_awq,shared54,best,abc387_c,0,happiness,HHH,101,282,reviewer,0
mistral_small_3_24b_awq,shared54,best,abc387_c,1,happiness,HHH,101,282,reviewer,0
mistral_small_3_24b_awq,shared54,best,abc387_c,2,happiness,HHH,101,282,reviewer,0
mistral_small_3_24b_awq,shared54,best,abc388_f,0,happiness,HHH,101,282,reviewer,1
mistral_small_3_24b_awq,shared54,best,abc388_f,1,happiness,HHH,101,282,reviewer,1
mistral_small_3_24b_awq,shared54,best,abc388_f,2,happiness,HHH,101,282,reviewer,1
mistral_small_3_24b_awq,shared54,best,abc389_a,0,happiness,HHH,101,282,reviewer,0
mistral_small_3_24b_awq,shared54,best,abc389_d,0,happiness,HHH,101,282,reviewer,0
mistral_small_3_24b_awq,shared54,best,abc389_d,1,happiness,HHH,101,282,reviewer,0
mistral_small_3_24b_awq,shared54,best,abc389_d,2,happiness,HHH,101,282,reviewer,1
mistral_small_3_24b_awq,shared54,best,abc391_a,0,happiness,HHH,101,282,reviewer,0
mistral_small_3_24b_awq,shared54,best,abc391_f,0,happiness,HHH,101,282,reviewer,0
mistral_small_3_24b_awq,shared54,best,abc391_f,1,happiness,HHH,101,282,reviewer,0
mistral_small_3_24b_awq,shared54,best,abc391_f,2,happiness,HHH,101,282,reviewer,0
mistral_small_3_24b_awq,shared54,best,abc392_b,0,happiness,HHH,101,282,reviewer,0
mistral_small_3_24b_awq,shared54,best,abc392_f,0,happiness,HHH,101,282,reviewer,0
mistral_small_3_24b_awq,shared54,best,abc392_f,1,happiness,HHH,101,282,reviewer,0
mistral_small_3_24b_awq,shared54,best,abc392_f,2,happiness,HHH,101,282,reviewer,0
mistral_small_3_24b_awq,shared54,best,abc392_g,0,happiness,HHH,101,282,reviewer,1
mistral_small_3_24b_awq,shared54,best,abc392_g,1,happiness,HHH,101,282,reviewer,0
mistral_small_3_24b_awq,shared54,best,abc392_g,2,happiness,HHH,101,282,reviewer,0
mistral_small_3_24b_awq,shared54,best,abc393_e,0,happiness,HHH,101,282,reviewer,0
mistral_small_3_24b_awq,shared54,best,abc393_e,1,happiness,HHH,101,282,reviewer,0
mistral_small_3_24b_awq,shared54,best,abc393_e,2,happiness,HHH,101,282,reviewer,0
mistral_small_3_24b_awq,shared54,best,abc393_f,0,happiness,HHH,101,282,reviewer,0
mistral_small_3_24b_awq,shared54,best,abc394_a,0,happiness,HHH,101,282,reviewer,0
mistral_small_3_24b_awq,shared54,best,abc394_b,0,happiness,HHH,101,282,reviewer,1
mistral_small_3_24b_awq,shared54,best,abc394_b,1,happiness,HHH,101,282,reviewer,0
mistral_small_3_24b_awq,shared54,best,abc394_e,0,happiness,HHH,101,282,reviewer,1
mistral_small_3_24b_awq,shared54,best,abc394_e,1,happiness,HHH,101,282,reviewer,1
mistral_small_3_24b_awq,shared54,best,abc394_e,2,happiness,HHH,101,282,reviewer,1
mistral_small_3_24b_awq,shared54,best,abc396_a,0,happiness,HHH,101,282,reviewer,1
mistral_small_3_24b_awq,shared54,best,abc396_a,1,happiness,HHH,101,282,reviewer,0
mistral_small_3_24b_awq,shared54,best,abc396_e,0,happiness,HHH,101,282,reviewer,1
mistral_small_3_24b_awq,shared54,best,abc396_e,1,happiness,HHH,101,282,reviewer,1
mistral_small_3_24b_awq,shared54,best,abc396_e,2,happiness,HHH,101,282,reviewer,1
mistral_small_3_24b_awq,shared54,best,abc399_c,0,happiness,HHH,101,282,reviewer,0
mistral_small_3_24b_awq,shared54,best,abc400_e,0,happiness,HHH,101,282,reviewer,0
mistral_small_3_24b_awq,shared54,best,abc400_e,1,happiness,HHH,101,282,reviewer,0
mistral_small_3_24b_awq,shared54,best,abc400_e,2,happiness,HHH,101,282,reviewer,1
mistral_small_3_24b_awq,shared54,best,arc181_b,0,happiness,HHH,101,282,reviewer,1
mistral_small_3_24b_awq,shared54,best,arc181_b,1,happiness,HHH,101,282,reviewer,1
mistral_small_3_24b_awq,shared54,best,arc181_b,2,happiness,HHH,101,282,reviewer,1
mistral_small_3_24b_awq,shared54,best,arc181_c,0,happiness,HHH,101,282,reviewer,0
mistral_small_3_24b_awq,shared54,best,arc181_c,1,happiness,HHH,101,282,reviewer,0
mistral_small_3_24b_awq,shared54,best,arc181_c,2,happiness,HHH,101,282,reviewer,0
mistral_small_3_24b_awq,shared54,best,arc182_c,0,happiness,HHH,101,282,reviewer,0
mistral_small_3_24b_awq,shared54,best,arc182_c,1,happiness,HHH,101,282,reviewer,0
mistral_small_3_24b_awq,shared54,best,arc182_c,2,happiness,HHH,101,282,reviewer,0
mistral_small_3_24b_awq,shared54,best,arc183_d,0,happiness,HHH,101,282,reviewer,1
mistral_small_3_24b_awq,shared54,best,arc183_d,1,happiness,HHH,101,282,reviewer,0
mistral_small_3_24b_awq,shared54,best,arc183_d,2,happiness,HHH,101,282,reviewer,0
mistral_small_3_24b_awq,shared54,best,arc185_e,0,happiness,HHH,101,282,reviewer,0
mistral_small_3_24b_awq,shared54,best,arc185_e,1,happiness,HHH,101,282,reviewer,0
mistral_small_3_24b_awq,shared54,best,arc185_e,2,happiness,HHH,101,282,reviewer,0
mistral_small_3_24b_awq,shared54,best,arc186_b,0,happiness,HHH,101,282,reviewer,0
mistral_small_3_24b_awq,shared54,best,arc186_b,1,happiness,HHH,101,282,reviewer,0
mistral_small_3_24b_awq,shared54,best,arc186_b,2,happiness,HHH,101,282,reviewer,0
mistral_small_3_24b_awq,shared54,best,arc186_c,0,happiness,HHH,101,282,reviewer,0
mistral_small_3_24b_awq,shared54,best,arc186_c,1,happiness,HHH,101,282,reviewer,0
mistral_small_3_24b_awq,shared54,best,arc186_c,2,happiness,HHH,101,282,reviewer,0
mistral_small_3_24b_awq,shared54,best,arc188_d,0,happiness,HHH,101,282,reviewer,0
mistral_small_3_24b_awq,shared54,best,arc188_d,1,happiness,HHH,101,282,reviewer,1
mistral_small_3_24b_awq,shared54,best,arc188_d,2,happiness,HHH,101,282,reviewer,1
mistral_small_3_24b_awq,shared54,best,arc189_c,0,happiness,HHH,101,282,reviewer,0
mistral_small_3_24b_awq,shared54,best,arc189_c,1,happiness,HHH,101,282,reviewer,0
mistral_small_3_24b_awq,shared54,best,arc189_c,2,happiness,HHH,101,282,reviewer,0
mistral_small_3_24b_awq,shared54,best,arc189_d,0,happiness,HHH,101,282,reviewer,0
mistral_small_3_24b_awq,shared54,best,arc189_d,1,happiness,HHH,101,282,reviewer,0
mistral_small_3_24b_awq,shared54,best,arc189_d,2,happiness,HHH,101,282,reviewer,0
mistral_small_3_24b_awq,shared54,best,arc190_a,0,happiness,HHH,101,282,reviewer,1
mistral_small_3_24b_awq,shared54,best,arc190_a,1,happiness,HHH,101,282,reviewer,1
mistral_small_3_24b_awq,shared54,best,arc190_a,2,happiness,HHH,101,282,reviewer,1
mistral_small_3_24b_awq,shared54,best,arc190_c,0,happiness,HHH,101,282,reviewer,0
mistral_small_3_24b_awq,shared54,best,arc190_c,1,happiness,HHH,101,282,reviewer,1
mistral_small_3_24b_awq,shared54,best,arc190_c,2,happiness,HHH,101,282,reviewer,0
mistral_small_3_24b_awq,shared54,best,arc191_a,0,happiness,HHH,101,282,reviewer,1
mistral_small_3_24b_awq,shared54,best,arc191_a,1,happiness,HHH,101,282,reviewer,0
mistral_small_3_24b_awq,shared54,best,arc191_a,2,happiness,HHH,101,282,reviewer,0
mistral_small_3_24b_awq,shared54,best,arc192_a,0,happiness,HHH,101,282,reviewer,1
mistral_small_3_24b_awq,shared54,best,arc192_a,1,happiness,HHH,101,282,reviewer,1
mistral_small_3_24b_awq,shared54,best,arc192_a,2,happiness,HHH,101,282,reviewer,1
mistral_small_3_24b_awq,shared54,best,arc193_a,0,happiness,HHH,101,282,reviewer,0
mistral_small_3_24b_awq,shared54,best,arc193_b,0,happiness,HHH,101,282,reviewer,0
mistral_small_3_24b_awq,shared54,best,arc193_b,1,happiness,HHH,101,282,reviewer,0
mistral_small_3_24b_awq,shared54,best,arc193_b,2,happiness,HHH,101,282,reviewer,0
mistral_small_3_24b_awq,shared54,best,arc194_a,0,happiness,HHH,101,282,reviewer,1
mistral_small_3_24b_awq,shared54,best,arc194_a,1,happiness,HHH,101,282,reviewer,0
mistral_small_3_24b_awq,shared54,best,arc194_a,2,happiness,HHH,101,282,reviewer,1
mistral_small_3_24b_awq,shared54,best,arc194_b,0,happiness,HHH,101,282,reviewer,0
mistral_small_3_24b_awq,shared54,best,arc194_b,1,happiness,HHH,101,282,reviewer,0
mistral_small_3_24b_awq,shared54,best,arc194_b,2,happiness,HHH,101,282,reviewer,0
mistral_small_3_24b_awq,shared54,best,arc195_c,0,happiness,HHH,101,282,reviewer,1
mistral_small_3_24b_awq,shared54,best,arc195_c,1,happiness,HHH,101,282,reviewer,1
mistral_small_3_24b_awq,shared54,best,arc195_c,2,happiness,HHH,101,282,reviewer,1
mistral_small_3_24b_awq,shared54,best,arc195_d,0,happiness,HHH,101,282,reviewer,1
mistral_small_3_24b_awq,shared54,best,arc195_d,1,happiness,HHH,101,282,reviewer,1
mistral_small_3_24b_awq,shared54,best,arc195_d,2,happiness,HHH,101,282,reviewer,1
qwen2.5-32b-awq,shared54,worst,1873_A,0,sadness,LLL,100,282,reviewer,1
qwen2.5-32b-awq,shared54,worst,1873_A,1,sadness,LLL,100,282,reviewer,0
qwen2.5-32b-awq,shared54,worst,1873_A,2,sadness,LLL,100,282,reviewer,0
qwen2.5-32b-awq,shared54,worst,1873_D,0,sadness,LLL,100,282,reviewer,0
qwen2.5-32b-awq,shared54,worst,1873_D,1,sadness,LLL,100,282,reviewer,1
qwen2.5-32b-awq,shared54,worst,1873_D,2,sadness,LLL,100,282,reviewer,0
qwen2.5-32b-awq,shared54,worst,1883_B,0,sadness,LLL,100,282,reviewer,0
qwen2.5-32b-awq,shared54,worst,1883_C,0,sadness,LLL,100,282,reviewer,1
qwen2.5-32b-awq,shared54,worst,1883_C,1,sadness,LLL,100,282,reviewer,1
qwen2.5-32b-awq,shared54,worst,1883_C,2,sadness,LLL,100,282,reviewer,0
qwen2.5-32b-awq,shared54,worst,1899_B,0,sadness,LLL,100,282,reviewer,0
qwen2.5-32b-awq,shared54,worst,1899_B,1,sadness,LLL,100,282,reviewer,0
qwen2.5-32b-awq,shared54,worst,2777,0,sadness,LLL,100,282,reviewer,0
qwen2.5-32b-awq,shared54,worst,2777,1,sadness,LLL,100,282,reviewer,0
qwen2.5-32b-awq,shared54,worst,2777,2,sadness,LLL,100,282,reviewer,0
qwen2.5-32b-awq,shared54,worst,2784,0,sadness,LLL,100,282,reviewer,1
qwen2.5-32b-awq,shared54,worst,2784,1,sadness,LLL,100,282,reviewer,1
qwen2.5-32b-awq,shared54,worst,2784,2,sadness,LLL,100,282,reviewer,0
qwen2.5-32b-awq,shared54,worst,2808,0,sadness,LLL,100,282,reviewer,1
qwen2.5-32b-awq,shared54,worst,2808,1,sadness,LLL,100,282,reviewer,1
qwen2.5-32b-awq,shared54,worst,2808,2,sadness,LLL,100,282,reviewer,1
qwen2.5-32b-awq,shared54,worst,2811,0,sadness,LLL,100,282,reviewer,0
qwen2.5-32b-awq,shared54,worst,2811,1,sadness,LLL,100,282,reviewer,0
qwen2.5-32b-awq,shared54,worst,2811,2,sadness,LLL,100,282,reviewer,0
qwen2.5-32b-awq,shared54,worst,2812,0,sadness,LLL,100,282,reviewer,0
qwen2.5-32b-awq,shared54,worst,2816,0,sadness,LLL,100,282,reviewer,0
qwen2.5-32b-awq,shared54,worst,2816,1,sadness,LLL,100,282,reviewer,0
qwen2.5-32b-awq,shared54,worst,2816,2,sadness,LLL,100,282,reviewer,0
qwen2.5-32b-awq,shared54,worst,2817,0,sadness,LLL,100,282,reviewer,1
qwen2.5-32b-awq,shared54,worst,2817,1,sadness,LLL,100,282,reviewer,1
qwen2.5-32b-awq,shared54,worst,2817,2,sadness,LLL,100,282,reviewer,0
qwen2.5-32b-awq,shared54,worst,2825,0,sadness,LLL,100,282,reviewer,0
qwen2.5-32b-awq,shared54,worst,2833,0,sadness,LLL,100,282,reviewer,0
qwen2.5-32b-awq,shared54,worst,2833,1,sadness,LLL,100,282,reviewer,0
qwen2.5-32b-awq,shared54,worst,2833,2,sadness,LLL,100,282,reviewer,0
qwen2.5-32b-awq,shared54,worst,2847,0,sadness,LLL,100,282,reviewer,0
qwen2.5-32b-awq,shared54,worst,2847,1,sadness,LLL,100,282,reviewer,0
qwen2.5-32b-awq,shared54,worst,2847,2,sadness,LLL,100,282,reviewer,0
qwen2.5-32b-awq,shared54,worst,2849,0,sadness,LLL,100,282,reviewer,0
qwen2.5-32b-awq,shared54,worst,2849,1,sadness,LLL,100,282,reviewer,1
qwen2.5-32b-awq,shared54,worst,2849,2,sadness,LLL,100,282,reviewer,0
qwen2.5-32b-awq,shared54,worst,2868,0,sadness,LLL,100,282,reviewer,0
qwen2.5-32b-awq,shared54,worst,2868,1,sadness,LLL,100,282,reviewer,0
qwen2.5-32b-awq,shared54,worst,2868,2,sadness,LLL,100,282,reviewer,0
qwen2.5-32b-awq,shared54,worst,2870,0,sadness,LLL,100,282,reviewer,0
qwen2.5-32b-awq,shared54,worst,2870,1,sadness,LLL,100,282,reviewer,0
qwen2.5-32b-awq,shared54,worst,2870,2,sadness,LLL,100,282,reviewer,0
qwen2.5-32b-awq,shared54,worst,2882,0,sadness,LLL,100,282,reviewer,1
qwen2.5-32b-awq,shared54,worst,2882,1,sadness,LLL,100,282,reviewer,1
qwen2.5-32b-awq,shared54,worst,2882,2,sadness,LLL,100,282,reviewer,0
qwen2.5-32b-awq,shared54,worst,2886,0,sadness,LLL,100,282,reviewer,0
qwen2.5-32b-awq,shared54,worst,2886,1,sadness,LLL,100,282,reviewer,0
qwen2.5-32b-awq,shared54,worst,2902,0,sadness,LLL,100,282,reviewer,0
qwen2.5-32b-awq,shared54,worst,2902,1,sadness,LLL,100,282,reviewer,0
qwen2.5-32b-awq,shared54,worst,2902,2,sadness,LLL,100,282,reviewer,0
qwen2.5-32b-awq,shared54,worst,2915,0,sadness,LLL,100,282,reviewer,0
qwen2.5-32b-awq,shared54,worst,2915,1,sadness,LLL,100,282,reviewer,0
qwen2.5-32b-awq,shared54,worst,2915,2,sadness,LLL,100,282,reviewer,0
qwen2.5-32b-awq,shared54,worst,2919,0,sadness,LLL,100,282,reviewer,1
qwen2.5-32b-awq,shared54,worst,2919,1,sadness,LLL,100,282,reviewer,0
qwen2.5-32b-awq,shared54,worst,2919,2,sadness,LLL,100,282,reviewer,0
qwen2.5-32b-awq,shared54,worst,2921,0,sadness,LLL,100,282,reviewer,0
qwen2.5-32b-awq,shared54,worst,2921,1,sadness,LLL,100,282,reviewer,0
qwen2.5-32b-awq,shared54,worst,2921,2,sadness,LLL,100,282,reviewer,0
qwen2.5-32b-awq,shared54,worst,2952,0,sadness,LLL,100,282,reviewer,0
qwen2.5-32b-awq,shared54,worst,2952,1,sadness,LLL,100,282,reviewer,1
qwen2.5-32b-awq,shared54,worst,2952,2,sadness,LLL,100,282,reviewer,0
qwen2.5-32b-awq,shared54,worst,2954,0,sadness,LLL,100,282,reviewer,0
qwen2.5-32b-awq,shared54,worst,2955,0,sadness,LLL,100,282,reviewer,0
qwen2.5-32b-awq,shared54,worst,2977,0,sadness,LLL,100,282,reviewer,0
qwen2.5-32b-awq,shared54,worst,2998,0,sadness,LLL,100,282,reviewer,0
qwen2.5-32b-awq,shared54,worst,2998,1,sadness,LLL,100,282,reviewer,0
qwen2.5-32b-awq,shared54,worst,2998,2,sadness,LLL,100,282,reviewer,0
qwen2.5-32b-awq,shared54,worst,3024,0,sadness,LLL,100,282,reviewer,0
qwen2.5-32b-awq,shared54,worst,3024,1,sadness,LLL,100,282,reviewer,0
qwen2.5-32b-awq,shared54,worst,3024,2,sadness,LLL,100,282,reviewer,0
qwen2.5-32b-awq,shared54,worst,3025,0,sadness,LLL,100,282,reviewer,0
qwen2.5-32b-awq,shared54,worst,3025,1,sadness,LLL,100,282,reviewer,0
qwen2.5-32b-awq,shared54,worst,3025,2,sadness,LLL,100,282,reviewer,1
qwen2.5-32b-awq,shared54,worst,3032,0,sadness,LLL,100,282,reviewer,1
qwen2.5-32b-awq,shared54,worst,3032,1,sadness,LLL,100,282,reviewer,0
qwen2.5-32b-awq,shared54,worst,3044,0,sadness,LLL,100,282,reviewer,0
qwen2.5-32b-awq,shared54,worst,3044,1,sadness,LLL,100,282,reviewer,0
qwen2.5-32b-awq,shared54,worst,3044,2,sadness,LLL,100,282,reviewer,0
qwen2.5-32b-awq,shared54,worst,3055,0,sadness,LLL,100,282,reviewer,0
qwen2.5-32b-awq,shared54,worst,3055,1,sadness,LLL,100,282,reviewer,0
qwen2.5-32b-awq,shared54,worst,3055,2,sadness,LLL,100,282,reviewer,0
qwen2.5-32b-awq,shared54,worst,3166,0,sadness,LLL,100,282,reviewer,1
qwen2.5-32b-awq,shared54,worst,3166,1,sadness,LLL,100,282,reviewer,0
qwen2.5-32b-awq,shared54,worst,3166,2,sadness,LLL,100,282,reviewer,1
qwen2.5-32b-awq,shared54,worst,3188,0,sadness,LLL,100,282,reviewer,0
qwen2.5-32b-awq,shared54,worst,3192,0,sadness,LLL,100,282,reviewer,0
qwen2.5-32b-awq,shared54,worst,3192,1,sadness,LLL,100,282,reviewer,0
qwen2.5-32b-awq,shared54,worst,3192,2,sadness,LLL,100,282,reviewer,0
qwen2.5-32b-awq,shared54,worst,3193,0,sadness,LLL,100,282,reviewer,0
qwen2.5-32b-awq,shared54,worst,3193,1,sadness,LLL,100,282,reviewer,0
qwen2.5-32b-awq,shared54,worst,3193,2,sadness,LLL,100,282,reviewer,0
qwen2.5-32b-awq,shared54,worst,3195,0,sadness,LLL,100,282,reviewer,0
qwen2.5-32b-awq,shared54,worst,3195,1,sadness,LLL,100,282,reviewer,0
qwen2.5-32b-awq,shared54,worst,3195,2,sadness,LLL,100,282,reviewer,0
qwen2.5-32b-awq,shared54,worst,3203,0,sadness,LLL,100,282,reviewer,0
qwen2.5-32b-awq,shared54,worst,3203,1,sadness,LLL,100,282,reviewer,0
qwen2.5-32b-awq,shared54,worst,3203,2,sadness,LLL,100,282,reviewer,1
qwen2.5-32b-awq,shared54,worst,3213,0,sadness,LLL,100,282,reviewer,1
qwen2.5-32b-awq,shared54,worst,3213,1,sadness,LLL,100,282,reviewer,1
qwen2.5-32b-awq,shared54,worst,3213,2,sadness,LLL,100,282,reviewer,1
qwen2.5-32b-awq,shared54,worst,3220,0,sadness,LLL,100,282,reviewer,1
qwen2.5-32b-awq,shared54,worst,3220,1,sadness,LLL,100,282,reviewer,0
qwen2.5-32b-awq,shared54,worst,3220,2,sadness,LLL,100,282,reviewer,1
qwen2.5-32b-awq,shared54,worst,3223,0,sadness,LLL,100,282,reviewer,0
qwen2.5-32b-awq,shared54,worst,3223,1,sadness,LLL,100,282,reviewer,0
qwen2.5-32b-awq,shared54,worst,3223,2,sadness,LLL,100,282,reviewer,0
qwen2.5-32b-awq,shared54,worst,3225,0,sadness,LLL,100,282,reviewer,0
qwen2.5-32b-awq,shared54,worst,3225,1,sadness,LLL,100,282,reviewer,0
qwen2.5-32b-awq,shared54,worst,3229,0,sadness,LLL,100,282,reviewer,0
qwen2.5-32b-awq,shared54,worst,3243,0,sadness,LLL,100,282,reviewer,1
qwen2.5-32b-awq,shared54,worst,3243,1,sadness,LLL,100,282,reviewer,0
qwen2.5-32b-awq,shared54,worst,3243,2,sadness,LLL,100,282,reviewer,1
qwen2.5-32b-awq,shared54,worst,3246,0,sadness,LLL,100,282,reviewer,0
qwen2.5-32b-awq,shared54,worst,3249,0,sadness,LLL,100,282,reviewer,0
qwen2.5-32b-awq,shared54,worst,3249,1,sadness,LLL,100,282,reviewer,0
qwen2.5-32b-awq,shared54,worst,3249,2,sadness,LLL,100,282,reviewer,0
qwen2.5-32b-awq,shared54,worst,3251,0,sadness,LLL,100,282,reviewer,0
qwen2.5-32b-awq,shared54,worst,3251,1,sadness,LLL,100,282,reviewer,0
qwen2.5-32b-awq,shared54,worst,3261,0,sadness,LLL,100,282,reviewer,0
qwen2.5-32b-awq,shared54,worst,3261,1,sadness,LLL,100,282,reviewer,0
qwen2.5-32b-awq,shared54,worst,3261,2,sadness,LLL,100,282,reviewer,0
qwen2.5-32b-awq,shared54,worst,3263,0,sadness,LLL,100,282,reviewer,0
qwen2.5-32b-awq,shared54,worst,3263,1,sadness,LLL,100,282,reviewer,0
qwen2.5-32b-awq,shared54,worst,3263,2,sadness,LLL,100,282,reviewer,0
qwen2.5-32b-awq,shared54,worst,3265,0,sadness,LLL,100,282,reviewer,0
qwen2.5-32b-awq,shared54,worst,3265,1,sadness,LLL,100,282,reviewer,0
qwen2.5-32b-awq,shared54,worst,3265,2,sadness,LLL,100,282,reviewer,0
qwen2.5-32b-awq,shared54,worst,3269,0,sadness,LLL,100,282,reviewer,0
qwen2.5-32b-awq,shared54,worst,3298,0,sadness,LLL,100,282,reviewer,0
qwen2.5-32b-awq,shared54,worst,3298,1,sadness,LLL,100,282,reviewer,0
qwen2.5-32b-awq,shared54,worst,3298,2,sadness,LLL,100,282,reviewer,0
qwen2.5-32b-awq,shared54,worst,3312,0,sadness,LLL,100,282,reviewer,0
qwen2.5-32b-awq,shared54,worst,3312,1,sadness,LLL,100,282,reviewer,0
qwen2.5-32b-awq,shared54,worst,3312,2,sadness,LLL,100,282,reviewer,0
qwen2.5-32b-awq,shared54,worst,3324,0,sadness,LLL,100,282,reviewer,0
qwen2.5-32b-awq,shared54,worst,3324,1,sadness,LLL,100,282,reviewer,0
qwen2.5-32b-awq,shared54,worst,3329,0,sadness,LLL,100,282,reviewer,0
qwen2.5-32b-awq,shared54,worst,3329,1,sadness,LLL,100,282,reviewer,0
qwen2.5-32b-awq,shared54,worst,3329,2,sadness,LLL,100,282,reviewer,0
qwen2.5-32b-awq,shared54,worst,3345,0,sadness,LLL,100,282,reviewer,1
qwen2.5-32b-awq,shared54,worst,3345,1,sadness,LLL,100,282,reviewer,0
qwen2.5-32b-awq,shared54,worst,3345,2,sadness,LLL,100,282,reviewer,0
qwen2.5-32b-awq,shared54,worst,3362,0,sadness,LLL,100,282,reviewer,0
qwen2.5-32b-awq,shared54,worst,3362,1,sadness,LLL,100,282,reviewer,0
qwen2.5-32b-awq,shared54,worst,3362,2,sadness,LLL,100,282,reviewer,0
qwen2.5-32b-awq,shared54,worst,3388,0,sadness,LLL,100,282,reviewer,1
qwen2.5-32b-awq,shared54,worst,3388,1,sadness,LLL,100,282,reviewer,0
qwen2.5-32b-awq,shared54,worst,3394,0,sadness,LLL,100,282,reviewer,0
qwen2.5-32b-awq,shared54,worst,3394,1,sadness,LLL,100,282,reviewer,0
qwen2.5-32b-awq,shared54,worst,3394,2,sadness,LLL,100,282,reviewer,0
qwen2.5-32b-awq,shared54,worst,3402,0,sadness,LLL,100,282,reviewer,0
qwen2.5-32b-awq,shared54,worst,3402,1,sadness,LLL,100,282,reviewer,1
qwen2.5-32b-awq,shared54,worst,3402,2,sadness,LLL,100,282,reviewer,0
qwen2.5-32b-awq,shared54,worst,3408,0,sadness,LLL,100,282,reviewer,0
qwen2.5-32b-awq,shared54,worst,3408,1,sadness,LLL,100,282,reviewer,0
qwen2.5-32b-awq,shared54,worst,3408,2,sadness,LLL,100,282,reviewer,0
qwen2.5-32b-awq,shared54,worst,3412,0,sadness,LLL,100,282,reviewer,0
qwen2.5-32b-awq,shared54,worst,3412,1,sadness,LLL,100,282,reviewer,0
qwen2.5-32b-awq,shared54,worst,3412,2,sadness,LLL,100,282,reviewer,0
qwen2.5-32b-awq,shared54,worst,3421,0,sadness,LLL,100,282,reviewer,1
qwen2.5-32b-awq,shared54,worst,3421,1,sadness,LLL,100,282,reviewer,0
qwen2.5-32b-awq,shared54,worst,3421,2,sadness,LLL,100,282,reviewer,0
qwen2.5-32b-awq,shared54,worst,3426,0,sadness,LLL,100,282,reviewer,0
qwen2.5-32b-awq,shared54,worst,3464,0,sadness,LLL,100,282,reviewer,0
qwen2.5-32b-awq,shared54,worst,3464,1,sadness,LLL,100,282,reviewer,0
qwen2.5-32b-awq,shared54,worst,3464,2,sadness,LLL,100,282,reviewer,0
qwen2.5-32b-awq,shared54,worst,3471,0,sadness,LLL,100,282,reviewer,0
qwen2.5-32b-awq,shared54,worst,3471,1,sadness,LLL,100,282,reviewer,0
qwen2.5-32b-awq,shared54,worst,3476,0,sadness,LLL,100,282,reviewer,0
qwen2.5-32b-awq,shared54,worst,3476,1,sadness,LLL,100,282,reviewer,0
qwen2.5-32b-awq,shared54,worst,3476,2,sadness,LLL,100,282,reviewer,0
qwen2.5-32b-awq,shared54,worst,3478,0,sadness,LLL,100,282,reviewer,1
qwen2.5-32b-awq,shared54,worst,3478,1,sadness,LLL,100,282,reviewer,0
qwen2.5-32b-awq,shared54,worst,3478,2,sadness,LLL,100,282,reviewer,1
qwen2.5-32b-awq,shared54,worst,3490,0,sadness,LLL,100,282,reviewer,0
qwen2.5-32b-awq,shared54,worst,3490,1,sadness,LLL,100,282,reviewer,0
qwen2.5-32b-awq,shared54,worst,3490,2,sadness,LLL,100,282,reviewer,0
qwen2.5-32b-awq,shared54,worst,3495,0,sadness,LLL,100,282,reviewer,0
qwen2.5-32b-awq,shared54,worst,3495,1,sadness,LLL,100,282,reviewer,0
qwen2.5-32b-awq,shared54,worst,3495,2,sadness,LLL,100,282,reviewer,0
qwen2.5-32b-awq,shared54,worst,3496,0,sadness,LLL,100,282,reviewer,1
qwen2.5-32b-awq,shared54,worst,3496,1,sadness,LLL,100,282,reviewer,0
qwen2.5-32b-awq,shared54,worst,3496,2,sadness,LLL,100,282,reviewer,0
qwen2.5-32b-awq,shared54,worst,3510,0,sadness,LLL,100,282,reviewer,1
qwen2.5-32b-awq,shared54,worst,3510,1,sadness,LLL,100,282,reviewer,0
qwen2.5-32b-awq,shared54,worst,3510,2,sadness,LLL,100,282,reviewer,0
qwen2.5-32b-awq,shared54,worst,3515,0,sadness,LLL,100,282,reviewer,0
qwen2.5-32b-awq,shared54,worst,3515,1,sadness,LLL,100,282,reviewer,0
qwen2.5-32b-awq,shared54,worst,3515,2,sadness,LLL,100,282,reviewer,0
qwen2.5-32b-awq,shared54,worst,3517,0,sadness,LLL,100,282,reviewer,0
qwen2.5-32b-awq,shared54,worst,3517,1,sadness,LLL,100,282,reviewer,0
qwen2.5-32b-awq,shared54,worst,3517,2,sadness,LLL,100,282,reviewer,0
qwen2.5-32b-awq,shared54,worst,3518,0,sadness,LLL,100,282,reviewer,0
qwen2.5-32b-awq,shared54,worst,3518,1,sadness,LLL,100,282,reviewer,0
qwen2.5-32b-awq,shared54,worst,3518,2,sadness,LLL,100,282,reviewer,0
qwen2.5-32b-awq,shared54,worst,3527,0,sadness,LLL,100,282,reviewer,0
qwen2.5-32b-awq,shared54,worst,3527,1,sadness,LLL,100,282,reviewer,0
qwen2.5-32b-awq,shared54,worst,3527,2,sadness,LLL,100,282,reviewer,0
qwen2.5-32b-awq,shared54,worst,3534,0,sadness,LLL,100,282,reviewer,0
qwen2.5-32b-awq,shared54,worst,3534,1,sadness,LLL,100,282,reviewer,0
qwen2.5-32b-awq,shared54,worst,3534,2,sadness,LLL,100,282,reviewer,0
qwen2.5-32b-awq,shared54,worst,3535,0,sadness,LLL,100,282,reviewer,0
qwen2.5-32b-awq,shared54,worst,3535,1,sadness,LLL,100,282,reviewer,0
qwen2.5-32b-awq,shared54,worst,3535,2,sadness,LLL,100,282,reviewer,0
qwen2.5-32b-awq,shared54,worst,3551,0,sadness,LLL,100,282,reviewer,0
qwen2.5-32b-awq,shared54,worst,3551,1,sadness,LLL,100,282,reviewer,0
qwen2.5-32b-awq,shared54,worst,3551,2,sadness,LLL,100,282,reviewer,1
qwen2.5-32b-awq,shared54,worst,3555,0,sadness,LLL,100,282,reviewer,0
qwen2.5-32b-awq,shared54,worst,3555,1,sadness,LLL,100,282,reviewer,0
qwen2.5-32b-awq,shared54,worst,3555,2,sadness,LLL,100,282,reviewer,1
qwen2.5-32b-awq,shared54,worst,3559,0,sadness,LLL,100,282,reviewer,0
qwen2.5-32b-awq,shared54,worst,3559,1,sadness,LLL,100,282,reviewer,0
qwen2.5-32b-awq,shared54,worst,3559,2,sadness,LLL,100,282,reviewer,0
qwen2.5-32b-awq,shared54,worst,3560,0,sadness,LLL,100,282,reviewer,0
qwen2.5-32b-awq,shared54,worst,3567,0,sadness,LLL,100,282,reviewer,0
qwen2.5-32b-awq,shared54,worst,3567,1,sadness,LLL,100,282,reviewer,0
qwen2.5-32b-awq,shared54,worst,3571,0,sadness,LLL,100,282,reviewer,0
qwen2.5-32b-awq,shared54,worst,3571,1,sadness,LLL,100,282,reviewer,1
qwen2.5-32b-awq,shared54,worst,3571,2,sadness,LLL,100,282,reviewer,0
qwen2.5-32b-awq,shared54,worst,3603,0,sadness,LLL,100,282,reviewer,0
qwen2.5-32b-awq,shared54,worst,3603,1,sadness,LLL,100,282,reviewer,0
qwen2.5-32b-awq,shared54,worst,3603,2,sadness,LLL,100,282,reviewer,0
qwen2.5-32b-awq,shared54,worst,3605,0,sadness,LLL,100,282,reviewer,0
qwen2.5-32b-awq,shared54,worst,3605,1,sadness,LLL,100,282,reviewer,0
qwen2.5-32b-awq,shared54,worst,3605,2,sadness,LLL,100,282,reviewer,0
qwen2.5-32b-awq,shared54,worst,3607,0,sadness,LLL,100,282,reviewer,0
qwen2.5-32b-awq,shared54,worst,3607,1,sadness,LLL,100,282,reviewer,0
qwen2.5-32b-awq,shared54,worst,3607,2,sadness,LLL,100,282,reviewer,0
qwen2.5-32b-awq,shared54,worst,3621,0,sadness,LLL,100,282,reviewer,1
qwen2.5-32b-awq,shared54,worst,3621,1,sadness,LLL,100,282,reviewer,0
qwen2.5-32b-awq,shared54,worst,3621,2,sadness,LLL,100,282,reviewer,0
qwen2.5-32b-awq,shared54,worst,3629,0,sadness,LLL,100,282,reviewer,0
qwen2.5-32b-awq,shared54,worst,3629,1,sadness,LLL,100,282,reviewer,0
qwen2.5-32b-awq,shared54,worst,3629,2,sadness,LLL,100,282,reviewer,0
qwen2.5-32b-awq,shared54,worst,3637,0,sadness,LLL,100,282,reviewer,0
qwen2.5-32b-awq,shared54,worst,3637,1,sadness,LLL,100,282,reviewer,0
qwen2.5-32b-awq,shared54,worst,3637,2,sadness,LLL,100,282,reviewer,0
qwen2.5-32b-awq,shared54,worst,3647,0,sadness,LLL,100,282,reviewer,0
qwen2.5-32b-awq,shared54,worst,3647,1,sadness,LLL,100,282,reviewer,0
qwen2.5-32b-awq,shared54,worst,3647,2,sadness,LLL,100,282,reviewer,0
qwen2.5-32b-awq,shared54,worst,3648,0,sadness,LLL,100,282,reviewer,0
qwen2.5-32b-awq,shared54,worst,3648,1,sadness,LLL,100,282,reviewer,0
qwen2.5-32b-awq,shared54,worst,3648,2,sadness,LLL,100,282,reviewer,0
qwen2.5-32b-awq,shared54,worst,3649,0,sadness,LLL,100,282,reviewer,0
qwen2.5-32b-awq,shared54,worst,3649,1,sadness,LLL,100,282,reviewer,0
qwen2.5-32b-awq,shared54,worst,3649,2,sadness,LLL,100,282,reviewer,0
qwen2.5-32b-awq,shared54,worst,3657,0,sadness,LLL,100,282,reviewer,0
qwen2.5-32b-awq,shared54,worst,3657,1,sadness,LLL,100,282,reviewer,0
qwen2.5-32b-awq,shared54,worst,3657,2,sadness,LLL,100,282,reviewer,0
qwen2.5-32b-awq,shared54,worst,3674,0,sadness,LLL,100,282,reviewer,0
qwen2.5-32b-awq,shared54,worst,3674,1,sadness,LLL,100,282,reviewer,1
qwen2.5-32b-awq,shared54,worst,3674,2,sadness,LLL,100,282,reviewer,0
qwen2.5-32b-awq,shared54,worst,3676,0,sadness,LLL,100,282,reviewer,0
qwen2.5-32b-awq,shared54,worst,3676,1,sadness,LLL,100,282,reviewer,0
qwen2.5-32b-awq,shared54,worst,3680,0,sadness,LLL,100,282,reviewer,0
qwen2.5-32b-awq,shared54,worst,3680,1,sadness,LLL,100,282,reviewer,1
qwen2.5-32b-awq,shared54,worst,3680,2,sadness,LLL,100,282,reviewer,0
qwen2.5-32b-awq,shared54,worst,3683,0,sadness,LLL,100,282,reviewer,0
qwen2.5-32b-awq,shared54,worst,3683,1,sadness,LLL,100,282,reviewer,0
qwen2.5-32b-awq,shared54,worst,3683,2,sadness,LLL,100,282,reviewer,0
qwen2.5-32b-awq,shared54,worst,3686,0,sadness,LLL,100,282,reviewer,0
qwen2.5-32b-awq,shared54,worst,3686,1,sadness,LLL,100,282,reviewer,0
qwen2.5-32b-awq,shared54,worst,3686,2,sadness,LLL,100,282,reviewer,0
qwen2.5-32b-awq,shared54,worst,3696,0,sadness,LLL,100,282,reviewer,0
qwen2.5-32b-awq,shared54,worst,3696,1,sadness,LLL,100,282,reviewer,0
qwen2.5-32b-awq,shared54,worst,3696,2,sadness,LLL,100,282,reviewer,0
qwen2.5-32b-awq,shared54,worst,3700,0,sadness,LLL,100,282,reviewer,0
qwen2.5-32b-awq,shared54,worst,3700,1,sadness,LLL,100,282,reviewer,0
qwen2.5-32b-awq,shared54,worst,3700,2,sadness,LLL,100,282,reviewer,0
qwen2.5-32b-awq,shared54,worst,3702,0,sadness,LLL,100,282,reviewer,0
qwen2.5-32b-awq,shared54,worst,3702,1,sadness,LLL,100,282,reviewer,1
qwen2.5-32b-awq,shared54,worst,3702,2,sadness,LLL,100,282,reviewer,0
qwen2.5-32b-awq,shared54,worst,3704,0,sadness,LLL,100,282,reviewer,0
qwen2.5-32b-awq,shared54,worst,3709,0,sadness,LLL,100,282,reviewer,0
qwen2.5-32b-awq,shared54,worst,3709,1,sadness,LLL,100,282,reviewer,0
qwen2.5-32b-awq,shared54,worst,3709,2,sadness,LLL,100,282,reviewer,0
qwen2.5-32b-awq,shared54,worst,3714,0,sadness,LLL,100,282,reviewer,0
qwen2.5-32b-awq,shared54,worst,3714,1,sadness,LLL,100,282,reviewer,0
qwen2.5-32b-awq,shared54,worst,3714,2,sadness,LLL,100,282,reviewer,0
qwen2.5-32b-awq,shared54,worst,3722,0,sadness,LLL,100,282,reviewer,0
qwen2.5-32b-awq,shared54,worst,3722,1,sadness,LLL,100,282,reviewer,1
qwen2.5-32b-awq,shared54,worst,3722,2,sadness,LLL,100,282,reviewer,0
qwen2.5-32b-awq,shared54,worst,3731,0,sadness,LLL,100,282,reviewer,0
qwen2.5-32b-awq,shared54,worst,3731,1,sadness,LLL,100,282,reviewer,0
qwen2.5-32b-awq,shared54,worst,3736,0,sadness,LLL,100,282,reviewer,0
qwen2.5-32b-awq,shared54,worst,3736,1,sadness,LLL,100,282,reviewer,0
qwen2.5-32b-awq,shared54,worst,3736,2,sadness,LLL,100,282,reviewer,0
qwen2.5-32b-awq,shared54,worst,3743,0,sadness,LLL,100,282,reviewer,0
qwen2.5-32b-awq,shared54,worst,3743,1,sadness,LLL,100,282,reviewer,1
qwen2.5-32b-awq,shared54,worst,3743,2,sadness,LLL,100,282,reviewer,0
qwen2.5-32b-awq,shared54,worst,3744,0,sadness,LLL,100,282,reviewer,1
qwen2.5-32b-awq,shared54,worst,3744,1,sadness,LLL,100,282,reviewer,0
qwen2.5-32b-awq,shared54,worst,3744,2,sadness,LLL,100,282,reviewer,0
qwen2.5-32b-awq,shared54,worst,3751,0,sadness,LLL,100,282,reviewer,0
qwen2.5-32b-awq,shared54,worst,3751,1,sadness,LLL,100,282,reviewer,0
qwen2.5-32b-awq,shared54,worst,3751,2,sadness,LLL,100,282,reviewer,1
qwen2.5-32b-awq,shared54,worst,3771,0,sadness,LLL,100,282,reviewer,1
qwen2.5-32b-awq,shared54,worst,3771,1,sadness,LLL,100,282,reviewer,0
qwen2.5-32b-awq,shared54,worst,3771,2,sadness,LLL,100,282,reviewer,0
qwen2.5-32b-awq,shared54,worst,3785,0,sadness,LLL,100,282,reviewer,0
qwen2.5-32b-awq,shared54,worst,3785,1,sadness,LLL,100,282,reviewer,0
qwen2.5-32b-awq,shared54,worst,3785,2,sadness,LLL,100,282,reviewer,0
qwen2.5-32b-awq,shared54,worst,3786,0,sadness,LLL,100,282,reviewer,0
qwen2.5-32b-awq,shared54,worst,3786,1,sadness,LLL,100,282,reviewer,0
qwen2.5-32b-awq,shared54,worst,3786,2,sadness,LLL,100,282,reviewer,0
qwen2.5-32b-awq,shared54,worst,3793,0,sadness,LLL,100,282,reviewer,0
qwen2.5-32b-awq,shared54,worst,3793,1,sadness,LLL,100,282,reviewer,0
qwen2.5-32b-awq,shared54,worst,3793,2,sadness,LLL,100,282,reviewer,0
qwen2.5-32b-awq,shared54,worst,abc301_b,0,sadness,LLL,100,282,reviewer,0
qwen2.5-32b-awq,shared54,worst,abc301_b,1,sadness,LLL,100,282,reviewer,0
qwen2.5-32b-awq,shared54,worst,abc301_b,2,sadness,LLL,100,282,reviewer,0
qwen2.5-32b-awq,shared54,worst,abc301_e,0,sadness,LLL,100,282,reviewer,0
qwen2.5-32b-awq,shared54,worst,abc301_e,1,sadness,LLL,100,282,reviewer,0
qwen2.5-32b-awq,shared54,worst,abc301_e,2,sadness,LLL,100,282,reviewer,1
qwen2.5-32b-awq,shared54,worst,abc302_e,0,sadness,LLL,100,282,reviewer,0
qwen2.5-32b-awq,shared54,worst,abc302_e,1,sadness,LLL,100,282,reviewer,0
qwen2.5-32b-awq,shared54,worst,abc302_e,2,sadness,LLL,100,282,reviewer,0
qwen2.5-32b-awq,shared54,worst,abc303_a,0,sadness,LLL,100,282,reviewer,1
qwen2.5-32b-awq,shared54,worst,abc303_a,1,sadness,LLL,100,282,reviewer,0
qwen2.5-32b-awq,shared54,worst,abc303_b,0,sadness,LLL,100,282,reviewer,0
qwen2.5-32b-awq,shared54,worst,abc303_d,0,sadness,LLL,100,282,reviewer,0
qwen2.5-32b-awq,shared54,worst,abc303_d,1,sadness,LLL,100,282,reviewer,0
qwen2.5-32b-awq,shared54,worst,abc303_d,2,sadness,LLL,100,282,reviewer,0
qwen2.5-32b-awq,shared54,worst,abc303_e,0,sadness,LLL,100,282,reviewer,0
qwen2.5-32b-awq,shared54,worst,abc303_e,1,sadness,LLL,100,282,reviewer,0
qwen2.5-32b-awq,shared54,worst,abc303_e,2,sadness,LLL,100,282,reviewer,0
qwen2.5-32b-awq,shared54,worst,abc304_a,0,sadness,LLL,100,282,reviewer,0
qwen2.5-32b-awq,shared54,worst,abc304_a,1,sadness,LLL,100,282,reviewer,0
qwen2.5-32b-awq,shared54,worst,abc304_a,2,sadness,LLL,100,282,reviewer,1
qwen2.5-32b-awq,shared54,worst,abc307_a,0,sadness,LLL,100,282,reviewer,0
qwen2.5-32b-awq,shared54,worst,abc307_a,1,sadness,LLL,100,282,reviewer,0
qwen2.5-32b-awq,shared54,worst,abc307_b,0,sadness,LLL,100,282,reviewer,0
qwen2.5-32b-awq,shared54,worst,abc309_c,0,sadness,LLL,100,282,reviewer,0
qwen2.5-32b-awq,shared54,worst,abc309_c,1,sadness,LLL,100,282,reviewer,1
qwen2.5-32b-awq,shared54,worst,abc309_c,2,sadness,LLL,100,282,reviewer,0
qwen2.5-32b-awq,shared54,worst,abc309_d,0,sadness,LLL,100,282,reviewer,0
qwen2.5-32b-awq,shared54,worst,abc309_d,1,sadness,LLL,100,282,reviewer,0
qwen2.5-32b-awq,shared54,worst,abc309_d,2,sadness,LLL,100,282,reviewer,0
qwen2.5-32b-awq,shared54,worst,abc309_e,0,sadness,LLL,100,282,reviewer,1
qwen2.5-32b-awq,shared54,worst,abc309_e,1,sadness,LLL,100,282,reviewer,0
qwen2.5-32b-awq,shared54,worst,abc309_e,2,sadness,LLL,100,282,reviewer,0
qwen2.5-32b-awq,shared54,worst,abc310_b,0,sadness,LLL,100,282,reviewer,0
qwen2.5-32b-awq,shared54,worst,abc310_b,1,sadness,LLL,100,282,reviewer,0
qwen2.5-32b-awq,shared54,worst,abc310_b,2,sadness,LLL,100,282,reviewer,0
qwen2.5-32b-awq,shared54,worst,abc310_c,0,sadness,LLL,100,282,reviewer,0
qwen2.5-32b-awq,shared54,worst,abc310_c,1,sadness,LLL,100,282,reviewer,0
qwen2.5-32b-awq,shared54,worst,abc310_c,2,sadness,LLL,100,282,reviewer,0
qwen2.5-32b-awq,shared54,worst,abc310_f,0,sadness,LLL,100,282,reviewer,1
qwen2.5-32b-awq,shared54,worst,abc310_f,1,sadness,LLL,100,282,reviewer,0
qwen2.5-32b-awq,shared54,worst,abc310_f,2,sadness,LLL,100,282,reviewer,0
qwen2.5-32b-awq,shared54,worst,abc311_b,0,sadness,LLL,100,282,reviewer,0
qwen2.5-32b-awq,shared54,worst,abc311_b,1,sadness,LLL,100,282,reviewer,0
qwen2.5-32b-awq,shared54,worst,abc312_e,0,sadness,LLL,100,282,reviewer,0
qwen2.5-32b-awq,shared54,worst,abc312_e,1,sadness,LLL,100,282,reviewer,0
qwen2.5-32b-awq,shared54,worst,abc312_e,2,sadness,LLL,100,282,reviewer,0
qwen2.5-32b-awq,shared54,worst,abc312_f,0,sadness,LLL,100,282,reviewer,0
qwen2.5-32b-awq,shared54,worst,abc312_f,1,sadness,LLL,100,282,reviewer,0
qwen2.5-32b-awq,shared54,worst,abc312_f,2,sadness,LLL,100,282,reviewer,1
qwen2.5-32b-awq,shared54,worst,abc313_a,0,sadness,LLL,100,282,reviewer,0
qwen2.5-32b-awq,shared54,worst,abc313_a,1,sadness,LLL,100,282,reviewer,0
qwen2.5-32b-awq,shared54,worst,abc313_a,2,sadness,LLL,100,282,reviewer,0
qwen2.5-32b-awq,shared54,worst,abc315_b,0,sadness,LLL,100,282,reviewer,0
qwen2.5-32b-awq,shared54,worst,abc315_c,0,sadness,LLL,100,282,reviewer,0
qwen2.5-32b-awq,shared54,worst,abc315_c,1,sadness,LLL,100,282,reviewer,0
qwen2.5-32b-awq,shared54,worst,abc315_c,2,sadness,LLL,100,282,reviewer,0
qwen2.5-32b-awq,shared54,worst,abc315_d,0,sadness,LLL,100,282,reviewer,0
qwen2.5-32b-awq,shared54,worst,abc315_d,1,sadness,LLL,100,282,reviewer,0
qwen2.5-32b-awq,shared54,worst,abc315_d,2,sadness,LLL,100,282,reviewer,0
qwen2.5-32b-awq,shared54,worst,abc318_b,0,sadness,LLL,100,282,reviewer,0
qwen2.5-32b-awq,shared54,worst,abc318_b,1,sadness,LLL,100,282,reviewer,0
qwen2.5-32b-awq,shared54,worst,abc318_b,2,sadness,LLL,100,282,reviewer,0
qwen2.5-32b-awq,shared54,worst,abc318_d,0,sadness,LLL,100,282,reviewer,1
qwen2.5-32b-awq,shared54,worst,abc318_d,1,sadness,LLL,100,282,reviewer,0
qwen2.5-32b-awq,shared54,worst,abc319_c,0,sadness,LLL,100,282,reviewer,0
qwen2.5-32b-awq,shared54,worst,abc319_c,1,sadness,LLL,100,282,reviewer,0
qwen2.5-32b-awq,shared54,worst,abc319_c,2,sadness,LLL,100,282,reviewer,0
qwen2.5-32b-awq,shared54,worst,abc320_e,0,sadness,LLL,100,282,reviewer,0
qwen2.5-32b-awq,shared54,worst,abc320_e,1,sadness,LLL,100,282,reviewer,0
qwen2.5-32b-awq,shared54,worst,abc320_e,2,sadness,LLL,100,282,reviewer,0
qwen2.5-32b-awq,shared54,worst,abc321_b,0,sadness,LLL,100,282,reviewer,0
qwen2.5-32b-awq,shared54,worst,abc321_b,1,sadness,LLL,100,282,reviewer,0
qwen2.5-32b-awq,shared54,worst,abc321_b,2,sadness,LLL,100,282,reviewer,0
qwen2.5-32b-awq,shared54,worst,abc321_c,0,sadness,LLL,100,282,reviewer,0
qwen2.5-32b-awq,shared54,worst,abc321_c,1,sadness,LLL,100,282,reviewer,0
qwen2.5-32b-awq,shared54,worst,abc322_c,0,sadness,LLL,100,282,reviewer,0
qwen2.5-32b-awq,shared54,worst,abc322_c,1,sadness,LLL,100,282,reviewer,0
qwen2.5-32b-awq,shared54,worst,abc322_c,2,sadness,LLL,100,282,reviewer,0
qwen2.5-32b-awq,shared54,worst,abc324_a,0,sadness,LLL,100,282,reviewer,0
qwen2.5-32b-awq,shared54,worst,abc324_a,1,sadness,LLL,100,282,reviewer,0
qwen2.5-32b-awq,shared54,worst,abc324_b,0,sadness,LLL,100,282,reviewer,1
qwen2.5-32b-awq,shared54,worst,abc324_b,1,sadness,LLL,100,282,reviewer,0
qwen2.5-32b-awq,shared54,worst,abc324_b,2,sadness,LLL,100,282,reviewer,0
qwen2.5-32b-awq,shared54,worst,abc325_b,0,sadness,LLL,100,282,reviewer,0
qwen2.5-32b-awq,shared54,worst,abc325_b,1,sadness,LLL,100,282,reviewer,0
qwen2.5-32b-awq,shared54,worst,abc325_b,2,sadness,LLL,100,282,reviewer,1
qwen2.5-32b-awq,shared54,worst,abc325_e,0,sadness,LLL,100,282,reviewer,1
qwen2.5-32b-awq,shared54,worst,abc325_e,1,sadness,LLL,100,282,reviewer,0
qwen2.5-32b-awq,shared54,worst,abc325_e,2,sadness,LLL,100,282,reviewer,0
qwen2.5-32b-awq,shared54,worst,abc326_d,0,sadness,LLL,100,282,reviewer,0
qwen2.5-32b-awq,shared54,worst,abc326_d,1,sadness,LLL,100,282,reviewer,0
qwen2.5-32b-awq,shared54,worst,abc326_d,2,sadness,LLL,100,282,reviewer,0
qwen2.5-32b-awq,shared54,worst,abc327_a,0,sadness,LLL,100,282,reviewer,0
qwen2.5-32b-awq,shared54,worst,abc327_a,1,sadness,LLL,100,282,reviewer,0
qwen2.5-32b-awq,shared54,worst,abc327_c,0,sadness,LLL,100,282,reviewer,0
qwen2.5-32b-awq,shared54,worst,abc327_c,1,sadness,LLL,100,282,reviewer,1
qwen2.5-32b-awq,shared54,worst,abc327_c,2,sadness,LLL,100,282,reviewer,1
qwen2.5-32b-awq,shared54,worst,abc328_b,0,sadness,LLL,100,282,reviewer,0
qwen2.5-32b-awq,shared54,worst,abc328_b,1,sadness,LLL,100,282,reviewer,0
qwen2.5-32b-awq,shared54,worst,abc328_b,2,sadness,LLL,100,282,reviewer,0
qwen2.5-32b-awq,shared54,worst,abc328_d,0,sadness,LLL,100,282,reviewer,0
qwen2.5-32b-awq,shared54,worst,abc329_b,0,sadness,LLL,100,282,reviewer,0
qwen2.5-32b-awq,shared54,worst,abc329_b,1,sadness,LLL,100,282,reviewer,0
qwen2.5-32b-awq,shared54,worst,abc329_f,0,sadness,LLL,100,282,reviewer,1
qwen2.5-32b-awq,shared54,worst,abc329_f,1,sadness,LLL,100,282,reviewer,0
qwen2.5-32b-awq,shared54,worst,abc329_f,2,sadness,LLL,100,282,reviewer,0
qwen2.5-32b-awq,shared54,worst,abc330_d,0,sadness,LLL,100,282,reviewer,1
qwen2.5-32b-awq,shared54,worst,abc330_d,1,sadness,LLL,100,282,reviewer,0
qwen2.5-32b-awq,shared54,worst,abc330_d,2,sadness,LLL,100,282,reviewer,1
qwen2.5-32b-awq,shared54,worst,abc331_c,0,sadness,LLL,100,282,reviewer,1
qwen2.5-32b-awq,shared54,worst,abc331_c,1,sadness,LLL,100,282,reviewer,0
qwen2.5-32b-awq,shared54,worst,abc331_c,2,sadness,LLL,100,282,reviewer,0
qwen2.5-32b-awq,shared54,worst,abc331_e,0,sadness,LLL,100,282,reviewer,0
qwen2.5-32b-awq,shared54,worst,abc331_e,1,sadness,LLL,100,282,reviewer,1
qwen2.5-32b-awq,shared54,worst,abc333_a,0,sadness,LLL,100,282,reviewer,0
qwen2.5-32b-awq,shared54,worst,abc333_d,0,sadness,LLL,100,282,reviewer,0
qwen2.5-32b-awq,shared54,worst,abc333_d,1,sadness,LLL,100,282,reviewer,1
qwen2.5-32b-awq,shared54,worst,abc333_d,2,sadness,LLL,100,282,reviewer,0
qwen2.5-32b-awq,shared54,worst,abc335_c,0,sadness,LLL,100,282,reviewer,0
qwen2.5-32b-awq,shared54,worst,abc335_c,1,sadness,LLL,100,282,reviewer,0
qwen2.5-32b-awq,shared54,worst,abc335_c,2,sadness,LLL,100,282,reviewer,0
qwen2.5-32b-awq,shared54,worst,abc337_b,0,sadness,LLL,100,282,reviewer,0
qwen2.5-32b-awq,shared54,worst,abc337_d,0,sadness,LLL,100,282,reviewer,0
qwen2.5-32b-awq,shared54,worst,abc337_d,1,sadness,LLL,100,282,reviewer,0
qwen2.5-32b-awq,shared54,worst,abc338_a,0,sadness,LLL,100,282,reviewer,0
qwen2.5-32b-awq,shared54,worst,abc338_e,0,sadness,LLL,100,282,reviewer,0
qwen2.5-32b-awq,shared54,worst,abc338_e,1,sadness,LLL,100,282,reviewer,0
qwen2.5-32b-awq,shared54,worst,abc338_e,2,sadness,LLL,100,282,reviewer,0
qwen2.5-32b-awq,shared54,worst,abc339_b,0,sadness,LLL,100,282,reviewer,1
qwen2.5-32b-awq,shared54,worst,abc339_b,1,sadness,LLL,100,282,reviewer,1
qwen2.5-32b-awq,shared54,worst,abc339_b,2,sadness,LLL,100,282,reviewer,0
qwen2.5-32b-awq,shared54,worst,abc339_d,0,sadness,LLL,100,282,reviewer,0
qwen2.5-32b-awq,shared54,worst,abc339_d,1,sadness,LLL,100,282,reviewer,0
qwen2.5-32b-awq,shared54,worst,abc339_d,2,sadness,LLL,100,282,reviewer,0
qwen2.5-32b-awq,shared54,worst,abc340_d,0,sadness,LLL,100,282,reviewer,0
qwen2.5-32b-awq,shared54,worst,abc340_d,1,sadness,LLL,100,282,reviewer,1
qwen2.5-32b-awq,shared54,worst,abc340_d,2,sadness,LLL,100,282,reviewer,1
qwen2.5-32b-awq,shared54,worst,abc341_b,0,sadness,LLL,100,282,reviewer,1
qwen2.5-32b-awq,shared54,worst,abc341_b,1,sadness,LLL,100,282,reviewer,0
qwen2.5-32b-awq,shared54,worst,abc341_b,2,sadness,LLL,100,282,reviewer,0
qwen2.5-32b-awq,shared54,worst,abc341_c,0,sadness,LLL,100,282,reviewer,0
qwen2.5-32b-awq,shared54,worst,abc341_c,1,sadness,LLL,100,282,reviewer,1
qwen2.5-32b-awq,shared54,worst,abc341_c,2,sadness,LLL,100,282,reviewer,1
qwen2.5-32b-awq,shared54,worst,abc341_d,0,sadness,LLL,100,282,reviewer,0
qwen2.5-32b-awq,shared54,worst,abc341_f,0,sadness,LLL,100,282,reviewer,0
qwen2.5-32b-awq,shared54,worst,abc341_f,1,sadness,LLL,100,282,reviewer,0
qwen2.5-32b-awq,shared54,worst,abc341_f,2,sadness,LLL,100,282,reviewer,0
qwen2.5-32b-awq,shared54,worst,abc342_a,0,sadness,LLL,100,282,reviewer,0
qwen2.5-32b-awq,shared54,worst,abc342_a,1,sadness,LLL,100,282,reviewer,0
qwen2.5-32b-awq,shared54,worst,abc342_a,2,sadness,LLL,100,282,reviewer,0
qwen2.5-32b-awq,shared54,worst,abc342_b,0,sadness,LLL,100,282,reviewer,0
qwen2.5-32b-awq,shared54,worst,abc342_b,1,sadness,LLL,100,282,reviewer,0
qwen2.5-32b-awq,shared54,worst,abc342_d,0,sadness,LLL,100,282,reviewer,1
qwen2.5-32b-awq,shared54,worst,abc342_d,1,sadness,LLL,100,282,reviewer,1
qwen2.5-32b-awq,shared54,worst,abc342_d,2,sadness,LLL,100,282,reviewer,0
qwen2.5-32b-awq,shared54,worst,abc343_d,0,sadness,LLL,100,282,reviewer,0
qwen2.5-32b-awq,shared54,worst,abc343_d,1,sadness,LLL,100,282,reviewer,0
qwen2.5-32b-awq,shared54,worst,abc343_d,2,sadness,LLL,100,282,reviewer,0
qwen2.5-32b-awq,shared54,worst,abc345_b,0,sadness,LLL,100,282,reviewer,0
qwen2.5-32b-awq,shared54,worst,abc345_b,1,sadness,LLL,100,282,reviewer,0
qwen2.5-32b-awq,shared54,worst,abc345_b,2,sadness,LLL,100,282,reviewer,0
qwen2.5-32b-awq,shared54,worst,abc345_d,0,sadness,LLL,100,282,reviewer,0
qwen2.5-32b-awq,shared54,worst,abc345_d,1,sadness,LLL,100,282,reviewer,0
qwen2.5-32b-awq,shared54,worst,abc345_d,2,sadness,LLL,100,282,reviewer,0
qwen2.5-32b-awq,shared54,worst,abc346_b,0,sadness,LLL,100,282,reviewer,0
qwen2.5-32b-awq,shared54,worst,abc346_b,1,sadness,LLL,100,282,reviewer,0
qwen2.5-32b-awq,shared54,worst,abc346_b,2,sadness,LLL,100,282,reviewer,0
qwen2.5-32b-awq,shared54,worst,abc347_a,0,sadness,LLL,100,282,reviewer,0
qwen2.5-32b-awq,shared54,worst,abc347_a,1,sadness,LLL,100,282,reviewer,0
qwen2.5-32b-awq,shared54,worst,abc348_a,0,sadness,LLL,100,282,reviewer,0
qwen2.5-32b-awq,shared54,worst,abc348_a,1,sadness,LLL,100,282,reviewer,0
qwen2.5-32b-awq,shared54,worst,abc348_c,0,sadness,LLL,100,282,reviewer,1
qwen2.5-32b-awq,shared54,worst,abc348_c,1,sadness,LLL,100,282,reviewer,0
qwen2.5-32b-awq,shared54,worst,abc349_c,0,sadness,LLL,100,282,reviewer,0
qwen2.5-32b-awq,shared54,worst,abc349_c,1,sadness,LLL,100,282,reviewer,0
qwen2.5-32b-awq,shared54,worst,abc349_c,2,sadness,LLL,100,282,reviewer,0
qwen2.5-32b-awq,shared54,worst,abc349_d,0,sadness,LLL,100,282,reviewer,0
qwen2.5-32b-awq,shared54,worst,abc349_d,1,sadness,LLL,100,282,reviewer,0
qwen2.5-32b-awq,shared54,worst,abc349_d,2,sadness,LLL,100,282,reviewer,1
qwen2.5-32b-awq,shared54,worst,abc349_e,0,sadness,LLL,100,282,reviewer,0
qwen2.5-32b-awq,shared54,worst,abc349_e,1,sadness,LLL,100,282,reviewer,0
qwen2.5-32b-awq,shared54,worst,abc349_e,2,sadness,LLL,100,282,reviewer,0
qwen2.5-32b-awq,shared54,worst,abc351_a,0,sadness,LLL,100,282,reviewer,0
qwen2.5-32b-awq,shared54,worst,abc351_a,1,sadness,LLL,100,282,reviewer,0
qwen2.5-32b-awq,shared54,worst,abc352_b,0,sadness,LLL,100,282,reviewer,0
qwen2.5-32b-awq,shared54,worst,abc352_e,0,sadness,LLL,100,282,reviewer,0
qwen2.5-32b-awq,shared54,worst,abc352_e,1,sadness,LLL,100,282,reviewer,0
qwen2.5-32b-awq,shared54,worst,abc352_e,2,sadness,LLL,100,282,reviewer,0
qwen2.5-32b-awq,shared54,worst,abc353_a,0,sadness,LLL,100,282,reviewer,0
qwen2.5-32b-awq,shared54,worst,abc354_a,0,sadness,LLL,100,282,reviewer,0
qwen2.5-32b-awq,shared54,worst,abc354_b,0,sadness,LLL,100,282,reviewer,0
qwen2.5-32b-awq,shared54,worst,abc354_b,1,sadness,LLL,100,282,reviewer,1
qwen2.5-32b-awq,shared54,worst,abc354_b,2,sadness,LLL,100,282,reviewer,0
qwen2.5-32b-awq,shared54,worst,abc354_c,0,sadness,LLL,100,282,reviewer,0
qwen2.5-32b-awq,shared54,worst,abc354_c,1,sadness,LLL,100,282,reviewer,0
qwen2.5-32b-awq,shared54,worst,abc354_c,2,sadness,LLL,100,282,reviewer,0
qwen2.5-32b-awq,shared54,worst,abc354_d,0,sadness,LLL,100,282,reviewer,1
qwen2.5-32b-awq,shared54,worst,abc354_d,1,sadness,LLL,100,282,reviewer,1
qwen2.5-32b-awq,shared54,worst,abc354_d,2,sadness,LLL,100,282,reviewer,1
qwen2.5-32b-awq,shared54,worst,abc355_c,0,sadness,LLL,100,282,reviewer,0
qwen2.5-32b-awq,shared54,worst,abc355_c,1,sadness,LLL,100,282,reviewer,0
qwen2.5-32b-awq,shared54,worst,abc355_d,0,sadness,LLL,100,282,reviewer,0
qwen2.5-32b-awq,shared54,worst,abc355_d,1,sadness,LLL,100,282,reviewer,0
qwen2.5-32b-awq,shared54,worst,abc355_d,2,sadness,LLL,100,282,reviewer,0
qwen2.5-32b-awq,shared54,worst,abc355_e,0,sadness,LLL,100,282,reviewer,0
qwen2.5-32b-awq,shared54,worst,abc355_e,1,sadness,LLL,100,282,reviewer,1
qwen2.5-32b-awq,shared54,worst,abc355_e,2,sadness,LLL,100,282,reviewer,0
qwen2.5-32b-awq,shared54,worst,abc356_e,0,sadness,LLL,100,282,reviewer,0
qwen2.5-32b-awq,shared54,worst,abc356_e,1,sadness,LLL,100,282,reviewer,1
qwen2.5-32b-awq,shared54,worst,abc358_a,0,sadness,LLL,100,282,reviewer,0
qwen2.5-32b-awq,shared54,worst,abc358_a,1,sadness,LLL,100,282,reviewer,0
qwen2.5-32b-awq,shared54,worst,abc359_d,0,sadness,LLL,100,282,reviewer,0
qwen2.5-32b-awq,shared54,worst,abc359_d,1,sadness,LLL,100,282,reviewer,0
qwen2.5-32b-awq,shared54,worst,abc359_d,2,sadness,LLL,100,282,reviewer,0
qwen2.5-32b-awq,shared54,worst,abc360_a,0,sadness,LLL,100,282,reviewer,0
qwen2.5-32b-awq,shared54,worst,abc360_b,0,sadness,LLL,100,282,reviewer,1
qwen2.5-32b-awq,shared54,worst,abc360_b,1,sadness,LLL,100,282,reviewer,0
qwen2.5-32b-awq,shared54,worst,abc360_b,2,sadness,LLL,100,282,reviewer,0
qwen2.5-32b-awq,shared54,worst,abc360_c,0,sadness,LLL,100,282,reviewer,0
qwen2.5-32b-awq,shared54,worst,abc360_c,1,sadness,LLL,100,282,reviewer,0
qwen2.5-32b-awq,shared54,worst,abc360_c,2,sadness,LLL,100,282,reviewer,0
qwen2.5-32b-awq,shared54,worst,abc360_e,0,sadness,LLL,100,282,reviewer,1
qwen2.5-32b-awq,shared54,worst,abc360_e,1,sadness,LLL,100,282,reviewer,0
qwen2.5-32b-awq,shared54,worst,abc360_e,2,sadness,LLL,100,282,reviewer,0
qwen2.5-32b-awq,shared54,worst,abc363_e,0,sadness,LLL,100,282,reviewer,0
qwen2.5-32b-awq,shared54,worst,abc363_e,1,sadness,LLL,100,282,reviewer,0
qwen2.5-32b-awq,shared54,worst,abc363_e,2,sadness,LLL,100,282,reviewer,0
qwen2.5-32b-awq,shared54,worst,abc364_f,0,sadness,LLL,100,282,reviewer,0
qwen2.5-32b-awq,shared54,worst,abc364_f,1,sadness,LLL,100,282,reviewer,0
qwen2.5-32b-awq,shared54,worst,abc364_f,2,sadness,LLL,100,282,reviewer,0
qwen2.5-32b-awq,shared54,worst,abc365_c,0,sadness,LLL,100,282,reviewer,0
qwen2.5-32b-awq,shared54,worst,abc365_c,1,sadness,LLL,100,282,reviewer,0
qwen2.5-32b-awq,shared54,worst,abc365_d,0,sadness,LLL,100,282,reviewer,1
qwen2.5-32b-awq,shared54,worst,abc365_d,1,sadness,LLL,100,282,reviewer,0
qwen2.5-32b-awq,shared54,worst,abc365_d,2,sadness,LLL,100,282,reviewer,0
qwen2.5-32b-awq,shared54,worst,abc366_a,0,sadness,LLL,100,282,reviewer,1
qwen2.5-32b-awq,shared54,worst,abc366_a,1,sadness,LLL,100,282,reviewer,0
qwen2.5-32b-awq,shared54,worst,abc366_a,2,sadness,LLL,100,282,reviewer,0
qwen2.5-32b-awq,shared54,worst,abc366_c,0,sadness,LLL,100,282,reviewer,0
qwen2.5-32b-awq,shared54,worst,abc366_c,1,sadness,LLL,100,282,reviewer,0
qwen2.5-32b-awq,shared54,worst,abc366_f,0,sadness,LLL,100,282,reviewer,0
qwen2.5-32b-awq,shared54,worst,abc366_f,1,sadness,LLL,100,282,reviewer,0
qwen2.5-32b-awq,shared54,worst,abc366_f,2,sadness,LLL,100,282,reviewer,0
qwen2.5-32b-awq,shared54,worst,abc366_g,0,sadness,LLL,100,282,reviewer,1
qwen2.5-32b-awq,shared54,worst,abc366_g,1,sadness,LLL,100,282,reviewer,0
qwen2.5-32b-awq,shared54,worst,abc366_g,2,sadness,LLL,100,282,reviewer,0
qwen2.5-32b-awq,shared54,worst,abc367_a,0,sadness,LLL,100,282,reviewer,0
qwen2.5-32b-awq,shared54,worst,abc367_a,1,sadness,LLL,100,282,reviewer,0
qwen2.5-32b-awq,shared54,worst,abc367_a,2,sadness,LLL,100,282,reviewer,0
qwen2.5-32b-awq,shared54,worst,abc367_e,0,sadness,LLL,100,282,reviewer,0
qwen2.5-32b-awq,shared54,worst,abc367_e,1,sadness,LLL,100,282,reviewer,0
qwen2.5-32b-awq,shared54,worst,abc367_e,2,sadness,LLL,100,282,reviewer,0
qwen2.5-32b-awq,shared54,worst,abc368_c,0,sadness,LLL,100,282,reviewer,0
qwen2.5-32b-awq,shared54,worst,abc368_c,1,sadness,LLL,100,282,reviewer,0
qwen2.5-32b-awq,shared54,worst,abc368_c,2,sadness,LLL,100,282,reviewer,0
qwen2.5-32b-awq,shared54,worst,abc369_b,0,sadness,LLL,100,282,reviewer,0
qwen2.5-32b-awq,shared54,worst,abc369_b,1,sadness,LLL,100,282,reviewer,0
qwen2.5-32b-awq,shared54,worst,abc369_b,2,sadness,LLL,100,282,reviewer,0
qwen2.5-32b-awq,shared54,worst,abc369_c,0,sadness,LLL,100,282,reviewer,0
qwen2.5-32b-awq,shared54,worst,abc369_c,1,sadness,LLL,100,282,reviewer,1
qwen2.5-32b-awq,shared54,worst,abc369_c,2,sadness,LLL,100,282,reviewer,1
qwen2.5-32b-awq,shared54,worst,abc370_a,0,sadness,LLL,100,282,reviewer,0
qwen2.5-32b-awq,shared54,worst,abc370_b,0,sadness,LLL,100,282,reviewer,0
qwen2.5-32b-awq,shared54,worst,abc370_b,1,sadness,LLL,100,282,reviewer,0
qwen2.5-32b-awq,shared54,worst,abc370_b,2,sadness,LLL,100,282,reviewer,0
qwen2.5-32b-awq,shared54,worst,abc371_d,0,sadness,LLL,100,282,reviewer,0
qwen2.5-32b-awq,shared54,worst,abc371_d,1,sadness,LLL,100,282,reviewer,0
qwen2.5-32b-awq,shared54,worst,abc371_d,2,sadness,LLL,100,282,reviewer,0
qwen2.5-32b-awq,shared54,worst,abc371_f,0,sadness,LLL,100,282,reviewer,1
qwen2.5-32b-awq,shared54,worst,abc371_f,1,sadness,LLL,100,282,reviewer,0
qwen2.5-32b-awq,shared54,worst,abc371_f,2,sadness,LLL,100,282,reviewer,0
qwen2.5-32b-awq,shared54,worst,abc372_d,0,sadness,LLL,100,282,reviewer,1
qwen2.5-32b-awq,shared54,worst,abc372_d,1,sadness,LLL,100,282,reviewer,0
qwen2.5-32b-awq,shared54,worst,abc372_d,2,sadness,LLL,100,282,reviewer,0
qwen2.5-32b-awq,shared54,worst,abc373_e,0,sadness,LLL,100,282,reviewer,0
qwen2.5-32b-awq,shared54,worst,abc373_e,1,sadness,LLL,100,282,reviewer,1
qwen2.5-32b-awq,shared54,worst,abc373_e,2,sadness,LLL,100,282,reviewer,1
qwen2.5-32b-awq,shared54,worst,abc374_g,0,sadness,LLL,100,282,reviewer,0
qwen2.5-32b-awq,shared54,worst,abc374_g,1,sadness,LLL,100,282,reviewer,1
qwen2.5-32b-awq,shared54,worst,abc374_g,2,sadness,LLL,100,282,reviewer,1
qwen2.5-32b-awq,shared54,worst,abc375_b,0,sadness,LLL,100,282,reviewer,0
qwen2.5-32b-awq,shared54,worst,abc375_b,1,sadness,LLL,100,282,reviewer,0
qwen2.5-32b-awq,shared54,worst,abc375_b,2,sadness,LLL,100,282,reviewer,0
qwen2.5-32b-awq,shared54,worst,abc375_d,0,sadness,LLL,100,282,reviewer,0
qwen2.5-32b-awq,shared54,worst,abc375_d,1,sadness,LLL,100,282,reviewer,1
qwen2.5-32b-awq,shared54,worst,abc375_d,2,sadness,LLL,100,282,reviewer,1
qwen2.5-32b-awq,shared54,worst,abc376_e,0,sadness,LLL,100,282,reviewer,0
qwen2.5-32b-awq,shared54,worst,abc376_e,1,sadness,LLL,100,282,reviewer,0
qwen2.5-32b-awq,shared54,worst,abc376_e,2,sadness,LLL,100,282,reviewer,1
qwen2.5-32b-awq,shared54,worst,abc376_f,0,sadness,LLL,100,282,reviewer,0
qwen2.5-32b-awq,shared54,worst,abc376_f,1,sadness,LLL,100,282,reviewer,0
qwen2.5-32b-awq,shared54,worst,abc376_f,2,sadness,LLL,100,282,reviewer,0
qwen2.5-32b-awq,shared54,worst,abc377_b,0,sadness,LLL,100,282,reviewer,0
qwen2.5-32b-awq,shared54,worst,abc377_c,0,sadness,LLL,100,282,reviewer,1
qwen2.5-32b-awq,shared54,worst,abc377_c,1,sadness,LLL,100,282,reviewer,0
qwen2.5-32b-awq,shared54,worst,abc377_e,0,sadness,LLL,100,282,reviewer,1
qwen2.5-32b-awq,shared54,worst,abc377_e,1,sadness,LLL,100,282,reviewer,0
qwen2.5-32b-awq,shared54,worst,abc377_e,2,sadness,LLL,100,282,reviewer,0
qwen2.5-32b-awq,shared54,worst,abc379_a,0,sadness,LLL,100,282,reviewer,0
qwen2.5-32b-awq,shared54,worst,abc379_a,1,sadness,LLL,100,282,reviewer,0
qwen2.5-32b-awq,shared54,worst,abc379_a,2,sadness,LLL,100,282,reviewer,0
qwen2.5-32b-awq,shared54,worst,abc379_d,0,sadness,LLL,100,282,reviewer,0
qwen2.5-32b-awq,shared54,worst,abc379_d,1,sadness,LLL,100,282,reviewer,0
qwen2.5-32b-awq,shared54,worst,abc379_d,2,sadness,LLL,100,282,reviewer,0
qwen2.5-32b-awq,shared54,worst,abc379_g,0,sadness,LLL,100,282,reviewer,1
qwen2.5-32b-awq,shared54,worst,abc379_g,1,sadness,LLL,100,282,reviewer,0
qwen2.5-32b-awq,shared54,worst,abc379_g,2,sadness,LLL,100,282,reviewer,0
qwen2.5-32b-awq,shared54,worst,abc380_b,0,sadness,LLL,100,282,reviewer,0
qwen2.5-32b-awq,shared54,worst,abc380_b,1,sadness,LLL,100,282,reviewer,1
qwen2.5-32b-awq,shared54,worst,abc380_b,2,sadness,LLL,100,282,reviewer,0
qwen2.5-32b-awq,shared54,worst,abc380_d,0,sadness,LLL,100,282,reviewer,1
qwen2.5-32b-awq,shared54,worst,abc380_d,1,sadness,LLL,100,282,reviewer,1
qwen2.5-32b-awq,shared54,worst,abc380_d,2,sadness,LLL,100,282,reviewer,0
qwen2.5-32b-awq,shared54,worst,abc381_a,0,sadness,LLL,100,282,reviewer,0
qwen2.5-32b-awq,shared54,worst,abc381_a,1,sadness,LLL,100,282,reviewer,0
qwen2.5-32b-awq,shared54,worst,abc381_a,2,sadness,LLL,100,282,reviewer,1
qwen2.5-32b-awq,shared54,worst,abc382_b,0,sadness,LLL,100,282,reviewer,0
qwen2.5-32b-awq,shared54,worst,abc383_e,0,sadness,LLL,100,282,reviewer,0
qwen2.5-32b-awq,shared54,worst,abc383_e,1,sadness,LLL,100,282,reviewer,0
qwen2.5-32b-awq,shared54,worst,abc383_e,2,sadness,LLL,100,282,reviewer,0
qwen2.5-32b-awq,shared54,worst,abc385_d,0,sadness,LLL,100,282,reviewer,1
qwen2.5-32b-awq,shared54,worst,abc385_d,1,sadness,LLL,100,282,reviewer,0
qwen2.5-32b-awq,shared54,worst,abc385_d,2,sadness,LLL,100,282,reviewer,0
qwen2.5-32b-awq,shared54,worst,abc386_b,0,sadness,LLL,100,282,reviewer,0
qwen2.5-32b-awq,shared54,worst,abc386_c,0,sadness,LLL,100,282,reviewer,0
qwen2.5-32b-awq,shared54,worst,abc386_c,1,sadness,LLL,100,282,reviewer,0
qwen2.5-32b-awq,shared54,worst,abc387_c,0,sadness,LLL,100,282,reviewer,0
qwen2.5-32b-awq,shared54,worst,abc387_c,1,sadness,LLL,100,282,reviewer,0
qwen2.5-32b-awq,shared54,worst,abc387_c,2,sadness,LLL,100,282,reviewer,0
qwen2.5-32b-awq,shared54,worst,abc388_f,0,sadness,LLL,100,282,reviewer,0
qwen2.5-32b-awq,shared54,worst,abc388_f,1,sadness,LLL,100,282,reviewer,0
qwen2.5-32b-awq,shared54,worst,abc388_f,2,sadness,LLL,100,282,reviewer,0
qwen2.5-32b-awq,shared54,worst,abc389_a,0,sadness,LLL,100,282,reviewer,0
qwen2.5-32b-awq,shared54,worst,abc389_a,1,sadness,LLL,100,282,reviewer,0
qwen2.5-32b-awq,shared54,worst,abc389_d,0,sadness,LLL,100,282,reviewer,1
qwen2.5-32b-awq,shared54,worst,abc389_d,1,sadness,LLL,100,282,reviewer,0
qwen2.5-32b-awq,shared54,worst,abc389_d,2,sadness,LLL,100,282,reviewer,0
qwen2.5-32b-awq,shared54,worst,abc391_a,0,sadness,LLL,100,282,reviewer,0
qwen2.5-32b-awq,shared54,worst,abc391_f,0,sadness,LLL,100,282,reviewer,0
qwen2.5-32b-awq,shared54,worst,abc391_f,1,sadness,LLL,100,282,reviewer,0
qwen2.5-32b-awq,shared54,worst,abc391_f,2,sadness,LLL,100,282,reviewer,0
qwen2.5-32b-awq,shared54,worst,abc392_b,0,sadness,LLL,100,282,reviewer,0
qwen2.5-32b-awq,shared54,worst,abc392_f,0,sadness,LLL,100,282,reviewer,0
qwen2.5-32b-awq,shared54,worst,abc392_f,1,sadness,LLL,100,282,reviewer,0
qwen2.5-32b-awq,shared54,worst,abc392_f,2,sadness,LLL,100,282,reviewer,0
qwen2.5-32b-awq,shared54,worst,abc392_g,0,sadness,LLL,100,282,reviewer,0
qwen2.5-32b-awq,shared54,worst,abc392_g,1,sadness,LLL,100,282,reviewer,0
qwen2.5-32b-awq,shared54,worst,abc392_g,2,sadness,LLL,100,282,reviewer,1
qwen2.5-32b-awq,shared54,worst,abc393_e,0,sadness,LLL,100,282,reviewer,0
qwen2.5-32b-awq,shared54,worst,abc393_e,1,sadness,LLL,100,282,reviewer,1
qwen2.5-32b-awq,shared54,worst,abc393_e,2,sadness,LLL,100,282,reviewer,0
qwen2.5-32b-awq,shared54,worst,abc393_f,0,sadness,LLL,100,282,reviewer,0
qwen2.5-32b-awq,shared54,worst,abc393_f,1,sadness,LLL,100,282,reviewer,0
qwen2.5-32b-awq,shared54,worst,abc394_a,0,sadness,LLL,100,282,reviewer,0
qwen2.5-32b-awq,shared54,worst,abc394_b,0,sadness,LLL,100,282,reviewer,0
qwen2.5-32b-awq,shared54,worst,abc394_b,1,sadness,LLL,100,282,reviewer,0
qwen2.5-32b-awq,shared54,worst,abc394_b,2,sadness,LLL,100,282,reviewer,0
qwen2.5-32b-awq,shared54,worst,abc394_e,0,sadness,LLL,100,282,reviewer,0
qwen2.5-32b-awq,shared54,worst,abc394_e,1,sadness,LLL,100,282,reviewer,0
qwen2.5-32b-awq,shared54,worst,abc394_e,2,sadness,LLL,100,282,reviewer,0
qwen2.5-32b-awq,shared54,worst,abc396_a,0,sadness,LLL,100,282,reviewer,1
qwen2.5-32b-awq,shared54,worst,abc396_a,1,sadness,LLL,100,282,reviewer,0
qwen2.5-32b-awq,shared54,worst,abc396_a,2,sadness,LLL,100,282,reviewer,0
qwen2.5-32b-awq,shared54,worst,abc396_e,0,sadness,LLL,100,282,reviewer,0
qwen2.5-32b-awq,shared54,worst,abc396_e,1,sadness,LLL,100,282,reviewer,1
qwen2.5-32b-awq,shared54,worst,abc396_e,2,sadness,LLL,100,282,reviewer,1
qwen2.5-32b-awq,shared54,worst,abc399_c,0,sadness,LLL,100,282,reviewer,0
qwen2.5-32b-awq,shared54,worst,abc399_c,1,sadness,LLL,100,282,reviewer,0
qwen2.5-32b-awq,shared54,worst,abc399_c,2,sadness,LLL,100,282,reviewer,0
qwen2.5-32b-awq,shared54,worst,abc400_e,0,sadness,LLL,100,282,reviewer,0
qwen2.5-32b-awq,shared54,worst,abc400_e,1,sadness,LLL,100,282,reviewer,0
qwen2.5-32b-awq,shared54,worst,abc400_e,2,sadness,LLL,100,282,reviewer,1
qwen2.5-32b-awq,shared54,worst,arc181_b,0,sadness,LLL,100,282,reviewer,1
qwen2.5-32b-awq,shared54,worst,arc181_b,1,sadness,LLL,100,282,reviewer,0
qwen2.5-32b-awq,shared54,worst,arc181_b,2,sadness,LLL,100,282,reviewer,1
qwen2.5-32b-awq,shared54,worst,arc181_c,0,sadness,LLL,100,282,reviewer,0
qwen2.5-32b-awq,shared54,worst,arc181_c,1,sadness,LLL,100,282,reviewer,0
qwen2.5-32b-awq,shared54,worst,arc181_c,2,sadness,LLL,100,282,reviewer,0
qwen2.5-32b-awq,shared54,worst,arc182_c,0,sadness,LLL,100,282,reviewer,0
qwen2.5-32b-awq,shared54,worst,arc182_c,1,sadness,LLL,100,282,reviewer,0
qwen2.5-32b-awq,shared54,worst,arc182_c,2,sadness,LLL,100,282,reviewer,0
qwen2.5-32b-awq,shared54,worst,arc183_d,0,sadness,LLL,100,282,reviewer,1
qwen2.5-32b-awq,shared54,worst,arc183_d,1,sadness,LLL,100,282,reviewer,0
qwen2.5-32b-awq,shared54,worst,arc183_d,2,sadness,LLL,100,282,reviewer,0
qwen2.5-32b-awq,shared54,worst,arc185_e,0,sadness,LLL,100,282,reviewer,0
qwen2.5-32b-awq,shared54,worst,arc185_e,1,sadness,LLL,100,282,reviewer,0
qwen2.5-32b-awq,shared54,worst,arc185_e,2,sadness,LLL,100,282,reviewer,0
qwen2.5-32b-awq,shared54,worst,arc186_b,0,sadness,LLL,100,282,reviewer,0
qwen2.5-32b-awq,shared54,worst,arc186_b,1,sadness,LLL,100,282,reviewer,0
qwen2.5-32b-awq,shared54,worst,arc186_b,2,sadness,LLL,100,282,reviewer,0
qwen2.5-32b-awq,shared54,worst,arc186_c,0,sadness,LLL,100,282,reviewer,0
qwen2.5-32b-awq,shared54,worst,arc186_c,1,sadness,LLL,100,282,reviewer,0
qwen2.5-32b-awq,shared54,worst,arc186_c,2,sadness,LLL,100,282,reviewer,0
qwen2.5-32b-awq,shared54,worst,arc188_d,0,sadness,LLL,100,282,reviewer,0
qwen2.5-32b-awq,shared54,worst,arc188_d,1,sadness,LLL,100,282,reviewer,1
qwen2.5-32b-awq,shared54,worst,arc188_d,2,sadness,LLL,100,282,reviewer,0
qwen2.5-32b-awq,shared54,worst,arc189_c,0,sadness,LLL,100,282,reviewer,1
qwen2.5-32b-awq,shared54,worst,arc189_c,1,sadness,LLL,100,282,reviewer,1
qwen2.5-32b-awq,shared54,worst,arc189_c,2,sadness,LLL,100,282,reviewer,1
qwen2.5-32b-awq,shared54,worst,arc189_d,0,sadness,LLL,100,282,reviewer,0
qwen2.5-32b-awq,shared54,worst,arc189_d,1,sadness,LLL,100,282,reviewer,0
qwen2.5-32b-awq,shared54,worst,arc189_d,2,sadness,LLL,100,282,reviewer,0
qwen2.5-32b-awq,shared54,worst,arc190_a,0,sadness,LLL,100,282,reviewer,0
qwen2.5-32b-awq,shared54,worst,arc190_a,1,sadness,LLL,100,282,reviewer,0
qwen2.5-32b-awq,shared54,worst,arc190_a,2,sadness,LLL,100,282,reviewer,0
qwen2.5-32b-awq,shared54,worst,arc190_c,0,sadness,LLL,100,282,reviewer,0
qwen2.5-32b-awq,shared54,worst,arc190_c,1,sadness,LLL,100,282,reviewer,1
qwen2.5-32b-awq,shared54,worst,arc190_c,2,sadness,LLL,100,282,reviewer,0
qwen2.5-32b-awq,shared54,worst,arc191_a,0,sadness,LLL,100,282,reviewer,0
qwen2.5-32b-awq,shared54,worst,arc191_a,1,sadness,LLL,100,282,reviewer,1
qwen2.5-32b-awq,shared54,worst,arc191_a,2,sadness,LLL,100,282,reviewer,1
qwen2.5-32b-awq,shared54,worst,arc192_a,0,sadness,LLL,100,282,reviewer,0
qwen2.5-32b-awq,shared54,worst,arc192_a,1,sadness,LLL,100,282,reviewer,1
qwen2.5-32b-awq,shared54,worst,arc192_a,2,sadness,LLL,100,282,reviewer,0
qwen2.5-32b-awq,shared54,worst,arc193_a,0,sadness,LLL,100,282,reviewer,0
qwen2.5-32b-awq,shared54,worst,arc193_a,1,sadness,LLL,100,282,reviewer,1
qwen2.5-32b-awq,shared54,worst,arc193_b,0,sadness,LLL,100,282,reviewer,1
qwen2.5-32b-awq,shared54,worst,arc193_b,1,sadness,LLL,100,282,reviewer,0
qwen2.5-32b-awq,shared54,worst,arc193_b,2,sadness,LLL,100,282,reviewer,1
qwen2.5-32b-awq,shared54,worst,arc194_a,0,sadness,LLL,100,282,reviewer,0
qwen2.5-32b-awq,shared54,worst,arc194_a,1,sadness,LLL,100,282,reviewer,0
qwen2.5-32b-awq,shared54,worst,arc194_a,2,sadness,LLL,100,282,reviewer,0
qwen2.5-32b-awq,shared54,worst,arc194_b,0,sadness,LLL,100,282,reviewer,1
qwen2.5-32b-awq,shared54,worst,arc194_b,1,sadness,LLL,100,282,reviewer,1
qwen2.5-32b-awq,shared54,worst,arc194_b,2,sadness,LLL,100,282,reviewer,1
qwen2.5-32b-awq,shared54,worst,arc195_c,0,sadness,LLL,100,282,reviewer,1
qwen2.5-32b-awq,shared54,worst,arc195_c,1,sadness,LLL,100,282,reviewer,0
qwen2.5-32b-awq,shared54,worst,arc195_c,2,sadness,LLL,100,282,reviewer,1
qwen2.5-32b-awq,shared54,worst,arc195_d,0,sadness,LLL,100,282,reviewer,0
qwen2.5-32b-awq,shared54,worst,arc195_d,1,sadness,LLL,100,282,reviewer,1
qwen2.5-32b-awq,shared54,worst,arc195_d,2,sadness,LLL,100,282,reviewer,0
qwen2.5-32b-awq,shared54,best,1873_A,0,sadness,HHH,124,282,reviewer,1
qwen2.5-32b-awq,shared54,best,1873_A,1,sadness,HHH,124,282,reviewer,0
qwen2.5-32b-awq,shared54,best,1873_D,0,sadness,HHH,124,282,reviewer,0
qwen2.5-32b-awq,shared54,best,1883_B,0,sadness,HHH,124,282,reviewer,0
qwen2.5-32b-awq,shared54,best,1883_C,0,sadness,HHH,124,282,reviewer,1
qwen2.5-32b-awq,shared54,best,1883_C,1,sadness,HHH,124,282,reviewer,1
qwen2.5-32b-awq,shared54,best,1883_C,2,sadness,HHH,124,282,reviewer,1
qwen2.5-32b-awq,shared54,best,1899_B,0,sadness,HHH,124,282,reviewer,0
qwen2.5-32b-awq,shared54,best,1899_B,1,sadness,HHH,124,282,reviewer,0
qwen2.5-32b-awq,shared54,best,1899_B,2,sadness,HHH,124,282,reviewer,0
qwen2.5-32b-awq,shared54,best,2777,0,sadness,HHH,124,282,reviewer,0
qwen2.5-32b-awq,shared54,best,2777,1,sadness,HHH,124,282,reviewer,0
qwen2.5-32b-awq,shared54,best,2777,2,sadness,HHH,124,282,reviewer,0
qwen2.5-32b-awq,shared54,best,2784,0,sadness,HHH,124,282,reviewer,0
qwen2.5-32b-awq,shared54,best,2784,1,sadness,HHH,124,282,reviewer,0
qwen2.5-32b-awq,shared54,best,2784,2,sadness,HHH,124,282,reviewer,0
qwen2.5-32b-awq,shared54,best,2808,0,sadness,HHH,124,282,reviewer,0
qwen2.5-32b-awq,shared54,best,2808,1,sadness,HHH,124,282,reviewer,0
qwen2.5-32b-awq,shared54,best,2808,2,sadness,HHH,124,282,reviewer,0
qwen2.5-32b-awq,shared54,best,2811,0,sadness,HHH,124,282,reviewer,0
qwen2.5-32b-awq,shared54,best,2811,1,sadness,HHH,124,282,reviewer,0
qwen2.5-32b-awq,shared54,best,2812,0,sadness,HHH,124,282,reviewer,0
qwen2.5-32b-awq,shared54,best,2816,0,sadness,HHH,124,282,reviewer,0
qwen2.5-32b-awq,shared54,best,2817,0,sadness,HHH,124,282,reviewer,0
qwen2.5-32b-awq,shared54,best,2817,1,sadness,HHH,124,282,reviewer,1
qwen2.5-32b-awq,shared54,best,2817,2,sadness,HHH,124,282,reviewer,1
qwen2.5-32b-awq,shared54,best,2825,0,sadness,HHH,124,282,reviewer,0
qwen2.5-32b-awq,shared54,best,2833,0,sadness,HHH,124,282,reviewer,0
qwen2.5-32b-awq,shared54,best,2847,0,sadness,HHH,124,282,reviewer,0
qwen2.5-32b-awq,shared54,best,2847,1,sadness,HHH,124,282,reviewer,0
qwen2.5-32b-awq,shared54,best,2847,2,sadness,HHH,124,282,reviewer,0
qwen2.5-32b-awq,shared54,best,2849,0,sadness,HHH,124,282,reviewer,0
qwen2.5-32b-awq,shared54,best,2849,1,sadness,HHH,124,282,reviewer,0
qwen2.5-32b-awq,shared54,best,2868,0,sadness,HHH,124,282,reviewer,0
qwen2.5-32b-awq,shared54,best,2868,1,sadness,HHH,124,282,reviewer,0
qwen2.5-32b-awq,shared54,best,2868,2,sadness,HHH,124,282,reviewer,0
qwen2.5-32b-awq,shared54,best,2870,0,sadness,HHH,124,282,reviewer,0
qwen2.5-32b-awq,shared54,best,2870,1,sadness,HHH,124,282,reviewer,1
qwen2.5-32b-awq,shared54,best,2870,2,sadness,HHH,124,282,reviewer,0
qwen2.5-32b-awq,shared54,best,2882,0,sadness,HHH,124,282,reviewer,0
qwen2.5-32b-awq,shared54,best,2882,1,sadness,HHH,124,282,reviewer,0
qwen2.5-32b-awq,shared54,best,2882,2,sadness,HHH,124,282,reviewer,0
qwen2.5-32b-awq,shared54,best,2886,0,sadness,HHH,124,282,reviewer,1
qwen2.5-32b-awq,shared54,best,2886,1,sadness,HHH,124,282,reviewer,1
qwen2.5-32b-awq,shared54,best,2886,2,sadness,HHH,124,282,reviewer,0
qwen2.5-32b-awq,shared54,best,2902,0,sadness,HHH,124,282,reviewer,0
qwen2.5-32b-awq,shared54,best,2915,0,sadness,HHH,124,282,reviewer,0
qwen2.5-32b-awq,shared54,best,2915,1,sadness,HHH,124,282,reviewer,0
qwen2.5-32b-awq,shared54,best,2915,2,sadness,HHH,124,282,reviewer,0
qwen2.5-32b-awq,shared54,best,2919,0,sadness,HHH,124,282,reviewer,1
qwen2.5-32b-awq,shared54,best,2919,1,sadness,HHH,124,282,reviewer,0
qwen2.5-32b-awq,shared54,best,2919,2,sadness,HHH,124,282,reviewer,0
qwen2.5-32b-awq,shared54,best,2921,0,sadness,HHH,124,282,reviewer,0
qwen2.5-32b-awq,shared54,best,2921,1,sadness,HHH,124,282,reviewer,0
qwen2.5-32b-awq,shared54,best,2921,2,sadness,HHH,124,282,reviewer,0
qwen2.5-32b-awq,shared54,best,2952,0,sadness,HHH,124,282,reviewer,0
qwen2.5-32b-awq,shared54,best,2952,1,sadness,HHH,124,282,reviewer,1
qwen2.5-32b-awq,shared54,best,2952,2,sadness,HHH,124,282,reviewer,1
qwen2.5-32b-awq,shared54,best,2954,0,sadness,HHH,124,282,reviewer,1
qwen2.5-32b-awq,shared54,best,2954,1,sadness,HHH,124,282,reviewer,1
qwen2.5-32b-awq,shared54,best,2954,2,sadness,HHH,124,282,reviewer,0
qwen2.5-32b-awq,shared54,best,2955,0,sadness,HHH,124,282,reviewer,0
qwen2.5-32b-awq,shared54,best,2955,1,sadness,HHH,124,282,reviewer,0
qwen2.5-32b-awq,shared54,best,2955,2,sadness,HHH,124,282,reviewer,0
qwen2.5-32b-awq,shared54,best,2977,0,sadness,HHH,124,282,reviewer,0
qwen2.5-32b-awq,shared54,best,2998,0,sadness,HHH,124,282,reviewer,0
qwen2.5-32b-awq,shared54,best,2998,1,sadness,HHH,124,282,reviewer,0
qwen2.5-32b-awq,shared54,best,3024,0,sadness,HHH,124,282,reviewer,0
qwen2.5-32b-awq,shared54,best,3024,1,sadness,HHH,124,282,reviewer,1
qwen2.5-32b-awq,shared54,best,3024,2,sadness,HHH,124,282,reviewer,0
qwen2.5-32b-awq,shared54,best,3025,0,sadness,HHH,124,282,reviewer,0
qwen2.5-32b-awq,shared54,best,3025,1,sadness,HHH,124,282,reviewer,0
qwen2.5-32b-awq,shared54,best,3025,2,sadness,HHH,124,282,reviewer,0
qwen2.5-32b-awq,shared54,best,3032,0,sadness,HHH,124,282,reviewer,0
qwen2.5-32b-awq,shared54,best,3044,0,sadness,HHH,124,282,reviewer,0
qwen2.5-32b-awq,shared54,best,3044,1,sadness,HHH,124,282,reviewer,1
qwen2.5-32b-awq,shared54,best,3044,2,sadness,HHH,124,282,reviewer,0
qwen2.5-32b-awq,shared54,best,3055,0,sadness,HHH,124,282,reviewer,0
qwen2.5-32b-awq,shared54,best,3166,0,sadness,HHH,124,282,reviewer,0
qwen2.5-32b-awq,shared54,best,3166,1,sadness,HHH,124,282,reviewer,0
qwen2.5-32b-awq,shared54,best,3166,2,sadness,HHH,124,282,reviewer,0
qwen2.5-32b-awq,shared54,best,3188,0,sadness,HHH,124,282,reviewer,0
qwen2.5-32b-awq,shared54,best,3188,1,sadness,HHH,124,282,reviewer,1
qwen2.5-32b-awq,shared54,best,3188,2,sadness,HHH,124,282,reviewer,0
qwen2.5-32b-awq,shared54,best,3192,0,sadness,HHH,124,282,reviewer,0
qwen2.5-32b-awq,shared54,best,3192,1,sadness,HHH,124,282,reviewer,0
qwen2.5-32b-awq,shared54,best,3192,2,sadness,HHH,124,282,reviewer,0
qwen2.5-32b-awq,shared54,best,3193,0,sadness,HHH,124,282,reviewer,0
qwen2.5-32b-awq,shared54,best,3195,0,sadness,HHH,124,282,reviewer,0
qwen2.5-32b-awq,shared54,best,3195,1,sadness,HHH,124,282,reviewer,0
qwen2.5-32b-awq,shared54,best,3195,2,sadness,HHH,124,282,reviewer,1
qwen2.5-32b-awq,shared54,best,3203,0,sadness,HHH,124,282,reviewer,0
qwen2.5-32b-awq,shared54,best,3203,1,sadness,HHH,124,282,reviewer,0
qwen2.5-32b-awq,shared54,best,3203,2,sadness,HHH,124,282,reviewer,0
qwen2.5-32b-awq,shared54,best,3213,0,sadness,HHH,124,282,reviewer,0
qwen2.5-32b-awq,shared54,best,3213,1,sadness,HHH,124,282,reviewer,0
qwen2.5-32b-awq,shared54,best,3213,2,sadness,HHH,124,282,reviewer,0
qwen2.5-32b-awq,shared54,best,3220,0,sadness,HHH,124,282,reviewer,0
qwen2.5-32b-awq,shared54,best,3220,1,sadness,HHH,124,282,reviewer,0
qwen2.5-32b-awq,shared54,best,3223,0,sadness,HHH,124,282,reviewer,0
qwen2.5-32b-awq,shared54,best,3223,1,sadness,HHH,124,282,reviewer,0
qwen2.5-32b-awq,shared54,best,3223,2,sadness,HHH,124,282,reviewer,0
qwen2.5-32b-awq,shared54,best,3225,0,sadness,HHH,124,282,reviewer,0
qwen2.5-32b-awq,shared54,best,3225,1,sadness,HHH,124,282,reviewer,0
qwen2.5-32b-awq,shared54,best,3229,0,sadness,HHH,124,282,reviewer,0
qwen2.5-32b-awq,shared54,best,3243,0,sadness,HHH,124,282,reviewer,0
qwen2.5-32b-awq,shared54,best,3243,1,sadness,HHH,124,282,reviewer,1
qwen2.5-32b-awq,shared54,best,3243,2,sadness,HHH,124,282,reviewer,0
qwen2.5-32b-awq,shared54,best,3246,0,sadness,HHH,124,282,reviewer,1
qwen2.5-32b-awq,shared54,best,3246,1,sadness,HHH,124,282,reviewer,0
qwen2.5-32b-awq,shared54,best,3249,0,sadness,HHH,124,282,reviewer,0
qwen2.5-32b-awq,shared54,best,3251,0,sadness,HHH,124,282,reviewer,0
qwen2.5-32b-awq,shared54,best,3261,0,sadness,HHH,124,282,reviewer,1
qwen2.5-32b-awq,shared54,best,3261,1,sadness,HHH,124,282,reviewer,0
qwen2.5-32b-awq,shared54,best,3261,2,sadness,HHH,124,282,reviewer,0
qwen2.5-32b-awq,shared54,best,3263,0,sadness,HHH,124,282,reviewer,0
qwen2.5-32b-awq,shared54,best,3263,1,sadness,HHH,124,282,reviewer,0
qwen2.5-32b-awq,shared54,best,3265,0,sadness,HHH,124,282,reviewer,0
qwen2.5-32b-awq,shared54,best,3265,1,sadness,HHH,124,282,reviewer,0
qwen2.5-32b-awq,shared54,best,3265,2,sadness,HHH,124,282,reviewer,0
qwen2.5-32b-awq,shared54,best,3269,0,sadness,HHH,124,282,reviewer,0
qwen2.5-32b-awq,shared54,best,3269,1,sadness,HHH,124,282,reviewer,0
qwen2.5-32b-awq,shared54,best,3298,0,sadness,HHH,124,282,reviewer,0
qwen2.5-32b-awq,shared54,best,3298,1,sadness,HHH,124,282,reviewer,0
qwen2.5-32b-awq,shared54,best,3298,2,sadness,HHH,124,282,reviewer,0
qwen2.5-32b-awq,shared54,best,3312,0,sadness,HHH,124,282,reviewer,0
qwen2.5-32b-awq,shared54,best,3324,0,sadness,HHH,124,282,reviewer,0
qwen2.5-32b-awq,shared54,best,3329,0,sadness,HHH,124,282,reviewer,0
qwen2.5-32b-awq,shared54,best,3329,1,sadness,HHH,124,282,reviewer,1
qwen2.5-32b-awq,shared54,best,3329,2,sadness,HHH,124,282,reviewer,0
qwen2.5-32b-awq,shared54,best,3345,0,sadness,HHH,124,282,reviewer,0
qwen2.5-32b-awq,shared54,best,3345,1,sadness,HHH,124,282,reviewer,0
qwen2.5-32b-awq,shared54,best,3345,2,sadness,HHH,124,282,reviewer,0
qwen2.5-32b-awq,shared54,best,3362,0,sadness,HHH,124,282,reviewer,0
qwen2.5-32b-awq,shared54,best,3362,1,sadness,HHH,124,282,reviewer,0
qwen2.5-32b-awq,shared54,best,3362,2,sadness,HHH,124,282,reviewer,0
qwen2.5-32b-awq,shared54,best,3388,0,sadness,HHH,124,282,reviewer,1
qwen2.5-32b-awq,shared54,best,3388,1,sadness,HHH,124,282,reviewer,0
qwen2.5-32b-awq,shared54,best,3388,2,sadness,HHH,124,282,reviewer,0
qwen2.5-32b-awq,shared54,best,3394,0,sadness,HHH,124,282,reviewer,0
qwen2.5-32b-awq,shared54,best,3394,1,sadness,HHH,124,282,reviewer,0
qwen2.5-32b-awq,shared54,best,3394,2,sadness,HHH,124,282,reviewer,0
qwen2.5-32b-awq,shared54,best,3402,0,sadness,HHH,124,282,reviewer,0
qwen2.5-32b-awq,shared54,best,3402,1,sadness,HHH,124,282,reviewer,0
qwen2.5-32b-awq,shared54,best,3402,2,sadness,HHH,124,282,reviewer,0
qwen2.5-32b-awq,shared54,best,3408,0,sadness,HHH,124,282,reviewer,0
qwen2.5-32b-awq,shared54,best,3408,1,sadness,HHH,124,282,reviewer,0
qwen2.5-32b-awq,shared54,best,3412,0,sadness,HHH,124,282,reviewer,0
qwen2.5-32b-awq,shared54,best,3412,1,sadness,HHH,124,282,reviewer,0
qwen2.5-32b-awq,shared54,best,3421,0,sadness,HHH,124,282,reviewer,0
qwen2.5-32b-awq,shared54,best,3426,0,sadness,HHH,124,282,reviewer,0
qwen2.5-32b-awq,shared54,best,3464,0,sadness,HHH,124,282,reviewer,0
qwen2.5-32b-awq,shared54,best,3464,1,sadness,HHH,124,282,reviewer,0
qwen2.5-32b-awq,shared54,best,3464,2,sadness,HHH,124,282,reviewer,1
qwen2.5-32b-awq,shared54,best,3471,0,sadness,HHH,124,282,reviewer,0
qwen2.5-32b-awq,shared54,best,3471,1,sadness,HHH,124,282,reviewer,0
qwen2.5-32b-awq,shared54,best,3476,0,sadness,HHH,124,282,reviewer,0
qwen2.5-32b-awq,shared54,best,3476,1,sadness,HHH,124,282,reviewer,0
qwen2.5-32b-awq,shared54,best,3478,0,sadness,HHH,124,282,reviewer,0
qwen2.5-32b-awq,shared54,best,3478,1,sadness,HHH,124,282,reviewer,0
qwen2.5-32b-awq,shared54,best,3478,2,sadness,HHH,124,282,reviewer,0
qwen2.5-32b-awq,shared54,best,3490,0,sadness,HHH,124,282,reviewer,0
qwen2.5-32b-awq,shared54,best,3490,1,sadness,HHH,124,282,reviewer,0
qwen2.5-32b-awq,shared54,best,3490,2,sadness,HHH,124,282,reviewer,0
qwen2.5-32b-awq,shared54,best,3495,0,sadness,HHH,124,282,reviewer,0
qwen2.5-32b-awq,shared54,best,3495,1,sadness,HHH,124,282,reviewer,0
qwen2.5-32b-awq,shared54,best,3496,0,sadness,HHH,124,282,reviewer,0
qwen2.5-32b-awq,shared54,best,3496,1,sadness,HHH,124,282,reviewer,0
qwen2.5-32b-awq,shared54,best,3496,2,sadness,HHH,124,282,reviewer,0
qwen2.5-32b-awq,shared54,best,3510,0,sadness,HHH,124,282,reviewer,1
qwen2.5-32b-awq,shared54,best,3510,1,sadness,HHH,124,282,reviewer,0
qwen2.5-32b-awq,shared54,best,3510,2,sadness,HHH,124,282,reviewer,0
qwen2.5-32b-awq,shared54,best,3515,0,sadness,HHH,124,282,reviewer,1
qwen2.5-32b-awq,shared54,best,3515,1,sadness,HHH,124,282,reviewer,0
qwen2.5-32b-awq,shared54,best,3517,0,sadness,HHH,124,282,reviewer,0
qwen2.5-32b-awq,shared54,best,3517,1,sadness,HHH,124,282,reviewer,0
qwen2.5-32b-awq,shared54,best,3517,2,sadness,HHH,124,282,reviewer,0
qwen2.5-32b-awq,shared54,best,3518,0,sadness,HHH,124,282,reviewer,0
qwen2.5-32b-awq,shared54,best,3518,1,sadness,HHH,124,282,reviewer,0
qwen2.5-32b-awq,shared54,best,3518,2,sadness,HHH,124,282,reviewer,0
qwen2.5-32b-awq,shared54,best,3527,0,sadness,HHH,124,282,reviewer,0
qwen2.5-32b-awq,shared54,best,3527,1,sadness,HHH,124,282,reviewer,0
qwen2.5-32b-awq,shared54,best,3527,2,sadness,HHH,124,282,reviewer,0
qwen2.5-32b-awq,shared54,best,3534,0,sadness,HHH,124,282,reviewer,0
qwen2.5-32b-awq,shared54,best,3534,1,sadness,HHH,124,282,reviewer,1
qwen2.5-32b-awq,shared54,best,3534,2,sadness,HHH,124,282,reviewer,0
qwen2.5-32b-awq,shared54,best,3535,0,sadness,HHH,124,282,reviewer,0
qwen2.5-32b-awq,shared54,best,3535,1,sadness,HHH,124,282,reviewer,0
qwen2.5-32b-awq,shared54,best,3535,2,sadness,HHH,124,282,reviewer,0
qwen2.5-32b-awq,shared54,best,3551,0,sadness,HHH,124,282,reviewer,0
qwen2.5-32b-awq,shared54,best,3551,1,sadness,HHH,124,282,reviewer,0
qwen2.5-32b-awq,shared54,best,3551,2,sadness,HHH,124,282,reviewer,1
qwen2.5-32b-awq,shared54,best,3555,0,sadness,HHH,124,282,reviewer,0
qwen2.5-32b-awq,shared54,best,3555,1,sadness,HHH,124,282,reviewer,0
qwen2.5-32b-awq,shared54,best,3555,2,sadness,HHH,124,282,reviewer,0
qwen2.5-32b-awq,shared54,best,3559,0,sadness,HHH,124,282,reviewer,0
qwen2.5-32b-awq,shared54,best,3559,1,sadness,HHH,124,282,reviewer,0
qwen2.5-32b-awq,shared54,best,3559,2,sadness,HHH,124,282,reviewer,0
qwen2.5-32b-awq,shared54,best,3560,0,sadness,HHH,124,282,reviewer,0
qwen2.5-32b-awq,shared54,best,3567,0,sadness,HHH,124,282,reviewer,0
qwen2.5-32b-awq,shared54,best,3567,1,sadness,HHH,124,282,reviewer,0
qwen2.5-32b-awq,shared54,best,3571,0,sadness,HHH,124,282,reviewer,0
qwen2.5-32b-awq,shared54,best,3571,1,sadness,HHH,124,282,reviewer,0
qwen2.5-32b-awq,shared54,best,3571,2,sadness,HHH,124,282,reviewer,0
qwen2.5-32b-awq,shared54,best,3603,0,sadness,HHH,124,282,reviewer,0
qwen2.5-32b-awq,shared54,best,3605,0,sadness,HHH,124,282,reviewer,0
qwen2.5-32b-awq,shared54,best,3605,1,sadness,HHH,124,282,reviewer,1
qwen2.5-32b-awq,shared54,best,3605,2,sadness,HHH,124,282,reviewer,0
qwen2.5-32b-awq,shared54,best,3607,0,sadness,HHH,124,282,reviewer,0
qwen2.5-32b-awq,shared54,best,3607,1,sadness,HHH,124,282,reviewer,0
qwen2.5-32b-awq,shared54,best,3607,2,sadness,HHH,124,282,reviewer,0
qwen2.5-32b-awq,shared54,best,3621,0,sadness,HHH,124,282,reviewer,0
qwen2.5-32b-awq,shared54,best,3621,1,sadness,HHH,124,282,reviewer,1
qwen2.5-32b-awq,shared54,best,3621,2,sadness,HHH,124,282,reviewer,0
qwen2.5-32b-awq,shared54,best,3629,0,sadness,HHH,124,282,reviewer,0
qwen2.5-32b-awq,shared54,best,3629,1,sadness,HHH,124,282,reviewer,0
qwen2.5-32b-awq,shared54,best,3629,2,sadness,HHH,124,282,reviewer,0
qwen2.5-32b-awq,shared54,best,3637,0,sadness,HHH,124,282,reviewer,0
qwen2.5-32b-awq,shared54,best,3647,0,sadness,HHH,124,282,reviewer,0
qwen2.5-32b-awq,shared54,best,3647,1,sadness,HHH,124,282,reviewer,1
qwen2.5-32b-awq,shared54,best,3647,2,sadness,HHH,124,282,reviewer,1
qwen2.5-32b-awq,shared54,best,3648,0,sadness,HHH,124,282,reviewer,0
qwen2.5-32b-awq,shared54,best,3648,1,sadness,HHH,124,282,reviewer,0
qwen2.5-32b-awq,shared54,best,3649,0,sadness,HHH,124,282,reviewer,0
qwen2.5-32b-awq,shared54,best,3649,1,sadness,HHH,124,282,reviewer,0
qwen2.5-32b-awq,shared54,best,3649,2,sadness,HHH,124,282,reviewer,1
qwen2.5-32b-awq,shared54,best,3657,0,sadness,HHH,124,282,reviewer,1
qwen2.5-32b-awq,shared54,best,3657,1,sadness,HHH,124,282,reviewer,1
qwen2.5-32b-awq,shared54,best,3657,2,sadness,HHH,124,282,reviewer,0
qwen2.5-32b-awq,shared54,best,3674,0,sadness,HHH,124,282,reviewer,0
qwen2.5-32b-awq,shared54,best,3674,1,sadness,HHH,124,282,reviewer,0
qwen2.5-32b-awq,shared54,best,3674,2,sadness,HHH,124,282,reviewer,0
qwen2.5-32b-awq,shared54,best,3676,0,sadness,HHH,124,282,reviewer,0
qwen2.5-32b-awq,shared54,best,3676,1,sadness,HHH,124,282,reviewer,0
qwen2.5-32b-awq,shared54,best,3680,0,sadness,HHH,124,282,reviewer,0
qwen2.5-32b-awq,shared54,best,3680,1,sadness,HHH,124,282,reviewer,0
qwen2.5-32b-awq,shared54,best,3683,0,sadness,HHH,124,282,reviewer,0
qwen2.5-32b-awq,shared54,best,3683,1,sadness,HHH,124,282,reviewer,1
qwen2.5-32b-awq,shared54,best,3683,2,sadness,HHH,124,282,reviewer,1
qwen2.5-32b-awq,shared54,best,3686,0,sadness,HHH,124,282,reviewer,0
qwen2.5-32b-awq,shared54,best,3686,1,sadness,HHH,124,282,reviewer,0
qwen2.5-32b-awq,shared54,best,3686,2,sadness,HHH,124,282,reviewer,0
qwen2.5-32b-awq,shared54,best,3696,0,sadness,HHH,124,282,reviewer,0
qwen2.5-32b-awq,shared54,best,3696,1,sadness,HHH,124,282,reviewer,0
qwen2.5-32b-awq,shared54,best,3696,2,sadness,HHH,124,282,reviewer,1
qwen2.5-32b-awq,shared54,best,3700,0,sadness,HHH,124,282,reviewer,0
qwen2.5-32b-awq,shared54,best,3700,1,sadness,HHH,124,282,reviewer,1
qwen2.5-32b-awq,shared54,best,3700,2,sadness,HHH,124,282,reviewer,0
qwen2.5-32b-awq,shared54,best,3702,0,sadness,HHH,124,282,reviewer,0
qwen2.5-32b-awq,shared54,best,3702,1,sadness,HHH,124,282,reviewer,0
qwen2.5-32b-awq,shared54,best,3704,0,sadness,HHH,124,282,reviewer,0
qwen2.5-32b-awq,shared54,best,3704,1,sadness,HHH,124,282,reviewer,0
qwen2.5-32b-awq,shared54,best,3709,0,sadness,HHH,124,282,reviewer,0
qwen2.5-32b-awq,shared54,best,3709,1,sadness,HHH,124,282,reviewer,1
qwen2.5-32b-awq,shared54,best,3709,2,sadness,HHH,124,282,reviewer,0
qwen2.5-32b-awq,shared54,best,3714,0,sadness,HHH,124,282,reviewer,0
qwen2.5-32b-awq,shared54,best,3714,1,sadness,HHH,124,282,reviewer,0
qwen2.5-32b-awq,shared54,best,3714,2,sadness,HHH,124,282,reviewer,0
qwen2.5-32b-awq,shared54,best,3722,0,sadness,HHH,124,282,reviewer,0
qwen2.5-32b-awq,shared54,best,3722,1,sadness,HHH,124,282,reviewer,0
qwen2.5-32b-awq,shared54,best,3722,2,sadness,HHH,124,282,reviewer,0
qwen2.5-32b-awq,shared54,best,3731,0,sadness,HHH,124,282,reviewer,0
qwen2.5-32b-awq,shared54,best,3731,1,sadness,HHH,124,282,reviewer,0
qwen2.5-32b-awq,shared54,best,3731,2,sadness,HHH,124,282,reviewer,1
qwen2.5-32b-awq,shared54,best,3736,0,sadness,HHH,124,282,reviewer,0
qwen2.5-32b-awq,shared54,best,3736,1,sadness,HHH,124,282,reviewer,0
qwen2.5-32b-awq,shared54,best,3736,2,sadness,HHH,124,282,reviewer,1
qwen2.5-32b-awq,shared54,best,3743,0,sadness,HHH,124,282,reviewer,0
qwen2.5-32b-awq,shared54,best,3743,1,sadness,HHH,124,282,reviewer,0
qwen2.5-32b-awq,shared54,best,3743,2,sadness,HHH,124,282,reviewer,0
qwen2.5-32b-awq,shared54,best,3744,0,sadness,HHH,124,282,reviewer,0
qwen2.5-32b-awq,shared54,best,3744,1,sadness,HHH,124,282,reviewer,0
qwen2.5-32b-awq,shared54,best,3744,2,sadness,HHH,124,282,reviewer,1
qwen2.5-32b-awq,shared54,best,3751,0,sadness,HHH,124,282,reviewer,0
qwen2.5-32b-awq,shared54,best,3751,1,sadness,HHH,124,282,reviewer,0
qwen2.5-32b-awq,shared54,best,3751,2,sadness,HHH,124,282,reviewer,0
qwen2.5-32b-awq,shared54,best,3771,0,sadness,HHH,124,282,reviewer,1
qwen2.5-32b-awq,shared54,best,3771,1,sadness,HHH,124,282,reviewer,0
qwen2.5-32b-awq,shared54,best,3771,2,sadness,HHH,124,282,reviewer,1
qwen2.5-32b-awq,shared54,best,3785,0,sadness,HHH,124,282,reviewer,0
qwen2.5-32b-awq,shared54,best,3785,1,sadness,HHH,124,282,reviewer,0
qwen2.5-32b-awq,shared54,best,3785,2,sadness,HHH,124,282,reviewer,0
qwen2.5-32b-awq,shared54,best,3786,0,sadness,HHH,124,282,reviewer,0
qwen2.5-32b-awq,shared54,best,3786,1,sadness,HHH,124,282,reviewer,1
qwen2.5-32b-awq,shared54,best,3786,2,sadness,HHH,124,282,reviewer,0
qwen2.5-32b-awq,shared54,best,3793,0,sadness,HHH,124,282,reviewer,0
qwen2.5-32b-awq,shared54,best,3793,1,sadness,HHH,124,282,reviewer,0
qwen2.5-32b-awq,shared54,best,3793,2,sadness,HHH,124,282,reviewer,0
qwen2.5-32b-awq,shared54,best,abc301_b,0,sadness,HHH,124,282,reviewer,0
qwen2.5-32b-awq,shared54,best,abc301_b,1,sadness,HHH,124,282,reviewer,1
qwen2.5-32b-awq,shared54,best,abc301_b,2,sadness,HHH,124,282,reviewer,0
qwen2.5-32b-awq,shared54,best,abc301_e,0,sadness,HHH,124,282,reviewer,0
qwen2.5-32b-awq,shared54,best,abc301_e,1,sadness,HHH,124,282,reviewer,1
qwen2.5-32b-awq,shared54,best,abc301_e,2,sadness,HHH,124,282,reviewer,0
qwen2.5-32b-awq,shared54,best,abc302_e,0,sadness,HHH,124,282,reviewer,0
qwen2.5-32b-awq,shared54,best,abc302_e,1,sadness,HHH,124,282,reviewer,0
qwen2.5-32b-awq,shared54,best,abc302_e,2,sadness,HHH,124,282,reviewer,0
qwen2.5-32b-awq,shared54,best,abc303_a,0,sadness,HHH,124,282,reviewer,0
qwen2.5-32b-awq,shared54,best,abc303_a,1,sadness,HHH,124,282,reviewer,0
qwen2.5-32b-awq,shared54,best,abc303_a,2,sadness,HHH,124,282,reviewer,0
qwen2.5-32b-awq,shared54,best,abc303_b,0,sadness,HHH,124,282,reviewer,0
qwen2.5-32b-awq,shared54,best,abc303_d,0,sadness,HHH,124,282,reviewer,0
qwen2.5-32b-awq,shared54,best,abc303_d,1,sadness,HHH,124,282,reviewer,0
qwen2.5-32b-awq,shared54,best,abc303_d,2,sadness,HHH,124,282,reviewer,0
qwen2.5-32b-awq,shared54,best,abc303_e,0,sadness,HHH,124,282,reviewer,0
qwen2.5-32b-awq,shared54,best,abc303_e,1,sadness,HHH,124,282,reviewer,0
qwen2.5-32b-awq,shared54,best,abc303_e,2,sadness,HHH,124,282,reviewer,0
qwen2.5-32b-awq,shared54,best,abc304_a,0,sadness,HHH,124,282,reviewer,0
qwen2.5-32b-awq,shared54,best,abc307_a,0,sadness,HHH,124,282,reviewer,0
qwen2.5-32b-awq,shared54,best,abc307_b,0,sadness,HHH,124,282,reviewer,0
qwen2.5-32b-awq,shared54,best,abc309_c,0,sadness,HHH,124,282,reviewer,0
qwen2.5-32b-awq,shared54,best,abc309_c,1,sadness,HHH,124,282,reviewer,0
qwen2.5-32b-awq,shared54,best,abc309_c,2,sadness,HHH,124,282,reviewer,0
qwen2.5-32b-awq,shared54,best,abc309_d,0,sadness,HHH,124,282,reviewer,0
qwen2.5-32b-awq,shared54,best,abc309_e,0,sadness,HHH,124,282,reviewer,0
qwen2.5-32b-awq,shared54,best,abc310_b,0,sadness,HHH,124,282,reviewer,0
qwen2.5-32b-awq,shared54,best,abc310_b,1,sadness,HHH,124,282,reviewer,1
qwen2.5-32b-awq,shared54,best,abc310_b,2,sadness,HHH,124,282,reviewer,0
qwen2.5-32b-awq,shared54,best,abc310_c,0,sadness,HHH,124,282,reviewer,0
qwen2.5-32b-awq,shared54,best,abc310_c,1,sadness,HHH,124,282,reviewer,0
qwen2.5-32b-awq,shared54,best,abc310_f,0,sadness,HHH,124,282,reviewer,0
qwen2.5-32b-awq,shared54,best,abc310_f,1,sadness,HHH,124,282,reviewer,0
qwen2.5-32b-awq,shared54,best,abc310_f,2,sadness,HHH,124,282,reviewer,0
qwen2.5-32b-awq,shared54,best,abc311_b,0,sadness,HHH,124,282,reviewer,0
qwen2.5-32b-awq,shared54,best,abc312_e,0,sadness,HHH,124,282,reviewer,0
qwen2.5-32b-awq,shared54,best,abc312_e,1,sadness,HHH,124,282,reviewer,0
qwen2.5-32b-awq,shared54,best,abc312_e,2,sadness,HHH,124,282,reviewer,0
qwen2.5-32b-awq,shared54,best,abc312_f,0,sadness,HHH,124,282,reviewer,0
qwen2.5-32b-awq,shared54,best,abc312_f,1,sadness,HHH,124,282,reviewer,1
qwen2.5-32b-awq,shared54,best,abc312_f,2,sadness,HHH,124,282,reviewer,1
qwen2.5-32b-awq,shared54,best,abc313_a,0,sadness,HHH,124,282,reviewer,0
qwen2.5-32b-awq,shared54,best,abc315_b,0,sadness,HHH,124,282,reviewer,0
qwen2.5-32b-awq,shared54,best,abc315_c,0,sadness,HHH,124,282,reviewer,1
qwen2.5-32b-awq,shared54,best,abc315_c,1,sadness,HHH,124,282,reviewer,0
qwen2.5-32b-awq,shared54,best,abc315_c,2,sadness,HHH,124,282,reviewer,1
qwen2.5-32b-awq,shared54,best,abc315_d,0,sadness,HHH,124,282,reviewer,0
qwen2.5-32b-awq,shared54,best,abc315_d,1,sadness,HHH,124,282,reviewer,0
qwen2.5-32b-awq,shared54,best,abc315_d,2,sadness,HHH,124,282,reviewer,1
qwen2.5-32b-awq,shared54,best,abc318_b,0,sadness,HHH,124,282,reviewer,0
qwen2.5-32b-awq,shared54,best,abc318_d,0,sadness,HHH,124,282,reviewer,0
qwen2.5-32b-awq,shared54,best,abc318_d,1,sadness,HHH,124,282,reviewer,0
qwen2.5-32b-awq,shared54,best,abc318_d,2,sadness,HHH,124,282,reviewer,0
qwen2.5-32b-awq,shared54,best,abc319_c,0,sadness,HHH,124,282,reviewer,0
qwen2.5-32b-awq,shared54,best,abc319_c,1,sadness,HHH,124,282,reviewer,0
qwen2.5-32b-awq,shared54,best,abc319_c,2,sadness,HHH,124,282,reviewer,0
qwen2.5-32b-awq,shared54,best,abc320_e,0,sadness,HHH,124,282,reviewer,1
qwen2.5-32b-awq,shared54,best,abc320_e,1,sadness,HHH,124,282,reviewer,0
qwen2.5-32b-awq,shared54,best,abc320_e,2,sadness,HHH,124,282,reviewer,0
qwen2.5-32b-awq,shared54,best,abc321_b,0,sadness,HHH,124,282,reviewer,0
qwen2.5-32b-awq,shared54,best,abc321_b,1,sadness,HHH,124,282,reviewer,0
qwen2.5-32b-awq,shared54,best,abc321_c,0,sadness,HHH,124,282,reviewer,0
qwen2.5-32b-awq,shared54,best,abc322_c,0,sadness,HHH,124,282,reviewer,0
qwen2.5-32b-awq,shared54,best,abc322_c,1,sadness,HHH,124,282,reviewer,1
qwen2.5-32b-awq,shared54,best,abc322_c,2,sadness,HHH,124,282,reviewer,0
qwen2.5-32b-awq,shared54,best,abc324_a,0,sadness,HHH,124,282,reviewer,0
qwen2.5-32b-awq,shared54,best,abc324_b,0,sadness,HHH,124,282,reviewer,0
qwen2.5-32b-awq,shared54,best,abc325_b,0,sadness,HHH,124,282,reviewer,0
qwen2.5-32b-awq,shared54,best,abc325_b,1,sadness,HHH,124,282,reviewer,1
qwen2.5-32b-awq,shared54,best,abc325_b,2,sadness,HHH,124,282,reviewer,1
qwen2.5-32b-awq,shared54,best,abc325_e,0,sadness,HHH,124,282,reviewer,0
qwen2.5-32b-awq,shared54,best,abc325_e,1,sadness,HHH,124,282,reviewer,0
qwen2.5-32b-awq,shared54,best,abc325_e,2,sadness,HHH,124,282,reviewer,0
qwen2.5-32b-awq,shared54,best,abc326_d,0,sadness,HHH,124,282,reviewer,1
qwen2.5-32b-awq,shared54,best,abc326_d,1,sadness,HHH,124,282,reviewer,0
qwen2.5-32b-awq,shared54,best,abc326_d,2,sadness,HHH,124,282,reviewer,1
qwen2.5-32b-awq,shared54,best,abc327_a,0,sadness,HHH,124,282,reviewer,0
qwen2.5-32b-awq,shared54,best,abc327_a,1,sadness,HHH,124,282,reviewer,0
qwen2.5-32b-awq,shared54,best,abc327_a,2,sadness,HHH,124,282,reviewer,0
qwen2.5-32b-awq,shared54,best,abc327_c,0,sadness,HHH,124,282,reviewer,0
qwen2.5-32b-awq,shared54,best,abc327_c,1,sadness,HHH,124,282,reviewer,0
qwen2.5-32b-awq,shared54,best,abc327_c,2,sadness,HHH,124,282,reviewer,0
qwen2.5-32b-awq,shared54,best,abc328_b,0,sadness,HHH,124,282,reviewer,0
qwen2.5-32b-awq,shared54,best,abc328_b,1,sadness,HHH,124,282,reviewer,0
qwen2.5-32b-awq,shared54,best,abc328_b,2,sadness,HHH,124,282,reviewer,0
qwen2.5-32b-awq,shared54,best,abc328_d,0,sadness,HHH,124,282,reviewer,0
qwen2.5-32b-awq,shared54,best,abc329_b,0,sadness,HHH,124,282,reviewer,0
qwen2.5-32b-awq,shared54,best,abc329_f,0,sadness,HHH,124,282,reviewer,0
qwen2.5-32b-awq,shared54,best,abc330_d,0,sadness,HHH,124,282,reviewer,0
qwen2.5-32b-awq,shared54,best,abc330_d,1,sadness,HHH,124,282,reviewer,0
qwen2.5-32b-awq,shared54,best,abc330_d,2,sadness,HHH,124,282,reviewer,0
qwen2.5-32b-awq,shared54,best,abc331_c,0,sadness,HHH,124,282,reviewer,0
qwen2.5-32b-awq,shared54,best,abc331_e,0,sadness,HHH,124,282,reviewer,0
qwen2.5-32b-awq,shared54,best,abc331_e,1,sadness,HHH,124,282,reviewer,0
qwen2.5-32b-awq,shared54,best,abc331_e,2,sadness,HHH,124,282,reviewer,0
qwen2.5-32b-awq,shared54,best,abc333_a,0,sadness,HHH,124,282,reviewer,0
qwen2.5-32b-awq,shared54,best,abc333_d,0,sadness,HHH,124,282,reviewer,0
qwen2.5-32b-awq,shared54,best,abc333_d,1,sadness,HHH,124,282,reviewer,0
qwen2.5-32b-awq,shared54,best,abc333_d,2,sadness,HHH,124,282,reviewer,0
qwen2.5-32b-awq,shared54,best,abc335_c,0,sadness,HHH,124,282,reviewer,0
qwen2.5-32b-awq,shared54,best,abc335_c,1,sadness,HHH,124,282,reviewer,0
qwen2.5-32b-awq,shared54,best,abc335_c,2,sadness,HHH,124,282,reviewer,1
qwen2.5-32b-awq,shared54,best,abc337_b,0,sadness,HHH,124,282,reviewer,0
qwen2.5-32b-awq,shared54,best,abc337_b,1,sadness,HHH,124,282,reviewer,1
qwen2.5-32b-awq,shared54,best,abc337_b,2,sadness,HHH,124,282,reviewer,0
qwen2.5-32b-awq,shared54,best,abc337_d,0,sadness,HHH,124,282,reviewer,0
qwen2.5-32b-awq,shared54,best,abc337_d,1,sadness,HHH,124,282,reviewer,0
qwen2.5-32b-awq,shared54,best,abc337_d,2,sadness,HHH,124,282,reviewer,0
qwen2.5-32b-awq,shared54,best,abc338_a,0,sadness,HHH,124,282,reviewer,0
qwen2.5-32b-awq,shared54,best,abc338_a,1,sadness,HHH,124,282,reviewer,0
qwen2.5-32b-awq,shared54,best,abc338_e,0,sadness,HHH,124,282,reviewer,0
qwen2.5-32b-awq,shared54,best,abc338_e,1,sadness,HHH,124,282,reviewer,0
qwen2.5-32b-awq,shared54,best,abc338_e,2,sadness,HHH,124,282,reviewer,1
qwen2.5-32b-awq,shared54,best,abc339_b,0,sadness,HHH,124,282,reviewer,0
qwen2.5-32b-awq,shared54,best,abc339_d,0,sadness,HHH,124,282,reviewer,1
qwen2.5-32b-awq,shared54,best,abc339_d,1,sadness,HHH,124,282,reviewer,0
qwen2.5-32b-awq,shared54,best,abc339_d,2,sadness,HHH,124,282,reviewer,1
qwen2.5-32b-awq,shared54,best,abc340_d,0,sadness,HHH,124,282,reviewer,0
qwen2.5-32b-awq,shared54,best,abc341_b,0,sadness,HHH,124,282,reviewer,1
qwen2.5-32b-awq,shared54,best,abc341_b,1,sadness,HHH,124,282,reviewer,0
qwen2.5-32b-awq,shared54,best,abc341_c,0,sadness,HHH,124,282,reviewer,0
qwen2.5-32b-awq,shared54,best,abc341_d,0,sadness,HHH,124,282,reviewer,0
qwen2.5-32b-awq,shared54,best,abc341_f,0,sadness,HHH,124,282,reviewer,0
qwen2.5-32b-awq,shared54,best,abc341_f,1,sadness,HHH,124,282,reviewer,1
qwen2.5-32b-awq,shared54,best,abc341_f,2,sadness,HHH,124,282,reviewer,0
qwen2.5-32b-awq,shared54,best,abc342_a,0,sadness,HHH,124,282,reviewer,0
qwen2.5-32b-awq,shared54,best,abc342_a,1,sadness,HHH,124,282,reviewer,0
qwen2.5-32b-awq,shared54,best,abc342_a,2,sadness,HHH,124,282,reviewer,0
qwen2.5-32b-awq,shared54,best,abc342_b,0,sadness,HHH,124,282,reviewer,0
qwen2.5-32b-awq,shared54,best,abc342_d,0,sadness,HHH,124,282,reviewer,0
qwen2.5-32b-awq,shared54,best,abc342_d,1,sadness,HHH,124,282,reviewer,1
qwen2.5-32b-awq,shared54,best,abc342_d,2,sadness,HHH,124,282,reviewer,0
qwen2.5-32b-awq,shared54,best,abc343_d,0,sadness,HHH,124,282,reviewer,0
qwen2.5-32b-awq,shared54,best,abc343_d,1,sadness,HHH,124,282,reviewer,0
qwen2.5-32b-awq,shared54,best,abc343_d,2,sadness,HHH,124,282,reviewer,0
qwen2.5-32b-awq,shared54,best,abc345_b,0,sadness,HHH,124,282,reviewer,0
qwen2.5-32b-awq,shared54,best,abc345_b,1,sadness,HHH,124,282,reviewer,0
qwen2.5-32b-awq,shared54,best,abc345_d,0,sadness,HHH,124,282,reviewer,0
qwen2.5-32b-awq,shared54,best,abc345_d,1,sadness,HHH,124,282,reviewer,0
qwen2.5-32b-awq,shared54,best,abc346_b,0,sadness,HHH,124,282,reviewer,0
qwen2.5-32b-awq,shared54,best,abc346_b,1,sadness,HHH,124,282,reviewer,0
qwen2.5-32b-awq,shared54,best,abc346_b,2,sadness,HHH,124,282,reviewer,1
qwen2.5-32b-awq,shared54,best,abc347_a,0,sadness,HHH,124,282,reviewer,0
qwen2.5-32b-awq,shared54,best,abc348_a,0,sadness,HHH,124,282,reviewer,0
qwen2.5-32b-awq,shared54,best,abc348_c,0,sadness,HHH,124,282,reviewer,0
qwen2.5-32b-awq,shared54,best,abc349_c,0,sadness,HHH,124,282,reviewer,0
qwen2.5-32b-awq,shared54,best,abc349_d,0,sadness,HHH,124,282,reviewer,0
qwen2.5-32b-awq,shared54,best,abc349_d,1,sadness,HHH,124,282,reviewer,0
qwen2.5-32b-awq,shared54,best,abc349_d,2,sadness,HHH,124,282,reviewer,0
qwen2.5-32b-awq,shared54,best,abc349_e,0,sadness,HHH,124,282,reviewer,1
qwen2.5-32b-awq,shared54,best,abc349_e,1,sadness,HHH,124,282,reviewer,0
qwen2.5-32b-awq,shared54,best,abc349_e,2,sadness,HHH,124,282,reviewer,0
qwen2.5-32b-awq,shared54,best,abc351_a,0,sadness,HHH,124,282,reviewer,0
qwen2.5-32b-awq,shared54,best,abc351_a,1,sadness,HHH,124,282,reviewer,0
qwen2.5-32b-awq,shared54,best,abc352_b,0,sadness,HHH,124,282,reviewer,0
qwen2.5-32b-awq,shared54,best,abc352_e,0,sadness,HHH,124,282,reviewer,0
qwen2.5-32b-awq,shared54,best,abc352_e,1,sadness,HHH,124,282,reviewer,0
qwen2.5-32b-awq,shared54,best,abc353_a,0,sadness,HHH,124,282,reviewer,0
qwen2.5-32b-awq,shared54,best,abc354_a,0,sadness,HHH,124,282,reviewer,0
qwen2.5-32b-awq,shared54,best,abc354_a,1,sadness,HHH,124,282,reviewer,0
qwen2.5-32b-awq,shared54,best,abc354_a,2,sadness,HHH,124,282,reviewer,0
qwen2.5-32b-awq,shared54,best,abc354_b,0,sadness,HHH,124,282,reviewer,0
qwen2.5-32b-awq,shared54,best,abc354_c,0,sadness,HHH,124,282,reviewer,0
qwen2.5-32b-awq,shared54,best,abc354_d,0,sadness,HHH,124,282,reviewer,0
qwen2.5-32b-awq,shared54,best,abc354_d,1,sadness,HHH,124,282,reviewer,0
qwen2.5-32b-awq,shared54,best,abc354_d,2,sadness,HHH,124,282,reviewer,0
qwen2.5-32b-awq,shared54,best,abc355_c,0,sadness,HHH,124,282,reviewer,0
qwen2.5-32b-awq,shared54,best,abc355_d,0,sadness,HHH,124,282,reviewer,0
qwen2.5-32b-awq,shared54,best,abc355_d,1,sadness,HHH,124,282,reviewer,0
qwen2.5-32b-awq,shared54,best,abc355_e,0,sadness,HHH,124,282,reviewer,0
qwen2.5-32b-awq,shared54,best,abc355_e,1,sadness,HHH,124,282,reviewer,1
qwen2.5-32b-awq,shared54,best,abc355_e,2,sadness,HHH,124,282,reviewer,0
qwen2.5-32b-awq,shared54,best,abc356_e,0,sadness,HHH,124,282,reviewer,0
qwen2.5-32b-awq,shared54,best,abc356_e,1,sadness,HHH,124,282,reviewer,0
qwen2.5-32b-awq,shared54,best,abc356_e,2,sadness,HHH,124,282,reviewer,0
qwen2.5-32b-awq,shared54,best,abc358_a,0,sadness,HHH,124,282,reviewer,0
qwen2.5-32b-awq,shared54,best,abc359_d,0,sadness,HHH,124,282,reviewer,0
qwen2.5-32b-awq,shared54,best,abc359_d,1,sadness,HHH,124,282,reviewer,0
qwen2.5-32b-awq,shared54,best,abc359_d,2,sadness,HHH,124,282,reviewer,0
qwen2.5-32b-awq,shared54,best,abc360_a,0,sadness,HHH,124,282,reviewer,0
qwen2.5-32b-awq,shared54,best,abc360_a,1,sadness,HHH,124,282,reviewer,0
qwen2.5-32b-awq,shared54,best,abc360_a,2,sadness,HHH,124,282,reviewer,0
qwen2.5-32b-awq,shared54,best,abc360_b,0,sadness,HHH,124,282,reviewer,0
qwen2.5-32b-awq,shared54,best,abc360_c,0,sadness,HHH,124,282,reviewer,0
qwen2.5-32b-awq,shared54,best,abc360_e,0,sadness,HHH,124,282,reviewer,0
qwen2.5-32b-awq,shared54,best,abc360_e,1,sadness,HHH,124,282,reviewer,0
qwen2.5-32b-awq,shared54,best,abc360_e,2,sadness,HHH,124,282,reviewer,0
qwen2.5-32b-awq,shared54,best,abc363_e,0,sadness,HHH,124,282,reviewer,1
qwen2.5-32b-awq,shared54,best,abc363_e,1,sadness,HHH,124,282,reviewer,0
qwen2.5-32b-awq,shared54,best,abc364_f,0,sadness,HHH,124,282,reviewer,0
qwen2.5-32b-awq,shared54,best,abc364_f,1,sadness,HHH,124,282,reviewer,0
qwen2.5-32b-awq,shared54,best,abc364_f,2,sadness,HHH,124,282,reviewer,0
qwen2.5-32b-awq,shared54,best,abc365_c,0,sadness,HHH,124,282,reviewer,0
qwen2.5-32b-awq,shared54,best,abc365_d,0,sadness,HHH,124,282,reviewer,0
qwen2.5-32b-awq,shared54,best,abc365_d,1,sadness,HHH,124,282,reviewer,0
qwen2.5-32b-awq,shared54,best,abc365_d,2,sadness,HHH,124,282,reviewer,0
qwen2.5-32b-awq,shared54,best,abc366_a,0,sadness,HHH,124,282,reviewer,0
qwen2.5-32b-awq,shared54,best,abc366_c,0,sadness,HHH,124,282,reviewer,0
qwen2.5-32b-awq,shared54,best,abc366_f,0,sadness,HHH,124,282,reviewer,0
qwen2.5-32b-awq,shared54,best,abc366_g,0,sadness,HHH,124,282,reviewer,1
qwen2.5-32b-awq,shared54,best,abc366_g,1,sadness,HHH,124,282,reviewer,0
qwen2.5-32b-awq,shared54,best,abc366_g,2,sadness,HHH,124,282,reviewer,1
qwen2.5-32b-awq,shared54,best,abc367_a,0,sadness,HHH,124,282,reviewer,0
qwen2.5-32b-awq,shared54,best,abc367_e,0,sadness,HHH,124,282,reviewer,0
qwen2.5-32b-awq,shared54,best,abc367_e,1,sadness,HHH,124,282,reviewer,0
qwen2.5-32b-awq,shared54,best,abc367_e,2,sadness,HHH,124,282,reviewer,0
qwen2.5-32b-awq,shared54,best,abc368_c,0,sadness,HHH,124,282,reviewer,0
qwen2.5-32b-awq,shared54,best,abc368_c,1,sadness,HHH,124,282,reviewer,0
qwen2.5-32b-awq,shared54,best,abc368_c,2,sadness,HHH,124,282,reviewer,0
qwen2.5-32b-awq,shared54,best,abc369_b,0,sadness,HHH,124,282,reviewer,0
qwen2.5-32b-awq,shared54,best,abc369_c,0,sadness,HHH,124,282,reviewer,0
qwen2.5-32b-awq,shared54,best,abc369_c,1,sadness,HHH,124,282,reviewer,0
qwen2.5-32b-awq,shared54,best,abc369_c,2,sadness,HHH,124,282,reviewer,1
qwen2.5-32b-awq,shared54,best,abc370_a,0,sadness,HHH,124,282,reviewer,1
qwen2.5-32b-awq,shared54,best,abc370_a,1,sadness,HHH,124,282,reviewer,0
qwen2.5-32b-awq,shared54,best,abc370_b,0,sadness,HHH,124,282,reviewer,0
qwen2.5-32b-awq,shared54,best,abc370_b,1,sadness,HHH,124,282,reviewer,0
qwen2.5-32b-awq,shared54,best,abc370_b,2,sadness,HHH,124,282,reviewer,0
qwen2.5-32b-awq,shared54,best,abc371_d,0,sadness,HHH,124,282,reviewer,0
qwen2.5-32b-awq,shared54,best,abc371_f,0,sadness,HHH,124,282,reviewer,1
qwen2.5-32b-awq,shared54,best,abc371_f,1,sadness,HHH,124,282,reviewer,0
qwen2.5-32b-awq,shared54,best,abc371_f,2,sadness,HHH,124,282,reviewer,1
qwen2.5-32b-awq,shared54,best,abc372_d,0,sadness,HHH,124,282,reviewer,1
qwen2.5-32b-awq,shared54,best,abc372_d,1,sadness,HHH,124,282,reviewer,0
qwen2.5-32b-awq,shared54,best,abc372_d,2,sadness,HHH,124,282,reviewer,1
qwen2.5-32b-awq,shared54,best,abc373_e,0,sadness,HHH,124,282,reviewer,0
qwen2.5-32b-awq,shared54,best,abc373_e,1,sadness,HHH,124,282,reviewer,0
qwen2.5-32b-awq,shared54,best,abc373_e,2,sadness,HHH,124,282,reviewer,0
qwen2.5-32b-awq,shared54,best,abc374_g,0,sadness,HHH,124,282,reviewer,0
qwen2.5-32b-awq,shared54,best,abc374_g,1,sadness,HHH,124,282,reviewer,0
qwen2.5-32b-awq,shared54,best,abc374_g,2,sadness,HHH,124,282,reviewer,0
qwen2.5-32b-awq,shared54,best,abc375_b,0,sadness,HHH,124,282,reviewer,0
qwen2.5-32b-awq,shared54,best,abc375_b,1,sadness,HHH,124,282,reviewer,0
qwen2.5-32b-awq,shared54,best,abc375_b,2,sadness,HHH,124,282,reviewer,0
qwen2.5-32b-awq,shared54,best,abc375_d,0,sadness,HHH,124,282,reviewer,0
qwen2.5-32b-awq,shared54,best,abc375_d,1,sadness,HHH,124,282,reviewer,0
qwen2.5-32b-awq,shared54,best,abc375_d,2,sadness,HHH,124,282,reviewer,0
qwen2.5-32b-awq,shared54,best,abc376_e,0,sadness,HHH,124,282,reviewer,0
qwen2.5-32b-awq,shared54,best,abc376_e,1,sadness,HHH,124,282,reviewer,0
qwen2.5-32b-awq,shared54,best,abc376_e,2,sadness,HHH,124,282,reviewer,0
qwen2.5-32b-awq,shared54,best,abc376_f,0,sadness,HHH,124,282,reviewer,0
qwen2.5-32b-awq,shared54,best,abc377_b,0,sadness,HHH,124,282,reviewer,1
qwen2.5-32b-awq,shared54,best,abc377_b,1,sadness,HHH,124,282,reviewer,0
qwen2.5-32b-awq,shared54,best,abc377_c,0,sadness,HHH,124,282,reviewer,0
qwen2.5-32b-awq,shared54,best,abc377_c,1,sadness,HHH,124,282,reviewer,1
qwen2.5-32b-awq,shared54,best,abc377_c,2,sadness,HHH,124,282,reviewer,0
qwen2.5-32b-awq,shared54,best,abc377_e,0,sadness,HHH,124,282,reviewer,0
qwen2.5-32b-awq,shared54,best,abc377_e,1,sadness,HHH,124,282,reviewer,0
qwen2.5-32b-awq,shared54,best,abc377_e,2,sadness,HHH,124,282,reviewer,0
qwen2.5-32b-awq,shared54,best,abc379_a,0,sadness,HHH,124,282,reviewer,0
qwen2.5-32b-awq,shared54,best,abc379_d,0,sadness,HHH,124,282,reviewer,0
qwen2.5-32b-awq,shared54,best,abc379_d,1,sadness,HHH,124,282,reviewer,1
qwen2.5-32b-awq,shared54,best,abc379_d,2,sadness,HHH,124,282,reviewer,0
qwen2.5-32b-awq,shared54,best,abc379_g,0,sadness,HHH,124,282,reviewer,1
qwen2.5-32b-awq,shared54,best,abc379_g,1,sadness,HHH,124,282,reviewer,1
qwen2.5-32b-awq,shared54,best,abc379_g,2,sadness,HHH,124,282,reviewer,1
qwen2.5-32b-awq,shared54,best,abc380_b,0,sadness,HHH,124,282,reviewer,0
qwen2.5-32b-awq,shared54,best,abc380_d,0,sadness,HHH,124,282,reviewer,0
qwen2.5-32b-awq,shared54,best,abc380_d,1,sadness,HHH,124,282,reviewer,0
qwen2.5-32b-awq,shared54,best,abc380_d,2,sadness,HHH,124,282,reviewer,0
qwen2.5-32b-awq,shared54,best,abc381_a,0,sadness,HHH,124,282,reviewer,0
qwen2.5-32b-awq,shared54,best,abc382_b,0,sadness,HHH,124,282,reviewer,1
qwen2.5-32b-awq,shared54,best,abc382_b,1,sadness,HHH,124,282,reviewer,0
qwen2.5-32b-awq,shared54,best,abc383_e,0,sadness,HHH,124,282,reviewer,0
qwen2.5-32b-awq,shared54,best,abc383_e,1,sadness,HHH,124,282,reviewer,1
qwen2.5-32b-awq,shared54,best,abc383_e,2,sadness,HHH,124,282,reviewer,1
qwen2.5-32b-awq,shared54,best,abc385_d,0,sadness,HHH,124,282,reviewer,0
qwen2.5-32b-awq,shared54,best,abc385_d,1,sadness,HHH,124,282,reviewer,0
qwen2.5-32b-awq,shared54,best,abc385_d,2,sadness,HHH,124,282,reviewer,0
qwen2.5-32b-awq,shared54,best,abc386_b,0,sadness,HHH,124,282,reviewer,0
qwen2.5-32b-awq,shared54,best,abc386_c,0,sadness,HHH,124,282,reviewer,0
qwen2.5-32b-awq,shared54,best,abc387_c,0,sadness,HHH,124,282,reviewer,0
qwen2.5-32b-awq,shared54,best,abc387_c,1,sadness,HHH,124,282,reviewer,0
qwen2.5-32b-awq,shared54,best,abc387_c,2,sadness,HHH,124,282,reviewer,0
qwen2.5-32b-awq,shared54,best,abc388_f,0,sadness,HHH,124,282,reviewer,1
qwen2.5-32b-awq,shared54,best,abc388_f,1,sadness,HHH,124,282,reviewer,1
qwen2.5-32b-awq,shared54,best,abc388_f,2,sadness,HHH,124,282,reviewer,0
qwen2.5-32b-awq,shared54,best,abc389_a,0,sadness,HHH,124,282,reviewer,0
qwen2.5-32b-awq,shared54,best,abc389_a,1,sadness,HHH,124,282,reviewer,0
qwen2.5-32b-awq,shared54,best,abc389_d,0,sadness,HHH,124,282,reviewer,0
qwen2.5-32b-awq,shared54,best,abc389_d,1,sadness,HHH,124,282,reviewer,0
qwen2.5-32b-awq,shared54,best,abc391_a,0,sadness,HHH,124,282,reviewer,0
qwen2.5-32b-awq,shared54,best,abc391_a,1,sadness,HHH,124,282,reviewer,0
qwen2.5-32b-awq,shared54,best,abc391_a,2,sadness,HHH,124,282,reviewer,0
qwen2.5-32b-awq,shared54,best,abc391_f,0,sadness,HHH,124,282,reviewer,0
qwen2.5-32b-awq,shared54,best,abc391_f,1,sadness,HHH,124,282,reviewer,0
qwen2.5-32b-awq,shared54,best,abc392_b,0,sadness,HHH,124,282,reviewer,0
qwen2.5-32b-awq,shared54,best,abc392_f,0,sadness,HHH,124,282,reviewer,0
qwen2.5-32b-awq,shared54,best,abc392_f,1,sadness,HHH,124,282,reviewer,0
qwen2.5-32b-awq,shared54,best,abc392_f,2,sadness,HHH,124,282,reviewer,0
qwen2.5-32b-awq,shared54,best,abc392_g,0,sadness,HHH,124,282,reviewer,0
qwen2.5-32b-awq,shared54,best,abc392_g,1,sadness,HHH,124,282,reviewer,0
qwen2.5-32b-awq,shared54,best,abc392_g,2,sadness,HHH,124,282,reviewer,0
qwen2.5-32b-awq,shared54,best,abc393_e,0,sadness,HHH,124,282,reviewer,0
qwen2.5-32b-awq,shared54,best,abc393_f,0,sadness,HHH,124,282,reviewer,1
qwen2.5-32b-awq,shared54,best,abc393_f,1,sadness,HHH,124,282,reviewer,0
qwen2.5-32b-awq,shared54,best,abc393_f,2,sadness,HHH,124,282,reviewer,1
qwen2.5-32b-awq,shared54,best,abc394_a,0,sadness,HHH,124,282,reviewer,0
qwen2.5-32b-awq,shared54,best,abc394_b,0,sadness,HHH,124,282,reviewer,0
qwen2.5-32b-awq,shared54,best,abc394_e,0,sadness,HHH,124,282,reviewer,0
qwen2.5-32b-awq,shared54,best,abc394_e,1,sadness,HHH,124,282,reviewer,0
qwen2.5-32b-awq,shared54,best,abc394_e,2,sadness,HHH,124,282,reviewer,0
qwen2.5-32b-awq,shared54,best,abc396_a,0,sadness,HHH,124,282,reviewer,0
qwen2.5-32b-awq,shared54,best,abc396_e,0,sadness,HHH,124,282,reviewer,0
qwen2.5-32b-awq,shared54,best,abc396_e,1,sadness,HHH,124,282,reviewer,0
qwen2.5-32b-awq,shared54,best,abc396_e,2,sadness,HHH,124,282,reviewer,0
qwen2.5-32b-awq,shared54,best,abc399_c,0,sadness,HHH,124,282,reviewer,0
qwen2.5-32b-awq,shared54,best,abc400_e,0,sadness,HHH,124,282,reviewer,1
qwen2.5-32b-awq,shared54,best,abc400_e,1,sadness,HHH,124,282,reviewer,0
qwen2.5-32b-awq,shared54,best,abc400_e,2,sadness,HHH,124,282,reviewer,0
qwen2.5-32b-awq,shared54,best,arc181_b,0,sadness,HHH,124,282,reviewer,1
qwen2.5-32b-awq,shared54,best,arc181_b,1,sadness,HHH,124,282,reviewer,1
qwen2.5-32b-awq,shared54,best,arc181_b,2,sadness,HHH,124,282,reviewer,0
qwen2.5-32b-awq,shared54,best,arc181_c,0,sadness,HHH,124,282,reviewer,0
qwen2.5-32b-awq,shared54,best,arc181_c,1,sadness,HHH,124,282,reviewer,0
qwen2.5-32b-awq,shared54,best,arc181_c,2,sadness,HHH,124,282,reviewer,0
qwen2.5-32b-awq,shared54,best,arc182_c,0,sadness,HHH,124,282,reviewer,0
qwen2.5-32b-awq,shared54,best,arc182_c,1,sadness,HHH,124,282,reviewer,1
qwen2.5-32b-awq,shared54,best,arc182_c,2,sadness,HHH,124,282,reviewer,0
qwen2.5-32b-awq,shared54,best,arc183_d,0,sadness,HHH,124,282,reviewer,1
qwen2.5-32b-awq,shared54,best,arc183_d,1,sadness,HHH,124,282,reviewer,1
qwen2.5-32b-awq,shared54,best,arc183_d,2,sadness,HHH,124,282,reviewer,0
qwen2.5-32b-awq,shared54,best,arc185_e,0,sadness,HHH,124,282,reviewer,1
qwen2.5-32b-awq,shared54,best,arc185_e,1,sadness,HHH,124,282,reviewer,0
qwen2.5-32b-awq,shared54,best,arc185_e,2,sadness,HHH,124,282,reviewer,0
qwen2.5-32b-awq,shared54,best,arc186_b,0,sadness,HHH,124,282,reviewer,1
qwen2.5-32b-awq,shared54,best,arc186_b,1,sadness,HHH,124,282,reviewer,1
qwen2.5-32b-awq,shared54,best,arc186_b,2,sadness,HHH,124,282,reviewer,0
qwen2.5-32b-awq,shared54,best,arc186_c,0,sadness,HHH,124,282,reviewer,0
qwen2.5-32b-awq,shared54,best,arc186_c,1,sadness,HHH,124,282,reviewer,0
qwen2.5-32b-awq,shared54,best,arc186_c,2,sadness,HHH,124,282,reviewer,0
qwen2.5-32b-awq,shared54,best,arc188_d,0,sadness,HHH,124,282,reviewer,0
qwen2.5-32b-awq,shared54,best,arc188_d,1,sadness,HHH,124,282,reviewer,0
qwen2.5-32b-awq,shared54,best,arc188_d,2,sadness,HHH,124,282,reviewer,0
qwen2.5-32b-awq,shared54,best,arc189_c,0,sadness,HHH,124,282,reviewer,1
qwen2.5-32b-awq,shared54,best,arc189_c,1,sadness,HHH,124,282,reviewer,1
qwen2.5-32b-awq,shared54,best,arc189_c,2,sadness,HHH,124,282,reviewer,1
qwen2.5-32b-awq,shared54,best,arc189_d,0,sadness,HHH,124,282,reviewer,1
qwen2.5-32b-awq,shared54,best,arc189_d,1,sadness,HHH,124,282,reviewer,1
qwen2.5-32b-awq,shared54,best,arc189_d,2,sadness,HHH,124,282,reviewer,1
qwen2.5-32b-awq,shared54,best,arc190_a,0,sadness,HHH,124,282,reviewer,1
qwen2.5-32b-awq,shared54,best,arc190_a,1,sadness,HHH,124,282,reviewer,0
qwen2.5-32b-awq,shared54,best,arc190_a,2,sadness,HHH,124,282,reviewer,0
qwen2.5-32b-awq,shared54,best,arc190_c,0,sadness,HHH,124,282,reviewer,0
qwen2.5-32b-awq,shared54,best,arc190_c,1,sadness,HHH,124,282,reviewer,0
qwen2.5-32b-awq,shared54,best,arc190_c,2,sadness,HHH,124,282,reviewer,0
qwen2.5-32b-awq,shared54,best,arc191_a,0,sadness,HHH,124,282,reviewer,0
qwen2.5-32b-awq,shared54,best,arc191_a,1,sadness,HHH,124,282,reviewer,0
qwen2.5-32b-awq,shared54,best,arc191_a,2,sadness,HHH,124,282,reviewer,1
qwen2.5-32b-awq,shared54,best,arc192_a,0,sadness,HHH,124,282,reviewer,0
qwen2.5-32b-awq,shared54,best,arc192_a,1,sadness,HHH,124,282,reviewer,0
qwen2.5-32b-awq,shared54,best,arc192_a,2,sadness,HHH,124,282,reviewer,0
qwen2.5-32b-awq,shared54,best,arc193_a,0,sadness,HHH,124,282,reviewer,0
qwen2.5-32b-awq,shared54,best,arc193_b,0,sadness,HHH,124,282,reviewer,0
qwen2.5-32b-awq,shared54,best,arc193_b,1,sadness,HHH,124,282,reviewer,0
qwen2.5-32b-awq,shared54,best,arc193_b,2,sadness,HHH,124,282,reviewer,0
qwen2.5-32b-awq,shared54,best,arc194_a,0,sadness,HHH,124,282,reviewer,1
qwen2.5-32b-awq,shared54,best,arc194_a,1,sadness,HHH,124,282,reviewer,1
qwen2.5-32b-awq,shared54,best,arc194_a,2,sadness,HHH,124,282,reviewer,1
qwen2.5-32b-awq,shared54,best,arc194_b,0,sadness,HHH,124,282,reviewer,0
qwen2.5-32b-awq,shared54,best,arc194_b,1,sadness,HHH,124,282,reviewer,0
qwen2.5-32b-awq,shared54,best,arc194_b,2,sadness,HHH,124,282,reviewer,0
qwen2.5-32b-awq,shared54,best,arc195_c,0,sadness,HHH,124,282,reviewer,1
qwen2.5-32b-awq,shared54,best,arc195_c,1,sadness,HHH,124,282,reviewer,1
qwen2.5-32b-awq,shared54,best,arc195_c,2,sadness,HHH,124,282,reviewer,1
qwen2.5-32b-awq,shared54,best,arc195_d,0,sadness,HHH,124,282,reviewer,0
qwen2.5-32b-awq,shared54,best,arc195_d,1,sadness,HHH,124,282,reviewer,0
qwen2.5-32b-awq,shared54,best,arc195_d,2,sadness,HHH,124,282,reviewer,0
